{
  "name" : "acm_10.1145##2621934.2621936.pdf",
  "metadata" : {
    "source" : "CRF",
    "title" : "MapGraph: A High Level API for Fast Development of High Performance Graph Analytics on GPUs",
    "authors" : [ "Zhisong Fu", "Michael Personick", "Bryan Thompson" ],
    "emails" : [ "fuzhisong@systap.com", "Permissions@acm.org." ],
    "sections" : [ {
      "heading" : null,
      "text" : "We present MapGraph, a high performance parallel graph programming framework that delivers up to 3 billion Traversed Edges Per Second (TEPS) on a GPU. MapGraph provides a high-level abstraction that makes it easy to write graph programs and obtain good parallel speedups on GPUs. To deliver high performance, MapGraph dynamically chooses among different scheduling strategies depending on the size of the frontier and the size of the adjacency lists for the vertices in the frontier. In addition, a Structure Of Arrays (SOA) pattern is used to ensure coalesced memory access. Our experiments show that, for many graph analytics algorithms, an implementation, with our abstraction, is up to two orders of magnitude faster than a parallel CPU implementation and is comparable to state-of-the-art, manually optimized GPU implementations. In addition, with our abstraction, new graph analytics can be developed with relatively little effort.\nKeywords Graph analytics, GPU, high-level API"
    }, {
      "heading" : "1. INTRODUCTION",
      "text" : "The rapid advancement of many-core processors, in particular graphical processing units (GPUs), has sparked a broad interest in developing high performance graph analytics programs on these architectures, thanks to their low cost, high memory bandwidth and high computing capacity. With appropriate optimization, modern GPUs demonstrate very strong computational performance, comparable to supercomputers of just a few years ago.\nHowever, scalable data-parallel graph processing on manycore hardware is a fundamentally hard problem that goes beyond the current state of the art. The single instruction multiple thread (SIMT) architecture [12] used in GPUs places particular constraints on both the design and implementation of algorithms and data structures, making the development on GPUs difficult, error prone, and inefficient.\nWriting a correct and efficient GPU program is challenging. This is especially true for parallel graph algorithms. This is because: (a) these algorithms are data intensive, and hence memory efficiency is very important; (b) graphs are typically stored in irregular data structures; (c) graph operations have irregular data access patterns that are particularly inefficient on GPUs. and (d) different graph algorithms and data sets can impose very different workloads.\nWe present MapGraph, a programming framework for high performance parallel graph algorithms on the GPU (This an open source project, and the source code can be downloaded at http://sourceforge.net/projects/mpgraph/). The proposed framework provides a simple and flexible API that makes it easy to implement a wide range of graph algorithms. This API encapsulates the complexity of the GPU architecture while permitting the MapGraph CUDA kernels to make dynamic runtime decisions among a variety of optimization strategies. In our experiments, MapGraph delivers performance that is comparable to manually tuned GPU graph analytics implementations.\nThe remainder of this paper is organized as follows. In Section 2 we describe related work from the literature. In Section 3 we introduce the modified Gather-Apply-Scatter (GAS) abstraction [9] used in MapGraph. In Section 4 we discuss implementation details and data structures. In Section 5 we study the proposed platform using both synthetic and real-world graphs to measure performance. In Section 6 we summarize the results and discuss future research directions."
    }, {
      "heading" : "2. RELATED WORK",
      "text" : "Several methods and software packages have been introduced in the literature to develop scalable, high performance\nparallel graph algorithms on many-core architectures. There are three approaches that are typically put forward: (1) lowlevel approaches that are optimized for specific algorithms, and which often use an algorithm that is intrinsically more efficient; (2) high-level abstractions that make it possible to write many algorithms using the same APIs; and (3) Domain Specific Languages with translation rules that target a specific hardware or software architecture.\nMerrill et al. [11] developed the first low-level, work efficient implementation of BFS on GPUs, proposed adaptive strategies for assigning Threads, Warps, and CTAs to vertices and edges, and optimized frontier expansion using various heuristics to trade off time and space and obtain high throughput for algorithms with dynamic frontiers. The authors of [5] present a cost-efficient GPU-based PageRank implementation that achieves a 10-20× speedup compared to a quadcore CPU implementation. Other low-level approaches for efficient parallel graph algorithms are proposed in [4, 13]. While these approaches achieve high efficiency, they force users to address hardware issues, the challenges of parallel computations and data representations, and fail to offer a reusable and general purpose framework for writing parallel graph algorithms. The performance gain is achieved at the cost of programming complexity and generality. Further, users are often required to revisit or reinvent low-level optimizations for each new algorithm.\nTo address these issues, several high-level abstractions are proposed in the literature. Gharaibeh et al. [1] present Totem, a processing engine that provides a convenient environment to implement graph algorithms on hybrid platforms (CPU and GPU). This processing engine places low-degree vertices on the CPU and places high-degree vertices on the GPU. This improves overall performance if the graphs have a power-law vertex degree distribution. This work also defines a performance model for hybrid CPU/GPU graph processing and tests that model with up to two GPUs using random edge cuts.\nZhong et al. introduce Medusa [15], a GPU-based programming framework for parallel graph algorithms. Medusa helps developers leverage the capabilities of GPUs by writing sequential C/C++ code. Medusa offers a small set of userdefined APIs, and embraces a runtime system to automatically execute those APIs in parallel on the GPU. The authors develop a series of graph-centric optimizations based on the architecture features of the GPU. While Totem and Medusa present high-level abstractions for graph processing on GPUs, their performance is not comparable to the state of the art low-level GPU implementations.\nIn [9], the authors introduce GraphLab, a machine learning and graph programming framework based on the GatherApply-Scatter (GAS) model. GraphLab compactly expresses asynchronous iterative algorithms with sparse computational dependencies, ensures data consistency, and achieves a good performance on CPU architectures when compared with similar CPU graph processing platforms. In [14], the authors examine parallel graph algorithms on the CPU, compare their approach with GraphLab, and note that graph algorithms quickly become memory bound, thus limiting throughput. Our experiments have shown that GraphLab often experi-\nences negative scaling as the number of CPU cores is increased.\nAnother approach that aims to solve the programability issue is Domain Specific Languages (DSL). Hong et al. introduce a DSL for easy and efficient graph analysis in [8] that they call Green-Marl. However, Green-Marl is focused on efficiency for coarse-grained parallelism systems (CPUs), and its optimization strategies are not amenable to many-core systems (GPUs) and fail to demonstrate performance on parallel graph algorithms approaching that of low-level GPU implementations. Modern DSLs generate thread assignment decisions through a static analysis of the user’s program. However, data-dependent parallelism on GPUs (assigning threads to vertices based on the number of edges) requires deferring the thread assignment until runtime against a specific graph. Therefore, in order to achieve high performance, DSLs may need to target efficient runtimes, such as the one proposed here."
    }, {
      "heading" : "3. GAS ABSTRACTION",
      "text" : "The GAS model [7] presents a vertex-centric abstraction similar to Pregel [10]. The input to a GAS program is a directed graph G(V,E), where V denotes the vertex set and E denotes the directed edge set. Each vertex is uniquely identified by an integer vertex index, denoted vi, and vi ∈ V . A directed edge is associated with a source vertex index vi and a target vertex index vj and is denoted eij . Typically, each vertex and edge is associated with user defined data, that we call the vertex value and edge value respectively. An edge eij is called an in-edge of vj and an out-edge of vi. We call vi an in-edge neighbor of vj and vj an out-edge neighbor of vi if there is an edge eij .\nA typical GAS computation consists of three stages: the data preparation stage, the iteration stage, the output stage. The data preparation stage initializes the graph, the vertex and edge values, and the initial frontier for the computation (the frontier is the set of vertices that are active in a given iteration). The iteration stage consists of a sequence of iterations that update the vertex values and edges values until the algorithm terminates. Each iteration updates vertices that are in the current frontier and defines the frontier for the next iteration. The output stage extracts the desired data.\nEach GAS iteration consists of three conceptual execution phases: Gather, Apply, and Scatter. The Gather phase assembles information from adjacent edges and vertices through a generalized sum over the neighborhood of the central vertex (Figure 1 left). It may read on the in-edges, the outedges, or both. The Apply phase acts on each vertex in the current frontier and updates the value of this vertex (Figure 1 middle). The Scatter phase distributes messages to the adjacent edges and vertices of the central vertex, and may operate on the in-edges, the out-edges, or both (Figure 1 right).\nA large number of interesting algorithms can be implemented with this abstraction. For instance, the PageRank algorithm can be implemented with the GAS model as follows. In the Gather phase, each vertex vi in the frontier computes φj = rj\nNout j\nfor all in-edges with source vertex vj ,\nwhere rj denotes the rank of vj , and N out j denotes the number of out-edges of vj . Then, each vertex sums up all φj : φi = ∑ φj . In the Apply phase, each vertex updates its value by ri = 0.85 + 0.15 ∗ Φi. Finally, in the Scatter stage, vertex vi checks if it is changed and if so adds its out-edge neighbors to the new frontier."
    }, {
      "heading" : "4. IMPLEMENTATION",
      "text" : "In this section, we provide a detailed description of the MapGraph runtime."
    }, {
      "heading" : "4.1 Data Structure",
      "text" : "Graphs are often stored as a sparse matrix. MapGraph currently uses the Compressed Sparse Row (CSR) data structure [3] to store the topology of a graph. CSR consists of two arrays: row-offsets, column-indices. The column-indices array contains the concatenation of the adjacency lists of the graph. The row-offsets array contains the indices indicating where each adjacency list starts. (deleted graph for CSR)"
    }, {
      "heading" : "4.2 Strategies",
      "text" : "Parallel graph algorithms are generally data intensive and hence, memory bound. GPUs enjoy ten times the memory bandwidth of CPU architectures. However, the relatively restrictive architecture of the GPU makes it challenging to fully release their potential. Graphs have an irregular structure and access patterns and the degree of vertices (the number of in-edges or out-edges) in real world graphs can vary over several orders of magnitude. On a GPU, these characteristics cause uncoalesced memory access patterns, create unbalanced workloads for threads, and lead to thread divergence. High performance on GPUs requires low-level optimizations to addresses these problems. For higher productivity, these optimizations should remain hidden from the users. The GAS Apply phase is embarrassingly parallel, therefor our optimization strategies focus on improving the performance of the Gather and Scatter phases. MapGraph uses two strategies to address these architectural challenges: dynamic scheduling and two-phase decomposition.\n4.2.1 Dynamic Scheduling Merrill et al. [11] introduced a work-efficient implementation for BFS on the GPU and used a dynamic scheduling strategy to improve memory performance. This strategy distributes the workload to the threads according to the degree of the vertices. We adopt the same idea and extend it to more algorithms using the GAS abstraction.\nIn the Scatter phase, each vertex in the frontier accesses its adjacent edges (stored in column-indices) and vertices in parallel. If we assign each vertex to a thread, the memory access would be uncoalesced, and workload would be unbalanced due to the variation in vertex degree. Therefore we apply three different strategies depending on the degree of the vertices.\nCTA-based scattering distributes the workload for a Cooperative Thread Array (CTA) among threads according to the vertex degrees. It assigns the workload of a vertex in the frontier to a whole CTA, and each thread of the CTA is responsible for only one neighbor of the vertex. This strategy is used when the degree of the vertex is large.\nScan-based scattering uses a prefix sum to compute the starting and ending points in the column-indices, according to the vertices assigned to a CTA and the row-offsets array. This operation forms a compact scatter vector in shared memory, local to the CTA. Scan-based scattering then enlists the entire CTA to gather the referenced neighbors from the column-indices array using this perfectly compact scatter vector.\nWarp-based scattering performs a coarse-grained redistribution of scattering workloads. Each thread enlists its entire warp to access information from its adjacent vertices and edges. Each thread first attempts to vie for control of its warp by writing its thread-identifier into a single word shared by all threads of that warp. Only one write will succeed, thus determining which thread is subsequently allowed to command the warp, as a whole, to access its corresponding neighbors. This process repeats until all threads have all had their adjacent neighbors accessed. Warp-based scattering is similar to CTA-based scattering, but each vertex enlists the warp rather than the CTA to access the adjacent vertices and edges.\nWe combine these three scheduling strategies (CTA-based, scan-based, warp-based) for better load-balance and memory performance. We first perform the CTA-based scattering for vertices with degrees larger than the CTA size. Then, we apply warp-based scattering to vertices with adjacency lists smaller than the CTA size, but greater than the warp width. Finally we perform scan-based scattering to efficiently process the remaining “loose ends”. The same scheduling strategies can be applied to the Gather phase in an analogous manner.\nWhile dynamic scheduling yields very high performance for some problems, including BFS and SSSP on many graphs, it has several drawbacks. Since we separate each work-group into three separate stages within our kernel, we lose parallelism among the stages and hence the the instruction level parallelism is decreased. Also, since each thread in the scan portion of the algorithm must communicate its whole adjacency list to the rest of the CTA, other threads stall while waiting for all of these items to be loaded. Finally, the strategy assigns equal numbers of frontier vertices to the CTAs, so the total number of adjacent vertices can vary largely among CTAs. This leads to imbalanced workloads among CTAs.\n4.2.2 Two-phase Decomposition We also explore a two-phase decomposition strategy based on the work of Baxter [2]. This strategy is used in another graph processing work [6]. This strategy attempts to achieve perfect load-balancing for threads within and across CTAs by decomposing the scattering process into two phases: a scheduling phase and a computation phase. Instead of assigning an equal number of vertices to be processed by a CTA, this strategy organizes groups having total numbers of adjacent edges of equal size. The scheduling phase does this by finding the intersection of each CTA’s adjacency list’s starting and ending points within the column-indices array using an efficient sorted search. Then, in the computation phase, each thread accesses the same number of adjacent vertices and performs the same operation. The disadvan-\ntage of this strategy is the overhead of the scheduling phase.\n4.2.3 MapGraph Computation Pipeline As described above, the dynamic scheduling and the twophase decomposition have their own advantages and disadvantages. For the Gather phase, we always use the twophase decomposition strategy, because it is generally faster according to our experiments, and there is some overhead associated with making this decision dynamically. For the Scatter phase, our experiments show that the two-phase decomposition strategy performs better for iterations with a large frontier while for iterations with a small frontier, the dynamic scheduling strategy performs better. In practice, we use one of these strategies to generate the new frontier in each iteration for the Scatter phase. We call the process of generating new frontier the expand process. After the expand, we perform another process to reduce (or eliminate) the large numbers of duplicates in the new frontier that can arise due to simultaneous discovery [11]. We call this the contract process.\nThe MapGraph computation pipeline is shown in Figure 2. In each iteration, after the Gather and Apply phases, we check if the frontier size is larger than a pre-defined threshold. If true, we perform the expand and contract with the two-phase decomposition strategy. Otherwise, we perform the expand and contract with the dynamic scheduling strategy.\n4.2.4 Programming Interface MapGraph offers three user-defined data types: V ertexType, EdgeType, FrontierType. These three types define algorithmspecific values associated with the vertices, edges and frontier, respectively. MapGraph also offers a flexible variant of the GAS API for high programmability. Using user defined\nmethods that are invoked from MapGraph kernels, programmers can define computations on the vertices, edges, and frontier. MapGraph also provides a set of configuration parameters and utility methods as library calls for iteration control and other functionalities (See Figure 3). The user defined methods and the utility methods are all C++ methods. This means users need only write sequential C++ code to use the framework.\n4.2.5 MapGraph Workflow There are three steps to implement a graph algorithm with MapGraph. First, the developer defines the basic data structures (V ertexType, EdgeType, FrontierType) in C using a Structure Of Arrays (SOA) pattern. Second, the developer implements the methods according to the specific graph algorithm. Third, the developer composes the main program, including initializing the graph structure, configuring the framework parameters and invoking the customized methods.\nMany graph computation tasks require multiple iterations till convergence. MapGraph provides two ways to control the number of iterations of the algorithm. Developers can use both of them for a more flexible iteration control. First, the developer can specify the maximum number of iterations, ITER MAX. MapGraph terminates when the number of iterations reaches the predefined limit. Second, MapGraph continues the iterations until the frontier size is zero."
    }, {
      "heading" : "5. RESULTS",
      "text" : "To evaluate the efficiency of MapGraph, we developed a set of common graph algorithms using MapGraph and compared peformance with both CPU and GPU implementations of these algorithms.\n5.1 Graph Primitives\nWe use MapGraph to implement four common graph analytics operations: Breadth First Search (BFS), Single Source Shortest Path (SSSP), Connected Components (CC), and PageRank (PR). These algorithms give rise to different workloads, which makes them useful for understanding the performance of the library. These algorithms can also be used as building blocks for higher level applications such as graphbased analysis and ranking, community discovery and finding influential nodes.\nBFS. BFS is a widely used graph search algorithm. The search starts from a predefined root vertex and iteratively expands to find and label all the reachable vertices. In BFS, vertices are discovered in levels. Each level corresponds to one iteration of the algorithm. For BFS, only the Scatter phase of the GAS model is necessary. In this phase, each newly discovered vertex in the current frontier is assigned its level and discovers its out-edge vertices for the next iteration.\nSSSP. The SSSP algorithm finds a shortest path from a specified source vertex to all other vertices. The V ertexType contains a distance attribute array for all the vertices, and the EdgeType contains an edge weight array for all edges. We adopt an improved Bellman-Ford algorithm in our implementation, thanks to our flexible API. The original BellmanFord algorithm iteratively updates the distances of the vertices by looking at in-edge vertices. Instead of accessing all in-edge vertices for every vertex in the frontier, we only access the ones whose distances are changed in the last iteration. Specifically, we maintain a predecessor distance array in the FrontierType. In the expand process of the Scatter phase, we store the distance of the changed predecessor for every out-edge. Then, in the contract process, we use the predecessor distance array to compute the correct distances for the vertices in the current frontier. In this way, we do not need the Gather phase. We call this method the push-style update because essentially each changed vertex pushes its value to its descendant.\nCC. The CC algorithm finds how many connected components there are in the graph, assuming that every graph is undirected. The algorithm is simple. The V ertexType contains an array of compindex for all vertices, and this array is initialized with the vertex indices. The initial frontier contains all vertices. In each iteration, every vertex in the frontier looks at its neighbors’ compindex values and updates itself with the minimum of these values and its previous value. Similar to SSSP, we can use the push − style update to reduce memory accesses and eliminate the Gather phase.\nPageRank. The initial frontier is all vertices in the graph. As described in Section 3, the GAS implementation of PageRank makes use of all three phases: Gather, Apply, and Scatter. PageRank does not allow duplicates in the frontier (it leads to double counting). Hence we used a flag array in V ertexType to indicate if a vertex is already in the frontier in the Scatter phase."
    }, {
      "heading" : "5.2 Experimental Setup",
      "text" : "We have conducted the evaluations on a workstation equipped with a NVIDIA Tesla K20, two Intel Xeon X5680 CPUs\n(12x 3.3GHz CPU cores). Our experimental datasets include both real-world and synthetic graphs. Table 1 shows their basic characteristics. Webbase1 is a directed graph and represents web connectivity. The Delaunay graph2 is undirected and represents a delaunay triangulation of random points in a 2-D plane. The Bitcoin graph3 is directed and models bitcoin transaction data. It has a small frontier and a very long tail (over 8000 iterations are required for traversal). The Wiki graph4 depicts the connections among Wikipedia articles. The Kron graph5 is an undirected, scalefree random graph with power-law degree distribution."
    }, {
      "heading" : "5.3 Comparison with GPU Implementations",
      "text" : "We compare our MapGraph BFS implementation with the state-of-the-art GPU implementation for BFS described by Merrill [11] (B40c) and a GPU-based high-level graph processing framework Medusa [15]. The running times in milliseconds are shown in Table 2. The results demonstrate that performance of MapGraph is comparable to the manually optimized, low-level BFS implementation. For three of the graphs, MapGraph is faster and for the other two, MapGraph is slower. The last column gives the speedup of MapGraph versus Medusa. MapGraph achieves higher performance than Medusa for all graphs and is up to 42 times faster."
    }, {
      "heading" : "5.4 Comparison with CPU-based Framework",
      "text" : "In order to compare the performance of MapGraph with a CPU-based high-level graph processing framework, we implemented the same graph algorithms for GraphLab v2.0. The comparison results are shown in Table 3. The PR CPU scaling results in Table 3 are consistent with those obtained\n1http://www.cise.ufl.edu/research/sparse/MM/ Williams/webbase-1M.tar.gz 2http://www.cise.ufl.edu/research/sparse/MM/ DIMACS10/delaunay_n21.tar.gz 3https://www.dropbox.com/s/994xui3sgk5pa4c/ bitcoin.mtx 4http://www.cise.ufl.edu/research/sparse/MM/ Gleich/wikipedia-20070206.tar.gz 5http://www.cise.ufl.edu/research/sparse/MM/ DIMACS10/kron_g500-logn20.tar.gz\nby the GraphLab authors (private communication) and are self-consistent across the different algorithms. The comparison results are shown in Table 3. The GraphLab results are reported for both single thread (GL-1) and 24 threads (GL-24, 12 cores plus hyperthreading). In many cases, the best performance for GraphLab was obtained with only a single CPU core (Table cells are shaded when GL-1 gives better performance than GL-24). The SU column of the table shows the speedups of MapGraph (MPG) compared to GL-24. All running times are in milliseconds. As shown in the tables, MapGraph achieves up to 119× speedup compared to GraphLab running on a 12-core CPU."
    }, {
      "heading" : "6. CONCLUSIONS",
      "text" : "Parallel graph algorithms have severe scalability problems on CPU architectures due to the limited memory bandwidth. We have shown that it is possible to obtain high performance across a variety of graph algorithms and data sets on a GPU while maintaining a high-level abstraction. Since no single strategy dominates the others, MapGraph dynamically selects the strategy that will best mitigate the architectural limits of the GPU for the actual workload. In future work, we plan to extend the MapGraph platform to parallel graph algorithms on GPU compute clusters."
    }, {
      "heading" : "7. ACKNOWLEDGMENTS",
      "text" : "This work was (partially) funded by the DARPA XDATA program under AFRL Contract #FA8750-13-C-0002. This material is based upon work supported by the Defense Advanced Research Projects Agency (DARPA) under Contract No. D14PC00029."
    }, {
      "heading" : "8. REFERENCES",
      "text" : "[1] E. S.-N. Abdullah Gharaibeh, Lauro Beltrao Costa\nand M. Ripeanu. Totem: Accelerating graph\nprocessing on hybrid cpu+gpu systems. GPU Technology Conference, 2013.\n[2] S. Baxter. Modern gpu library. 2013. http://www.moderngpu.com/.\n[3] N. Bell and M. Garland. Efficient sparse matrix-vector multiplication on CUDA. NVIDIA Technical Report NVR-2008-004, NVIDIA Corporation, Dec. 2008.\n[4] G. Chapuis, H. Djidjev, R. Andonov, S. Thulasidasan, and D. Lavenier. Efficient multi-gpu algorithm for all-pairs shortest paths. In IPDPS 2014, May 2014.\n[5] N. T. Duong, Q. A. P. Nguyen, A. T. Nguyen, and H.-D. Nguyen. Parallel pagerank computation using gpus. In Proceedings of the Third Symposium on Information and Communication Technology, SoICT ’12, pages 223–230. ACM, 2012.\n[6] E. Elsen and V. Vaidyanathan. Vertexapi2 - a vertex-program api for large graph computations on the gpu. 2014. http://www.royal-caliber.com/vertexapi2.pdf.\n[7] J. E. Gonzalez, Y. Low, H. Gu, D. Bickson, and C. Guestrin. Powergraph: Distributed graph-parallel computation on natural graphs. In Proceedings of the 10th USENIX Conference on Operating Systems Design and Implementation, OSDI’12, pages 17–30, Berkeley, CA, USA, 2012. USENIX Association.\n[8] S. Hong, H. Chafi, E. Sedlar, and K. Olukotun. Green-marl: A dsl for easy and efficient graph analysis. In Proceedings of the Seventeenth International Conference on Architectural Support for Programming Languages and Operating Systems, ASPLOS XVII, pages 349–362, New York, NY, USA, 2012. ACM.\n[9] Y. Low, J. Gonzalez, A. Kyrola, D. Bickson, C. Guestrin, and J. M. Hellerstein. Graphlab: A new parallel framework for machine learning. In Conference on Uncertainty in Artificial Intelligence (UAI), Catalina Island, California, July 2010.\n[10] G. Malewicz, M. H. Austern, A. J. Bik, J. C. Dehnert, I. Horn, N. Leiser, and G. Czajkowski. Pregel: A system for large-scale graph processing. In Proceedings of the 2010 ACM SIGMOD International Conference on Management of Data, SIGMOD ’10, pages 135–146, New York, NY, USA, 2010. ACM.\n[11] D. Merrill, M. Garland, and A. Grimshaw. Scalable gpu graph traversal. In Proceedings of the 17th ACM SIGPLAN Symposium on Principles and Practice of Parallel Programming, PPoPP ’12, pages 117–128, New York, NY, USA, 2012. ACM.\n[12] NVIDIA. Cuda programming guide. http://www.nvidia.com/object/cuda.html.\n[13] J. Soman, K. Kothapalli, and P. J. Narayanan. Some gpu algorithms for graph connected components and spanning tree. Parallel Processing Letters, 20(04):325–339, 2010.\n[14] G. Wang, W. Xie, A. J. Demers, and J. Gehrke. Asynchronous large-scale graph processing made easy. In CIDR, 2013.\n[15] J. Zhong and B. He. Medusa: Simplified graph processing on gpus. IEEE Transactions on Parallel and Distributed Systems, 99:1, 2013."
    } ],
    "references" : [ {
      "title" : "Totem: Accelerating graph processing on hybrid cpu+gpu systems",
      "author" : [ "E.S.-N. Abdullah Gharaibeh", "Lauro Beltrao Costa", "M. Ripeanu" ],
      "venue" : "GPU Technology Conference,",
      "citeRegEx" : "1",
      "shortCiteRegEx" : "1",
      "year" : 2013
    }, {
      "title" : "Efficient sparse matrix-vector multiplication on CUDA",
      "author" : [ "N. Bell", "M. Garland" ],
      "venue" : "NVIDIA Technical Report NVR-2008-004, NVIDIA Corporation,",
      "citeRegEx" : "3",
      "shortCiteRegEx" : "3",
      "year" : 2008
    }, {
      "title" : "Efficient multi-gpu algorithm for all-pairs shortest paths",
      "author" : [ "G. Chapuis", "H. Djidjev", "R. Andonov", "S. Thulasidasan", "D. Lavenier" ],
      "venue" : "In IPDPS",
      "citeRegEx" : "4",
      "shortCiteRegEx" : "4",
      "year" : 2014
    }, {
      "title" : "Parallel pagerank computation using gpus",
      "author" : [ "N.T. Duong", "Q.A.P. Nguyen", "A.T. Nguyen", "H.-D. Nguyen" ],
      "venue" : "In Proceedings of the Third Symposium on Information and Communication Technology,",
      "citeRegEx" : "5",
      "shortCiteRegEx" : "5",
      "year" : 2012
    }, {
      "title" : "Vertexapi2 - a vertex-program api for large graph computations on the gpu",
      "author" : [ "E. Elsen", "V. Vaidyanathan" ],
      "venue" : null,
      "citeRegEx" : "6",
      "shortCiteRegEx" : "6",
      "year" : 2014
    }, {
      "title" : "Powergraph: Distributed graph-parallel computation on natural graphs",
      "author" : [ "J.E. Gonzalez", "Y. Low", "H. Gu", "D. Bickson", "C. Guestrin" ],
      "venue" : "In Proceedings of the 10th USENIX Conference on Operating Systems Design and Implementation,",
      "citeRegEx" : "7",
      "shortCiteRegEx" : "7",
      "year" : 2012
    }, {
      "title" : "Green-marl: A dsl for easy and efficient graph analysis",
      "author" : [ "S. Hong", "H. Chafi", "E. Sedlar", "K. Olukotun" ],
      "venue" : "In Proceedings of the Seventeenth International Conference on Architectural Support for Programming Languages and Operating Systems, ASPLOS XVII,",
      "citeRegEx" : "8",
      "shortCiteRegEx" : "8",
      "year" : 2012
    }, {
      "title" : "Graphlab: A new parallel framework for machine learning",
      "author" : [ "Y. Low", "J. Gonzalez", "A. Kyrola", "D. Bickson", "C. Guestrin", "J.M. Hellerstein" ],
      "venue" : "In Conference on Uncertainty in Artificial Intelligence",
      "citeRegEx" : "9",
      "shortCiteRegEx" : "9",
      "year" : 2010
    }, {
      "title" : "Pregel: A system for large-scale graph processing",
      "author" : [ "G. Malewicz", "M.H. Austern", "A.J. Bik", "J.C. Dehnert", "I. Horn", "N. Leiser", "G. Czajkowski" ],
      "venue" : "In Proceedings of the 2010 ACM SIGMOD International Conference on Management of Data,",
      "citeRegEx" : "10",
      "shortCiteRegEx" : "10",
      "year" : 2010
    }, {
      "title" : "Scalable gpu graph traversal",
      "author" : [ "D. Merrill", "M. Garland", "A. Grimshaw" ],
      "venue" : "In Proceedings of the 17th ACM SIGPLAN Symposium on Principles and Practice of Parallel Programming,",
      "citeRegEx" : "11",
      "shortCiteRegEx" : "11",
      "year" : 2012
    }, {
      "title" : "Some gpu algorithms for graph connected components and spanning tree",
      "author" : [ "J. Soman", "K. Kothapalli", "P.J. Narayanan" ],
      "venue" : "Parallel Processing Letters,",
      "citeRegEx" : "13",
      "shortCiteRegEx" : "13",
      "year" : 2010
    }, {
      "title" : "Asynchronous large-scale graph processing made easy",
      "author" : [ "G. Wang", "W. Xie", "A.J. Demers", "J. Gehrke" ],
      "venue" : "In CIDR,",
      "citeRegEx" : "14",
      "shortCiteRegEx" : "14",
      "year" : 2013
    }, {
      "title" : "Medusa: Simplified graph processing on gpus",
      "author" : [ "J. Zhong", "B. He" ],
      "venue" : "IEEE Transactions on Parallel and Distributed Systems,",
      "citeRegEx" : "15",
      "shortCiteRegEx" : "15",
      "year" : 2013
    } ],
    "referenceMentions" : [ {
      "referenceID" : 7,
      "context" : "In Section 3 we introduce the modified Gather-Apply-Scatter (GAS) abstraction [9] used in MapGraph.",
      "startOffset" : 78,
      "endOffset" : 81
    }, {
      "referenceID" : 9,
      "context" : "[11] developed the first low-level, work efficient implementation of BFS on GPUs, proposed adaptive strategies for assigning Threads, Warps, and CTAs to vertices and edges, and optimized frontier expansion using various heuristics to trade off time and space and obtain high throughput for algorithms with dynamic frontiers.",
      "startOffset" : 0,
      "endOffset" : 4
    }, {
      "referenceID" : 3,
      "context" : "The authors of [5] present a cost-efficient GPU-based PageRank implementation that achieves a 10-20× speedup compared to a quadcore CPU implementation.",
      "startOffset" : 15,
      "endOffset" : 18
    }, {
      "referenceID" : 2,
      "context" : "Other low-level approaches for efficient parallel graph algorithms are proposed in [4, 13].",
      "startOffset" : 83,
      "endOffset" : 90
    }, {
      "referenceID" : 10,
      "context" : "Other low-level approaches for efficient parallel graph algorithms are proposed in [4, 13].",
      "startOffset" : 83,
      "endOffset" : 90
    }, {
      "referenceID" : 0,
      "context" : "[1] present Totem, a processing engine that provides a convenient environment to implement graph algorithms on hybrid platforms (CPU and GPU).",
      "startOffset" : 0,
      "endOffset" : 3
    }, {
      "referenceID" : 12,
      "context" : "introduce Medusa [15], a GPU-based programming framework for parallel graph algorithms.",
      "startOffset" : 17,
      "endOffset" : 21
    }, {
      "referenceID" : 7,
      "context" : "In [9], the authors introduce GraphLab, a machine learning and graph programming framework based on the GatherApply-Scatter (GAS) model.",
      "startOffset" : 3,
      "endOffset" : 6
    }, {
      "referenceID" : 11,
      "context" : "In [14], the authors examine parallel graph algorithms on the CPU, compare their approach with GraphLab, and note that graph algorithms quickly become memory bound, thus limiting throughput.",
      "startOffset" : 3,
      "endOffset" : 7
    }, {
      "referenceID" : 6,
      "context" : "introduce a DSL for easy and efficient graph analysis in [8] that they call Green-Marl.",
      "startOffset" : 57,
      "endOffset" : 60
    }, {
      "referenceID" : 5,
      "context" : "The GAS model [7] presents a vertex-centric abstraction similar to Pregel [10].",
      "startOffset" : 14,
      "endOffset" : 17
    }, {
      "referenceID" : 8,
      "context" : "The GAS model [7] presents a vertex-centric abstraction similar to Pregel [10].",
      "startOffset" : 74,
      "endOffset" : 78
    }, {
      "referenceID" : 1,
      "context" : "MapGraph currently uses the Compressed Sparse Row (CSR) data structure [3] to store the topology of a graph.",
      "startOffset" : 71,
      "endOffset" : 74
    }, {
      "referenceID" : 9,
      "context" : "[11] introduced a work-efficient implementation for BFS on the GPU and used a dynamic scheduling strategy to improve memory performance.",
      "startOffset" : 0,
      "endOffset" : 4
    }, {
      "referenceID" : 4,
      "context" : "This strategy is used in another graph processing work [6].",
      "startOffset" : 55,
      "endOffset" : 58
    }, {
      "referenceID" : 9,
      "context" : "After the expand, we perform another process to reduce (or eliminate) the large numbers of duplicates in the new frontier that can arise due to simultaneous discovery [11].",
      "startOffset" : 167,
      "endOffset" : 171
    }, {
      "referenceID" : 9,
      "context" : "We compare our MapGraph BFS implementation with the state-of-the-art GPU implementation for BFS described by Merrill [11] (B40c) and a GPU-based high-level graph processing framework Medusa [15].",
      "startOffset" : 117,
      "endOffset" : 121
    }, {
      "referenceID" : 12,
      "context" : "We compare our MapGraph BFS implementation with the state-of-the-art GPU implementation for BFS described by Merrill [11] (B40c) and a GPU-based high-level graph processing framework Medusa [15].",
      "startOffset" : 190,
      "endOffset" : 194
    } ],
    "year" : 2014,
    "abstractText" : "High performance graph analytics are critical for a long list of application domains. In recent years, the rapid advancement of many-core processors, in particular graphical processing units (GPUs), has sparked a broad interest in developing high performance parallel graph programs on these architectures. However, the SIMT architecture used in GPUs places particular constraints on both the design and implementation of the algorithms and data structures, making the development of such programs difficult and time-consuming. We present MapGraph, a high performance parallel graph programming framework that delivers up to 3 billion Traversed Edges Per Second (TEPS) on a GPU. MapGraph provides a high-level abstraction that makes it easy to write graph programs and obtain good parallel speedups on GPUs. To deliver high performance, MapGraph dynamically chooses among different scheduling strategies depending on the size of the frontier and the size of the adjacency lists for the vertices in the frontier. In addition, a Structure Of Arrays (SOA) pattern is used to ensure coalesced memory access. Our experiments show that, for many graph analytics algorithms, an implementation, with our abstraction, is up to two orders of magnitude faster than a parallel CPU implementation and is comparable to state-of-the-art, manually optimized GPU implementations. In addition, with our abstraction, new graph analytics can be developed with relatively little effort.",
    "creator" : "dvips(k) 5.98 Copyright 2009 Radical Eye Software"
  }
}