{
  "name" : "acm_10.1145##2688500.2688542.pdf",
  "metadata" : {
    "source" : "META",
    "title" : "Optimization of Asynchronous Graph Processing on GPU with Hybrid Coloring Model",
    "authors" : [ "Xuanhua Shi", "Junling Liang", "Sheng Di", "Bingsheng He", "Hai Jin", "Lu Lu", "Zhixiang Wang", "Xuan Luo", "Jianlong Zhong" ],
    "emails" : [ "luoxuan}@hust.edu.cn,", "disheng222@gmail.com,", "jlzhong}@ntu.edu.sg" ],
    "sections" : [ {
      "heading" : null,
      "text" : "Categories and Subject Descriptors D.1.3 [Programming Techniques]: Concurrent Programming\nGeneral Terms Design, Algorithms, Performance\nKeywords Graph Processing, Asynchronous Computing, GPGPU"
    }, {
      "heading" : "1. Introduction",
      "text" : "Modern GPGPUs are often used to accelerate the graph processing algorithms, not only because GPU has many more cores for parallel computing, but also due to much higher memory bandwidth and lower latency. Whereas, there are still some issues in the existing solutions.\n• Most existing GPU-accelerated graph frameworks (such as Totem [1], Medusa [2], CuSha [3]) are designed based on the synchronous processing model - Bulk Synchronous Parallel (BSP) model. Such a model, however, will introduce a huge cost in synchronization especially as the graph size grows significantly, because any message processing must be finished in the previous super-step before moving to the next one.\n• In comparison to the synchronous model, there are some asynchronous models that have been proved more efficient in processing graphs, but they are not very suitable for parallel graph processing on GPU. In order to ensure the correct/consistent processing results in the parallel computations, many existing solutions (such as GraphLab [4] and GraphChi [5]) adopt finegrained locking protocols or update most vertices sequentially for simplicity. Locking policy, however, is unsuitable for GPUbased parallel processing because of the huge cost of the locking operations on GPU.\nIn our work, we design a lock-free parallel graph processing method named Frog1 with a graph coloring model. In this model, each pair of adjacent vertices with potential update conflicts will be colored differently. The vertices with the same colors are allowed to be processed simultaneously in parallel, also guaranteeing the sequential consistency of the parallel execution. We observe that a large majority of vertices (roughly 80%) are colored with only a small number of colors (about 20% or less). Based on such a finding, our solution will process the vertices based on their coloring distributions. In particular, we process the vertices with the same colors in a high degree of parallelism on GPU, and process the minority of the vertices that account for majority of colors in a separate super-step."
    }, {
      "heading" : "2. Design Overview",
      "text" : "Many graph algorithms have been shown to converge faster when solved asynchronously. Synchronous computation incurs costly performance penalties since all vertices have been updated all the time and the runtime of each phase is determined by the slowest GPU thread. While having a faster convergence, we should ensure the serializability in our asynchronous approach: all parallel executions have an equivalent sequential execution to make sure the computation correctness.\nA classic technique to achieve a serializable parallel execution of vertices in a graph is to construct a vertex coloring that assigns a color to each vertex such that no adjacent vertices share the same color. For a data graph with billions of vertices, hundreds of colors can be used to complete the graph coloring. We observe that a large majority of vertices are colored with only a small number of colors. Hence, we need a relaxed graph coloring algorithm to\n1 The code can be found at https://github.com/AndrewStallman/Frog.git\nPer ission to ake digital or hard copies of part or all of this work for personal or classroom use is granted without fee provided that copies are not made or distributed for profit or commercial advantage and that copies bear this notice and the full citation on the first page. Copyrights for third-party components of this work must be honored. For all other uses, contact the Owner/Author. Copyright is held by the author/owner(s).\nP’15, February 7–11, 2015, San Francisco, C , USA 978-1-450 -3205-7/15/02\ntt ://dx.doi.org/10.1145/2688500.2688542\ncolor the graph with only a samll number of colors. Based on the relaxed coloring algorithm, we can develop our asynchronous graph processing system Frog which ensures the serializability.\nWe partition the graph based on the colors assigned to vertices, and process/update the vertices in parallel. Vertices with the same color are partitioned into the same chunk (also called color-chunk in the following text), which is to be processed in a separate colorstep. The asynchronous execution model aims to process the colorchunks generated by our coloring algorithm one by one, and also guarantee the sequential consistency for each chunk.\nFigure 1 shows us the asynchronous execution based on the hybrid coloring of a sample graph. In this example, we get three colors/partitions and process vertices V1, V6 and V7 simultaneously in color-step 1 (shown as the left sub-figure ), and V3 and V5 can be processed simultaneously in color step 2 (shown as the middle subfigure ). As shown in the right sub-figure, vertices V2, V4 and V8 are assigned into the same partition. In this hybrid partition, V2 and V8 are adjacent vertices. As such, the color-step 3 is not the edge consistency model based step and we need to process this partition using different methods than previous partitions.\nWhile processing the graphs, an update function is able to use the most recent values of vertices updated by the previous colorstep. Between two color-steps, we need some operations to guarantee the data consistency. Accordingly, we combine several different colors together into the last partition, and process them separately: the vertices/edges are updated sequentially or updated using GPU atomic operations. Hence, we group n color-steps into two categories: P-steps and S-step. The first n−1 color-steps will be processed as the P steps, which means vertices and edges of color-step can be updated in parallel without concerning the data conflicts and consistency; for the nth hybrid partition, vertices and edges must\nbe processed sequentially or using GPU atomic operations as the S step. The basic scheme is the simple kernel execution as per one color-step."
    }, {
      "heading" : "3. Performance Evaluation",
      "text" : "We evaluate two algorithms in our experiments, Breadth First Search (BFS) and Connected Component (CC). We conduct our experiments on a Kepler-based GPU, NVIDIA Telsa K20m with 6GB main memory and 2688 CUDA cores. Table 1 shows the performance comparison between our asynchronous approach and two other systems, Totem [1] and CuSha [3]. Table 2 shows the properties of four real-world graphs that we used. Our system has an appreciable performance improvement as shown."
    }, {
      "heading" : "Acknowledgments",
      "text" : "This work is supported by the NSFC under grants No.61133008 and No. 61370104, Chinese Universities Scientific Fund under grant No. 2014TS008, the U.S. Department of Energy, Office of Science, under Contract DE-AC02-06CH11357, and Tencent. Bingsheng He and Jianlong Zhong are partly supported by a MoE AcRF Tier 2 grant (MOE2012-T2-2-067) in Singapore."
    } ],
    "references" : [ {
      "title" : "A yoke of oxen and a thousand chickens for heavy lifting graph processing",
      "author" : [ "A. Gharaibeh", "L. Beltrao Costa", "E. Santos-Neto", "M. Ripeanu" ],
      "venue" : "In PACT,",
      "citeRegEx" : "1",
      "shortCiteRegEx" : "1",
      "year" : 2012
    }, {
      "title" : "Medusa: Simplied Graph",
      "author" : [ "J. Zhong", "B. He" ],
      "venue" : "Processing on GPUs. In TPDS,",
      "citeRegEx" : "2",
      "shortCiteRegEx" : "2",
      "year" : 2013
    }, {
      "title" : "CuSha: vertexcentric graph processing on GPUs",
      "author" : [ "F. Khorasani", "K. Vora", "R. Gupta", "L.N. Bhuyan" ],
      "venue" : "In HPDC,",
      "citeRegEx" : "3",
      "shortCiteRegEx" : "3",
      "year" : 2014
    }, {
      "title" : "Distributed GraphLab: a framework for machine learning and data mining in the cloud",
      "author" : [ "Y. Low", "D. Bickson", "J. Gonzalez", "C. Guestrin", "A. Kyrola", "J.M. Hellerstein" ],
      "venue" : "In VLDB,",
      "citeRegEx" : "4",
      "shortCiteRegEx" : "4",
      "year" : 2012
    }, {
      "title" : "Graphchi: Large-scale graph computation on just a pc",
      "author" : [ "A. Kyrola", "G.E. Blelloch", "C. Guestrin" ],
      "venue" : "In OSDI,",
      "citeRegEx" : "5",
      "shortCiteRegEx" : "5",
      "year" : 2012
    } ],
    "referenceMentions" : [ {
      "referenceID" : 0,
      "context" : "• Most existing GPU-accelerated graph frameworks (such as Totem [1], Medusa [2], CuSha [3]) are designed based on the synchronous processing model - Bulk Synchronous Parallel (BSP) model.",
      "startOffset" : 64,
      "endOffset" : 67
    }, {
      "referenceID" : 1,
      "context" : "• Most existing GPU-accelerated graph frameworks (such as Totem [1], Medusa [2], CuSha [3]) are designed based on the synchronous processing model - Bulk Synchronous Parallel (BSP) model.",
      "startOffset" : 76,
      "endOffset" : 79
    }, {
      "referenceID" : 2,
      "context" : "• Most existing GPU-accelerated graph frameworks (such as Totem [1], Medusa [2], CuSha [3]) are designed based on the synchronous processing model - Bulk Synchronous Parallel (BSP) model.",
      "startOffset" : 87,
      "endOffset" : 90
    }, {
      "referenceID" : 3,
      "context" : "In order to ensure the correct/consistent processing results in the parallel computations, many existing solutions (such as GraphLab [4] and GraphChi [5]) adopt finegrained locking protocols or update most vertices sequentially for simplicity.",
      "startOffset" : 133,
      "endOffset" : 136
    }, {
      "referenceID" : 4,
      "context" : "In order to ensure the correct/consistent processing results in the parallel computations, many existing solutions (such as GraphLab [4] and GraphChi [5]) adopt finegrained locking protocols or update most vertices sequentially for simplicity.",
      "startOffset" : 150,
      "endOffset" : 153
    }, {
      "referenceID" : 0,
      "context" : "Table 1 shows the performance comparison between our asynchronous approach and two other systems, Totem [1] and CuSha [3].",
      "startOffset" : 104,
      "endOffset" : 107
    }, {
      "referenceID" : 2,
      "context" : "Table 1 shows the performance comparison between our asynchronous approach and two other systems, Totem [1] and CuSha [3].",
      "startOffset" : 118,
      "endOffset" : 121
    } ],
    "year" : 2015,
    "abstractText" : "Modern GPUs have been widely used to accelerate the graph processing for complicated computational problems regarding graph theory. Many parallel graph algorithms adopt the asynchronous computing model to accelerate the iterative convergence. Unfortunately, the consistent asynchronous computing requires locking or the atomic operations, leading to significant penalties/overheads when implemented on GPUs. To this end, coloring algorithm is adopted to separate the vertices with potential updating conflicts, guaranteeing the consistency/correctness of the parallel processing. We propose a light-weight asynchronous processing framework called Frog with a hybrid coloring model. We find that majority of vertices (about 80%) are colored with only a few colors, such that they can be read and updated in a very high degree of parallelism without violating the sequential consistency. Accordingly, our solution will separate the processing of the vertices based on the distribution of colors.",
    "creator" : "LaTeX - ppopp15main-mainppopp15-110-p rev-26194-7c5144a-22427 p271"
  }
}