{
  "name" : "acm_10.1145##1835804.1835874.pdf",
  "metadata" : {
    "source" : "CRF",
    "title" : "Parallel SimRank Computation on Large Graphs with Iterative Aggregation",
    "authors" : [ "Guoming He", "Haijun Feng", "Cuiping Li", "Hong Chen" ],
    "emails" : [ "chong@ruc.edu.cn", "licuiping@ruc.edu.cn" ],
    "sections" : [ {
      "heading" : null,
      "text" : "Categories and Subject Descriptors H.4 [Information Systems Applications]: Miscellaneous\nGeneral Terms Algorithms\nKeywords GPU, Parallel, SimRank, Graph, Iterative Aggregation\n∗The work was supported by China National 863 grant 2008AA01Z120, MOE New Century Talent Support Plan, MingDe Young Scholar Support Plan of Renmin University of China, and Research Brand Plan of Renmin University of China. †Corresponding Author: licuiping@ruc.edu.cn\nPermission to make digital or hard copies of all or part of this work for personal or classroom use is granted without fee provided that copies are not made or distributed for profit or commercial advantage and that copies bear this notice and the full citation on the first page. To copy otherwise, to republish, to post on servers or to redistribute to lists, requires prior specific permission and/or a fee. KDD’10, July 25–28, 2010, Washington, DC, USA. Copyright 2010 ACM 978-1-4503-0055-1/10/07 ...$10.00."
    }, {
      "heading" : "1. INTRODUCTION",
      "text" : "Recently there has been a lot of interest in graph-based analysis, with examples including social network analysis, recommendation systems, document classification and clustering, and so on. A graph is an abstraction that naturally captures data objects as well as relationships among those objects. Objects are represented as nodes and relationships are represented as edges in the graph.\nOne of the most important aspects of graph-based analysis is to measure similarity between nodes in a graph. There are many situations in which it would be useful to answer questions such as “Which other nodes in the graph are most similar to this one?”. For this purpose, a great number of similarity measures[11], [17], [19], [7] and [22] have been proposed.\nAmong them, SimRank is an influential and simple one [17]. It is based on a clear human intuition (“two objects are similar if they are referenced by similar objects” [17]) and a solid theoretical “random surfer-pairs” model. In contrast with other link-based similarity measures, SimRank does not suffer from any field restrictions and can be applied to any domain with object-to-object relationships. Furthermore, SimRank takes into account not only direct connections among nodes but also indirect connections.\nUnfortunately, existing work on SimRank computation suffers from the following two limitations:\n1. The computing cost can be very high in practice. In [26], Dmitry, Pavel, Maxim and Denis run the original iterative SimRank on a 2.1GHz Intel Pentium processor with 1Gb RAM for a scale-free generated graph which consists of 10000 nodes. It took 46 hours and 5 minutes for the algorithm to iterate 5 times to compute all node similarities. In order to optimize the computation of SimRank, a few techniques have been proposed [9, 26]. However, the performance of these methods are all limited by the traditional hierarchy (disk, memory, cache, CPU) data access style. Ideally, we would like to develop new hardware-accelerated solutions that can offer improved processing power and memory bandwidth to tackle the expensive matrix operations which are inherently involved in the SimRank computation.\n2. Existing iterative methods can only be applied on static graphs. When the graph is changed, the whole similarity matrix must be re-computed even only one node or edge is changed. In our previous work [25], one non-iterative approximate method was proposed to update the similarity matrix for dynamic graphs. To the best of our knowledge, this is the only one research work concerning the incremental update problem of SimRank on evolving graphs. Unfortunately, this method has\none inherent limitation: it assumes that the node number of a graph is fixed (i.e., no nodes are added or deleted when the graph is evolving, referred to as a link-updating problem). If nodes need to be added or deleted, the problem is called a node-updating problem. Clearly, the node-updating problem is more difficult, and the link-updating problem is a special case of the node-updating problem. Our aim is to develop a general-purpose method that can handle both kinds of updating problems simultaneously.\nIn this paper, we exploit the inherent parallelism and high memory bandwidth of graphics processing units (GPU) to accelerate the computation of SimRank on large graphs. GPU is an integral component in commodity machine, which was firstly designed to be a co-processor to the CPU for graphic applications such as visualization and so forth. Recently, the GPU has been used as a hardware accelerator for various non-graphics applications, called generous purpose computation, such as scientific computation, matrix multiplication, databases and so on.\nTo address the second limitation, we propose to utilize the iterative aggregation techniques for uncoupling Markov chains [21] to compute SimRank scores in parallel for large graphs. Our key observation is that the iterative computation formula of SimRank can be transformed into a homogeneous first-order Markov chain by doing some mathematical operations. Based on this, we develop a family of novel iterative aggregation based SimRank computation algorithms for static and dynamic graphs, and give formal proofs, complexity analysis, and experimental results, showing our methods are provably efficient and effective. Specifically, this paper has made the following contributions.\n• We propose a novel technique that re-writes the SimRank equation into a Markov chain form by using the Kronecker product and vectorization operators, which lays the foundation for SimRank’s optimization as well as incremental update.\n• We develop a family of novel iterative aggregation based SimRank computation algorithms for static and dynamic graphs, and give formal convergency analysis.\n• We propose a general framework for GPU-based parallel SimRank computation that harmonizes multiple components of a computer to work together.\n• We develop one efficient parallel sparse matrix multiplication algorithm for major steps involved in GPU-based SimRank computation.\n• We conduct extensive experiments on synthetic and real data sets to verify the efficiency and effectiveness of the proposed methods.\nThe rest of this paper is organized as follows. Section 2 gives the background information of our study. Section 3 introduces our parallel SimRank computation framework, and the iterative aggregation based SimRank computation techniques for static graph. Section 4 gives the iterative aggregation based incremental update algorithm for dynamic graph. Section 5 presents the implement details of our GPU-based SimRank computation. A performance analysis of our methods is presented in Section 6. We discuss related work in Section 7 and conclude the study in Section 8."
    }, {
      "heading" : "2. PRELIMINARIES",
      "text" : "In this section, we provide the necessary background for the subsequent discussions. We first present some notations and assumptions that are adopted in this paper in Section 2.1, and then give a brief review of SimRank in Section 2.2."
    }, {
      "heading" : "2.1 Notations and Assumptions",
      "text" : "Table 1 lists the main symbols we use throughout the paper.\nWithout loss of generality, given a graph G = (V, E) where nodes in V represent objects of the domain and edges in E represent relationships between objects. For a node v in a graph, I(v) and O(v) denote the set of in-neighbors and out-neighbors of v, respectively."
    }, {
      "heading" : "2.2 SimRank Overview",
      "text" : "In this section, we will give a brief review of SimRank. Let S(a, b) ∈ [0, 1] denote the similarity between two objects a and b, the iterative similarity computation equation of SimRank is as follows:\nS(a, b) =    c |I(a)||I(b)| |I(a)|∑ i=1 |I(b)|∑ j=1 S(Ii(a), Ij(b)), a 6= b 1, a = b (1)\nwhere c is the decay factor for SimRank (a constant between 0 and 1), |I(a)| or |I(b)| is the number of nodes in I(a) or I(b). Individual member of I(a) or I(b) is referred to as Ii(a), 1 ≤ i ≤ |I(a)|, or Ij(b), 1 ≤ j ≤ |I(b)|. As the base case, any object is considered maximally similar to itself, i.e., S(a, a) = 1. For preventing division by zero in the general formula (1) in case of I(a) or I(b) being an empty set, S(a, b) is specially defined as zero for I(a) = ∅ or I(b) = ∅.\nLet S denote the whole similarity matrix of G, and W denote the column-normalized adjacency matrix of G, Equation (1) can be written as the following matrix form:\nSk = cWT Sk−1W + (1− c)I, (2) where I is an identity matrix, and S0 = I."
    }, {
      "heading" : "3. PARALLEL SIMRANK COMPUTATION",
      "text" : "Equation (2) shows that SimRank scores are propagated through the graph in multiple iterations until convergence. As discussed earlier, this computation framework is very expensive in most real applications. In this section, we introduce a new SimRank computation framework which utilizes the intensive parallel computation power of GPU to speed up SimRank computation on large graphs."
    }, {
      "heading" : "3.1 The Naive Method",
      "text" : "In contrast with the main memory, GPU memory is relatively small; it is hard to hold the whole adjacency matrix W. A natural way to compute SimRank in parallel based on GPU is to partition W into blocks and compute the SimRank scores block by block.\nLet V1, V2, . . ., Vm be groups of nodes in G, where Vi, 1≤i≤m are mutually disjoint and ⋃m i=1 Vi = V . Assuming that each node group Vi has g nodes (zeros are filled for the case that the last group does not have g nodes). W is partitioned into:\nW =   W11 W12 · · · W1m W21 W22 · · · W2m\n... ...\n. . . ...\nWm1 Wm2 · · · Wmm\n  , (3)\nwhere Wij denotes the (i, j)-th block of W. Moreover, the i-th row of blocks in W is denoted by Wi∗, while the j-th column of blocks is denoted by W∗j .\nCorrespondingly, the similarity matrix S are partitioned in the same way. According to Equation (2), the similarity block Sij can be computed by\nSkij = c m∑\nu=1 m∑ v=1 WTuiS k−1 uv Wvj + (1− c)Iij , (4)\nin which, Iij is an identity matrix if i = j, otherwise, it is a zero matrix. Since SimRank scores are symmetric, we have Sij = STji.\nAlgorithm 1 outlines the pseudo-code of the Naive SimRank computation algorithm based on GPU for the (i, j)-th block in the k-th iterative step.\nAlgorithm 1 GPU SimRank Block Computation (GPUSRB) INPUT: The normalized adjacency matrix W The last similarity matrix Sk−1 OUTPUT: The new similarity sub-matrix Skij 01: Let Fij = (1− c)Iij . 02: For u from 1 to m: 03: For v from 1 to m: 04: Fij=GPUsmm(c,WTui,S k−1 uv ,Wvj ,1,Fij ). 05: Skij = Fij .\nThe procedure GPUsmm() in Line 04 is a sparse matrix manipulation algorithm in which GPU performs as a co-processor of CPU to accelerate the processing of matrix computing. GPUsmm() plays an essential role in algorithm 1. It can finish the computation of the following kind of equation\nE = aABC + bD (5)\nefficiently by exploiting the high parallel computation power of GPU. We will discuss the implement details of GPUsmm() in Section 5."
    }, {
      "heading" : "3.2 The Iterative Aggregation method",
      "text" : "Algorithm 1 provides a natural parallel way for SimRank computation. One drawback of Algorithm 1 is, it will iterate many times and at each iterative step, the SimRank scores for each block Skij need to be computed. The computation will take very long time to complete especially when the size of graph is large. This delay is unacceptable in most real environments, as it severely limits productivity. The usual requirement for the computation time is a few seconds or a few minutes at the most. There are many ways to achieve such performance goals. A commonly used technique is to do some approximation to improve the efficiency while almost\npreserve the accuracy. Our key observation is that by doing some mathematical operations, the SimRank formula can be transformed into a homogeneous first-order Markov chain. This opens the door for us to utilize the iterative aggregation techniques for uncoupling Markov chains [21] to compute SimRank scores in parallel for large graphs.\n3.2.1 SimRank vs. Markov Chain In [25], by utilizing the Kronecker product (⊗) and the vector-\nization operator (vec), we re-write the SimRank formula into the following form:\nvec(Sk)T = c(vec(Sk−1)T )(W⊗W) + (1− c)vec(I)T (6)\nLet π = vec(S), P = c(W⊗W), γ = (1− c)vec(I), Equation (6) thus takes the form: πT = πT P+γT , which fits the first-order Markov Chain Equation. π is the stationary distribution and P is the transition probability matrix. If G has n nodes, the size of π is n2, and that of P is n2 × n2.\n3.2.2 Iterative Aggregation Iterative aggregation (IA) is an algorithm for solving nearly un-\ncoupled Markov chains. First proposed in [35], the iterative aggregation has been widely used on applications based on Markov chains. Assume φT = (φ1, φ2, . . . , φq) is the stationary distribution vector for an q-state homogeneous irreducible Markov chain with transition probability matrix Qq×q , and π\nT = (π1, π2, . . . , πp) is the stationary distribution vector for the updated transition probability matrix Pp×p. The basic idea of the iterative aggregation updating is to use the previously known distribution φT and the updated transition probabilities matrix P to build an aggregated matrix A that is smaller in size than P. The stationary distribution α of A is used to generate an estimate of the true updated distribution πT .\nIn our setting, at each iterative step, the previously computed similarity vector vec(Sk−1) can be looked as the original stationary distribution vector φ, the new similarity vector vec(Sk) can be looked as the new stationary distribution vector π. Each time when vec(Skij) is computed for the (i, j)-th block, nodes in Sij can be considered as the changed states, and all other nodes can be looked as not changed. For the static graph case, P = Q = c(W ⊗ W). Under this case, the updating problem is to compute vec(Sk) for P by using the components in vec(Sk−1). We will outline the whole process below.\nStep 1: partition the states of the updated chain into G ∪ Ḡ, where G contains the states that are affected by the updates, and Ḡ contains all other states. In our setting, G corresponds to the states for vec(Skij), and it has g2 states. Reorder and partition vec(Sk−1) according to G ∪ Ḡ.\nStep 2: Reorder and partition the updated transition matrix P = c(W⊗W) into P̃ according to G and G:\nP̃ = c [\nP̃11 P̃12 P̃21 P̃22\n] = c [ Wjj ⊗Wii P̃12\nP̃21 P̃22\n] . (7)\nwhere P̃12 is the row of blocks Wj∗ ⊗ Wi∗ with Wjj ⊗ Wii removed, P̃21 is the column of blocks W∗j ⊗ W∗i with Wjj ⊗ Wii removed, and P̃22 is the sub-matrix of P̃ with the row Wj∗ ⊗Wi∗ and the column W∗j ⊗W∗i removed.\nStep 3: lump the states in Ḡ into one superstate to create a smaller approximate aggregated matrix given by\nA(g2+1)×(g2+1) = [\nWjj ⊗Wii P̃12e sT P̃21 1− sT P̃21e\n] . (8)\nin which s are components from vec(Sk−1) that correspond to the states in Ḡ, i.e., s is vec(Sk−1) with vec(Sk−1ij ) removed. After this step, P̃ is compressed into a (g2 + 1) × (g2 + 1) aggregated matrix A.\nStep 4: the stationary distribution αT = (α1, α2, . . . , αg2 , αg2+1) for A can be computed by using the iterative Equation (6). That is:\n(αl)T = c(αl−1)T A + (1− c)vec(I)T (9) where (α0)T = (vec(Iij)T , 1). Please notice that to execute Equation (9), we need start a new nested iterative process (local iteration), thus l is used here, not k.\nLet vec(Sk) ≈ vec(S̃) = α, Equation (9) can be further expanded as:\n(vec(S̃ l ij) T , αlg2+1) = c(vec(S̃ l−1 ij )\nT , αlg2+1)A +(1− c)vec(I)T\nThen, by Equation (8), we have,\nvec(S̃ l ij) T = c(vec(S̃ l−1 ij )\nT (Wjj ⊗Wii) + αlg2+1sT P̃21) +(1− c)vec(Iij)T\n(10) Recall that P̃21 is the column of blocks W∗j ⊗W∗i with Wjj ⊗ Wii removed, and s is vec(Sk−1) with vec(Sk−1ij ) removed, we have:\nsT P̃21 = m∑\nv=1 m∑ u=1\nvec(Sk−1uv )T (Wvj ⊗Wui) −vec(Sk−1ij )T (Wjj ⊗Wii)\nWhen l is sufficiently large, vec(S̃ l ij) T should approach its exact vector vec(Skij)T , which can be obtained by applying the vec operation to Equation (4):\nvec(Skij)T = c m∑\nv=1 m∑ u=1\nvec(Sk−1uv )T (Wvj ⊗Wui) +(1− c)vec(Iij)T (11)\nCompared Equation (11) with Equation (10), we can find the only difference between them is the factor αlg2+1. Thus, we can reasonably draw the conclusion that lim\nl→∞ αlg2+1 = 1. Thus, we\nsimply set αg2+1 = 1 to avoid computing it during the iteration. Now, Equation (10) is reduced to:\nvec(S̃ l ij) T = c× vec(S̃l−1ij )T (Wjj ⊗Wii) +c(sT P̃21) + (1− c)vec(Iij)T\nBy reducing the vec opeartor, we have,\nS̃ l ij = cWTiiS̃ l−1 ij Wjj\n+c m∑\nv=1 m∑ u=1\nWTuiSk−1uv Wvj − cWTiiSk−1ij Wjj +(1− c)Iij\nTo distinguish the results from iterative aggregation based method and naive iterative method, we use Ŝ k in iterative aggregation method instead of Sk. Furthermore, we let\nHij = c m∑\nv=1 m∑ u=1 WTuiŜ k−1 uv Wvj − cWTiiŜ k−1 ij Wjj + (1− c)Iij\n(12)\nFinally, we have\nS̃ l ij = cW T iiS̃ l−1 ij Wjj + Hij (13)\nNotice that, the first part of Equation (13) can be computed by GPUsmm() iteratively, while the second part Hij needs to be computed only once. Equation (12) is similar with Equation (4). So it can be computed by GPUSRB (Algorithm 1) with few modifications.\nAlgorithm 2 IA based GPU SimRank(IADSimRank) INPUT: The normalized adjacency matrix W\nThe last similarity matrix Ŝk−1\nOUTPUT: The new similarity sub-matrix Ŝkij\n01: Reorder and partition Ŝk−1 according to G ∪ Ḡ (Step 1). 02: Reorder and partition P according to G ∪ Ḡ (Step 2). 03: Calculate Hij by Equation (12) (Step 3, aggregate P into A.\nNote that, sT P̃21 can be viewed as a part of vec(Hij)). 04: Let l = 1 and S̃0ij = Iij . 05: Compute S̃lij using Equation (13). (Step 4) 06: If err(S̃lij , S̃ l−1 ij ) < ε for a given tolerance ε, Ŝ k ij = S̃ l ij , quit; 07: Otherwise, continue from Line 05 with l increased by 1.\nThe complete iterative aggregation algorithm for a SimRank block computation is outlined in Algorithm 2. As mentioned, the GPUSRB can be used in Line 03, and the GPUsmm() can be used in Line 05. And in Line 06, err(A, B) is the average differences between two matrices calculated by\nerr(An×n, Bn×n) =\nn∑ i=1 n∑ j=1 |A(i, j)− B(i, j)|\nn× n (14)\nIn Algorithm 2, to compute the whole SimRank matrix, we always use the newest computed SimRank block S̃ij to calculate the subsequent SimRank blocks even in the same iterative step."
    }, {
      "heading" : "3.3 Theoretical Justification and Analysis",
      "text" : "As discussed above, to compute the SimRank scores for a block in a certain iterative step, the naive iterative SimRank method (Algorithm 1) uses Equation (4) while the iteration aggregation method (Algorithm 2) uses Equation (13). From the comparison of the two Equations, we can find that the iteration aggregation method is not efficient. A whole iteration process is embedded in it in order to compute the convergent result of S̃ l ij . However, this is only the part conclusion. Although iteration aggregation method takes more time at each iterative step than the naive iterative SimRank method does, it produces better result. That means, it needs fewer iterations to reach the final convergence. So the overall performance of the iteration aggregation is better. We will give a detailed theoretical justification on this in the following.\nThough some convergence properties of iteration aggregation method are analyzed by existing works ([41], [29] and so on), the Random Suffer-Pairs Model of SimRank is more complex than Markov chains. we will only discuss the global convergence of our method, and leave the local convergence analysis to the future study.\nIn order to justify the iteration aggregation method to some extent in this paper, we will prove that the iteration aggregation method goes further in one step than a naive method does. In another word, the iteration aggregation method converges faster.\nTHEOREM 1. Sx and Syij are the results of the x-th and the yth naive iterative SimRank step respectively. If x ≤ y, then Sxij ≤ Syij ≤ S.\nTheorem 1 indicates that the iterative results are nondecreasing as the iterative number increases. This theorem is presented by [17]. Similarly, the local iteration of iterative aggregation SimRank has Theorem 2.\nTHEOREM 2. S̃ x ij and S̃ y ij are the results of the x-th and the yth local iterative step of the same iterative aggregation SimRank step respectively. If x ≤ y, then S̃xij ≤ S̃yij ≤ S̃ij .\nTheorem 2 can be proved by induction. We omit it here due to the limit of space.\nLEMMA 1. Let Sk̂−1 be the result of the (k̂ − 1)-th naive iterative SimRank step, and Ŝ k̂−1 be the result of the (k̂ − 1)-th iterative aggregation SimRank step, Sk be the result of the k-th naive iterative SimRank step, and S̃ l ij be the result of the l-th local iterative step in the k̂-th iterative aggregation SimRank step. If Sk̂−1 ≤ Ŝk̂−1 ≤ S, and l = k ≤ k̃, there is Skij ≤ S̃lij ≤ S.\nThe proof of Lemma 1 is omitted here due to the limit of space.\nTHEOREM 3. Let Sk be the result of the k-th naive iterative SimRank step, and Ŝ k be the result of the k-th iterative aggregation SimRank step, then Sk ≤ Ŝk ≤ S, and lim k→∞ Ŝ k = S.\nPROOF. Let S̃ l ij be the result of the l-th local iteration of the k-th iterative aggregation SimRank step. From Theorem 1 and Lemma 1, there is Skij ≤ Slij ≤ S̃lij ≤ Sij , when k ≤ l. Because Ŝ k ij =\nS̃ij = lim l→∞\nS̃ l ij , we can have Skij ≤ Ŝ k ij ≤ Sij obviously. And since lim\nk→∞ Sk = S, there is lim k→∞ Ŝ\nk = S.\nTheorem 3 shows the global convergence of iterative aggregation SimRank method, as well as the property that iterative aggregation SimRank step can produce greater results than a naive iterative one. In another word, iterative aggregation converges faster than naive iterative method."
    }, {
      "heading" : "4. INCREMENTAL SIMRANK UPDATE",
      "text" : "In many real setting, the graphs are evolving and growing over time, e.g., new nodes(links) arrive or link weights change. The study of such evolution of the graph would require computing the SimRank scores for the graph at different time instances. A straightforward approach would be to compute these scores for the whole graph at each time instance. However, given the large size of many real graphs, it is becoming increasingly infeasible. Furthermore, if the percent of nodes that change during a typical time interval is not high, a large portion of the computation cost may be wasted on re-computing the scores for the unchanged portion. Hence, to save the computation cost, there is a requirement for computing SimRank scores incrementally.\nAs discussed earlier, the only research work on incremental SimRank computation [25] suffers from the limitation that it can only handle the link-updating problem. Consequently, in this section, we will introduce how the iterative aggregation method can handle the link-updating problem as well as the node-updating problem\nand is computationally cheap. The basic idea is to reorder and partition the updated column-normalized adjacent matrix W̄ into two parts: affected region and original region. Newly added nodes are automatically located in affected region, and deleted nodes are accounted for by changing affected transition probabilities to zero. The stationary distribution is updated only for those blocks located in affected region by using the iterative aggregation method. The intuition is that the change is primarily local, and most stationary probabilities are not significantly affected.\nAssume the number of graph nodes changed from n to n̄, and each node group still has g nodes. The updated column-normalized adjacency matrix W̄ is partitioned into the following blocks:\nW̄ =   W̄11 · · · W̄1r · · · W̄1m̄ ... ... . . . ... ...\nW̄r1 · · · W̄rr · · · W̄rm̄ ... ... . . . ... ... W̄m̄1 · · · W̄m̄r · · · W̄m̄m̄\n \n(15)\nin which r = pt÷ gq, m̄ = pn̄÷ gq, and t is the number of most affected nodes in W̄.\nThen, reorder and partition the similarity matrix S̄ correspondingly. For each block S̄ij (1 ≤ i ≤ r or 1 ≤ i ≤ r), Algorithm 2 is called to update the SimRank scores. Algorithm 3 outlines the whole process for SimRank updating. Please note that Line 07 is a single global iteration step, which adjusts the SimRank values of original region, and also contributes to the convergence process.\nAlgorithm 3 IA based SimRank Update(IADSimRankUpdate) INPUT: The Updated normalized adjacency matrix W̄ The old similarity matrix S OUTPUT: The new similarity matrix S̄\n01: Reorder and partition W̄ as described in Equation (15). 02: Reorder and partition S̄ and S correspondingly. 03: Let k = 1 and initialize S̄0ij (1 ≤ i ≤ m̄, 1 ≤ j ≤ m̄):\nS̄0ij = { Iij , 1 ≤ i ≤ ror1 ≤ j ≤ r Sij , otherwise .\n04: For each S̄kij (1 ≤ i ≤ r or 1 ≤ j ≤ r) in affected region: 05: compute S̄kij = S̃ij iteratively by Algorithm 2. 06: For each S̄kij (r < i ≤ m̄ and r < j ≤ m̄) in original region: 07: compute S̄kij by Algorithm 1. 08: If err(S̄k, S̄k−1) < ε for a given tolerance ε, quit with S̄k; 09: Otherwise, continue from Line 04 with k increased by 1."
    }, {
      "heading" : "5. GPU IMPLEMENT OF ALGORITHM",
      "text" : "GPU has shown its power beyond graphic and recently, significant developments make the new generation GPU capable of general purpose programming, there are increasing attention to exploit the parallel computational power of GPU. In this section, we will introduce how to implement the key procedure GPUsmm() of Algorithm 1 based on GPU. It is used to finish the expensive matrix manipulation efficiently."
    }, {
      "heading" : "5.1 Data Storage Model",
      "text" : "In order to utilize the inherent parallelism and vector processing capabilities of the GPUs for matrix computing, a suitable underlying data storage model should be carefully designed. Since the real\napplication graphs are sparse, we take the spare matrix as the representation of our data. Considering the characteristics of GPUs1, we adopt the Double Compressed Sparse Row (DCSR) [3] to represent sparse matrices in GPU memory. DCSR format is a popular, general-purpose sparse matrix representation, which allows fast access to rows of the matrix.\nThe DCSR format facilitates fast queries of matrix elements in row-wise order. In addition, it allows other quantities of interest to be computed, such as the number of nonzero elements in a particular row (rowPtr(i+1)-rowPtr(i)). The storage space of sparse matrix A in DCSR format is strictly O(nnz(A)), where nnz(A) denotes the number of nonzero values in A."
    }, {
      "heading" : "5.2 Algorithm Implement",
      "text" : "The pseudo-codes of GPUsmm to solve Equation (5) are shown in Algorithm 4 and Algorithm 5. Algorithm 4 is running on the CPU side, which is in response of transferring data and invoking GPU kernels. Algorithm 5 is pseudo-code of a kernel running on a single GPU thread, which produces a row of result matrix.\nAlgorithm 4 GPUsmm(α,A,B,C,β,D) 01: Allocate spaces in GPU memory for A, B, C and D in DCSR format. 02: Transfer data of A, B, C and D into GPU memory. 03: Allocate spaces in GPU memory for E in dense format. 03: Let n be the number of non-empty rows in A. 04: Let E=GPUsmmKernel〈n〉(α,A,B,C,β,D). 05: Transfer data of E back to main memory. 06: Free spaces allocated for matrices in GPU memory. 07: Compress E into DCSR format and return it.\nAlgorithm 5 GPUsmmKernel〈n〉(a,A,B,C,b,D) 01: Get the index of this thread x. 02: Initialize all elements of the x-th row of E with zero values. 03: Find the elements A(x, ∗) in the x-th row of A. 04: For each element A(x, y) in A(x, ∗): 05: find the elements B(y, ∗) in the y-th row of B. 06: For each element B(y, z) in B(y, ∗): 07: find the elements C(z, ∗) in the z-th row of C. 08: For each element (C)(z, w) in C(z, ∗): 09: update the (x, w)-th element E(x, w) in E with\nE(x, w) = E(x, w) + A(x, y)B(y, z)C(z, w).\n10: Find the elements D(x, ∗) in the x-th row of D. 11: For each element D(x, y) in D(x, ∗): 12: update the (x, y)-th element E(x, y) in E with\nE(x, y) = aE(x, y) + bD(x, y).\n12: Return the x-th row E(x, ∗) of E.\nIn Algorithm 5, parameter n is the total number of threads in the launched kernel grid, which is specified by Algorithm 4 according to the number of non-empty rows in A. To localize elements of the i-th row in Algorithm 5 (Line 3, 5, 7 and 10) is straightly via DCSR format, because rowPtr(i) shows the position of the first element of this row in columnIdx and value, while the following (rowPtr(i+1)rowPtr(i)) elements belong to this row.\n1The GPU memory is not large enough for a whole sparse matrix even in a compressed format, the cost of communication between main memory and GPU memory is relatively high."
    }, {
      "heading" : "6. EMPIRICAL RESULTS",
      "text" : "To evaluate the effectiveness and efficiency of our algorithms, we conducted extensive experiments. We implemented all experiments on a PC with Intel Pentium 4 3.0GHz CPU, 1G main memory and a 256M NVIDIA GeForce 9600GT GPU, running Fedora 8 Linux operating system2.\nWe first present a comprehensive study using the synthetic datasets, which shows high effectiveness and efficiency of our algorithms. We then evaluate the efficiencies of our algorithms on two real data sets, the DBLP and the English Wikipedia data. The runtime reported in all experiments includes the I/O time. We compare the performance of the following three algorithms:\n• Ite: the naive iterative method which uses GPUSRB (Algorithm 1) to compute the SimRank scores for a static graph.\n• IADC: the iterative aggregation method which uses IADSimRank (Algorithm 2) to compute the SimRank scores for a static graph.\n• IADU: the iterative aggregation algorithm IADSimRankUpdate (Algorithm 3) to update the SimRank scores for a dynamic graph."
    }, {
      "heading" : "6.1 Experiments on Synthetic Datasets",
      "text" : "Table 2 shows the detail of our generated synthetic graphs G1, G2, . . . , G5. Each node of Gi (1 ≤ i ≤ 5) can choose a constant number of neighbors randomly.\nIn this set of experiment, we use the following default parameters: decay factor c = 0.8, tolerance of iterations ε = 10−7. We observe that there will be 3 to 8 steps in each local iteration in average.\n6.1.1 Efficiencies and Effectiveness In this experiment, we conducted experiments to evaluate the ef-\nficiency of our three parallel algorithms. We set group node number g to be 1000. For the iterative aggregation update algorithm IADU, SimRank scores of Gi is computed based on the scores of Gi−1.\n2we have made our codes available through the web: http://bi.ruc.edu.cn/file/GPUSimRank.rar.\nFigure 1 shows the efficiency performance of our three algorithms. Figure 1(a) shows the average time spent on each iterative step, and Figure 1(b) shows the total computation time used to obtain the final convergent result. We can find that although the iterative aggregation methods (IADC and IADU) spend more average time in one iterative step due to the embeded local iteration, they have better overall performance than the naive method (Ite) does. That is, to reach a given tolerance, IADC and IADU methods need fewer steps. This coincides with our theoretical analysis very well. Comparing to the naive method, the iterative aggregation methods can generally have 1.5-2x reduction on total computation time. From Figure 1, we can also find that IADU outperforms IADC. This is because only most affected blocks of IADU needs a local iteration for each iterative step. The SimRank scores of the unaffected blocks are retained for the the new graph, which enables IADU to achieve a faster convergence speed.\nIn Table 3, rows labeled by “k = 1”, “k = 10” and “k = 20” show the values of err(Sk, Sk−1) (Equation (14)). Rows labeled by “num of steps” show the number of iterative steps to convergence. These results indicate that IADC and IADU converge about 2x faster than Ite does. IADU is a little faster than IADC. Rows labeled by “err” are computed by err(SIte, SIADC) and err(SIte, SIADU ), which show the average difference between the “converged” results of the iterative aggregation methods and the naive method. These “err” values are relatively small; it prove that the iterative aggregation methods have high accuracy.\nthe three algorithms on different hardware platforms. To compare the GPU algorithms with CPU algorithms, we also implemented similar CPU-based algorithms on the same PC with single-core CPU (CPUS) and another expensive PC with quad-core Intel Core 2 Quad 2.66GHz CPU (CPUQ), 4G main memory running Windows XP Professional Edition.\nFigure 2 shows the average step time of Ite and IADC running on three different hardware platforms. From both Figures, we can find that our GPU algorithms achieves about 3x speed up than CPUS and is comparable with CPUQ.\n6.1.3 The Impact of Group Size This experiment is to used to check the impact of group size on\nalgorithm performance. Graph G1 are partitioned into 2, 4, 5, 8, 10, and 20 groups respectively by setting g to be 5000, 2500, 2000, 1250, 1000, and 500. Figure 3(a) shows the convergence speeds by spotted the values of err(Sk+1, Sk). IAD@i means running IADC on a graph with i groups. Please note that when the graph has only one group, algorithms IADC and Ite are same. So IAD@1 is exactly Ite. From Figure 3(a), we can find that to reach a given tolerance, Ite needs 45 steps, IAD@2 needs 24 steps, IAD@4 needs 25 steps, IAD@5 needs 25 steps, IAD@8 needs 25 steps, IAD@10 needs 25 steps, and IAD@20 needs 24 steps. Figure 3(b) shows the average time IADC used for one iterative step, and Figure 3(c) shows the total time that IADC used for the whole computation process on different graph partitions. From the results, we can find that running IADC on different graph partitions has nearly the same convergence speeds. IADC converges about 2x faster than Ite does. But different group size causes the average step time to be different, and thus affects the total time."
    }, {
      "heading" : "6.2 Experiment on DBLP dataset",
      "text" : "This experiment is used to verify the efficiency and effectiveness of three algorithms for computation and update on practical datasets.\nWe extract the 10-year (from 1998 to 2007) author-paper information from the whole DBLP dataset3. Here, we pick up papers published on 6 major conferences (’ICDE’, ’VLDB’, ’SIGMOD’, ’WWW’, ’SIGIR’ and ’KDD’). Every year forms a time step. For each time step, we construct a co-authorship graph incrementally from the one of previous time step. In these graphs, the authors are reordered first by their first year to show up in this dataset, and then by the conference they first participated in this year. Consequently, we can have a natural partition on the nodes by years and conferences. The details of DBLP dataset is presented in Table 4.\nTable 5 and Figure 4 show the experimental results. Table 5 gives the number of iterative steps needed of three algorithms to reach the final convergence, Figure 4(a) shows the average step time, and Figure 4(b) shows the total time. As expected, IADU performs better than the other two algorithms. The performance trends revealed by Figure 4 is remarkably similar to those revealed by Figure 1. 3http://dblp.uni-trier.de/xml/, more details are presented in [24]\nIn contrast to the synthetic datasets in which nodes have a fix number of neighbors, the co-authorship graphs follows a power law to some degree. The characters such as power law distribution and natural partition help all three algorithms (especially IADC and IADU) gain a better performance on DBLP dataset than on synthetic datasets.\nFrom the results of DBLP dataset, we also notice that some blocks of the SimRank matrix remain zero after several iterative steps. One of our future work is to detect these empty blocks in advance, which could reduce the computation cost dramatically."
    }, {
      "heading" : "6.3 Experiment on Wikipedia",
      "text" : "At last, we attempt to employ our algorithms on large data graphs, such as Wikipedia. Wikipedia4 is “a multilingual, Web-based, free-content encyclopedia project which is written collaboratively by volunteers from all around the world”. As a most popular online encyclopedia, 4http://www.wikipedia.org/\nWikipedia has recently obtained a big interest from academic communities, such as [4] and [27].\nIn this experiment, we want to compute the SimRank scores of Wikipedia by using the three algorithms. First, we organized data from Wikipedia into the SimRank graph model by the method presented in [27]. An article in Wikipedia, which describes a single encyclopedia concept, becomes an node in the graph. The relationships “an article belongs to a category which is also an article itself” is chosen to be links in the graph. Note that, category links constitute a subset of links in Wikipedia, so the category graph covers only a subset of the whole Wikipedia.\nWe generate 3 category graphs from 3 English Wikipedia dumps achieved respectively on August 16, 2009 (wiki0816), August 27, 2009 (wiki0827) and September 9, 2009 (wiki0909). Category graph wiki0816 has 3,027,633 nodes and 1,104,571 edges, wiki0827 has 3,042,063 nodes and 1,112,619 edges, and wiki0909 has 3,055,136 nodes and 1,116,820 edges.\nTo keep the matrices sparse during the computation, we set a threshold ∆ = 0.01 [27] to remove the small values. Since the SimRank computation on large graphs is time consuming, we only finish 5 iterations for each algorithms with decay factor c = 0.8. We report the value of err(S5, S4) and the average step time in Table 6. Though IADC and IADU have no superiority in average step time, we can find that they converges faster than Ite does."
    }, {
      "heading" : "7. RELATED WORK",
      "text" : "A great many analytical techniques have been proposed toward a better understanding of information networks and their properties. Below we briefly describe the work that is most relevant to the current work.\nStatic Graph Analysis. There is a lot of research work on static graph analysis, including power laws discovery [30], frequent pattern mining [40, 39], clustering and community identification [32, 13], and node ranking [33, 18].\nIn terms of node similarity, generally, two categories can be summarized: 1) content- or text-based similarity measures that treat each object as a bag of items or as a vector of word weights [11], and 2) link- or structure-based ones that consider object-to-object relations expressed in terms of links [17], [19], [7], [22]. In the research of [28], the above two kinds of measures are evaluated, and link-based measure produced systematically better correlation with human judgements than the former one. SimRank [17] is a influential measure of the second category, which based on both a clear human intuition and a solid theoretical background. Xi et al. proposed another node similarity computing algorithm called SimFusion [38] that utilizes the similar idea of recursively computing node similarity scores based on the scores of neighboring nodes.\nHowever, the time complexity of the straightforward SimRank or SimFision computation algorithms are very high. This leads to a variety of optimization techniques to reduce the computation cost of SimRank. Fingerprint-SimRank [10] pre-computes several steps of random walk path from each object. Although it improves computational performance of SimRank, Fingerprint-SimRank has highly cost of high space complexity. Lizorkin et al. [27] estimates the accuracy of computing SimRank and presents three optimization strategies to speed up the computation of SimRank. Overall, these methods are all based on regular CPU, none of which has considered to utilize the parallel function of hardwares such as GPU or multi-core CPU. To the best of our knowledge, this is the first paper that considers to optimize the SimRank computation based on GPU.\nDynamic Graph Analysis. Recently, there is an increasing interest in mining dynamic graphs, such as group or community evolution [36, 1], power laws of dynamic graphs [23], dynamic tensor analysis [34], and dynamic clustering [5]. In terms of similarity updating, to the best of our knowledge, the only two existing papers are [37] and [25]. [37] proposed two algorithms to update the similarity matrix incrementally based on the Random Walk with Restart (RWR) model for a bipartite graph. [37] is the only paper concerning the incremental SimRank update problem on evolving graphs. Unfortunately, these two methods all have one inherent limitation: they all assumes that the number of graph nodes are fixed. That means, they can only handle the link-updating problem. In contrast, the iterative aggregation method proposed in this paper can handle both the link-updating problem and the node-updating problem.\nIterative Aggregation. Since [31] brought forward the concept of nearly completely reducible (NCR) Markov chain, the iterative aggregation method has been widely exploited to applications based on NCR Markov chains, e.g. distributed PageRank computing [41], PageRank updating [20], [21], etc.\nGPU Applications. Recently, the GPUs have been used as a hardware accelerator for various non-graphics applications, called\ngeneral purpose computation, such as scientific computation, matrix multiplication, sort, databases operations and so on. Methods have been proposed to enhance k nearest neighbor query [12], stream mining [15], information retrieval [6], relational joins on database [16] and sort [14]. Besides, [8] gives a general framework of GPU-CPU based data mining, which takes k-means clustering and Apriori frequent pattern mining as case studies. The computation of SimRank can be split to Matrix-Matrix multiplications, which is indeed suitable to take advantage of parallel programming. [3] discussed the challenge and advances to implement sparse matrix multiplication under parallel architecture, and [2] used graphic processers to further improve the performance."
    }, {
      "heading" : "8. CONCLUSION",
      "text" : "This paper addresses the issues of optimization as well as incremental update of SimRank for static and dynamic graphs. We have proposed a GPU-based parallel framework for SimRank computation. Based on the observation that SimRank is essentially a firstorder Markov Chain, we have developed two efficient algorithms to compute SimRank scores for static and dynamic graphs. We provide theoretical guarantee for our methods and demonstrate its efficiency and effectiveness on synthetic and real data sets. Overall, we believe that we have provided a new paradigm for exploration of and knowledge discovery in large graphs. This work is just the first step, and there are many challenging issues. We are currently investigating into detailed issues as a further study."
    }, {
      "heading" : "9. REFERENCES",
      "text" : "[1] L. Backstrom, D. Huttenlocher, and J. Kleinberg. Group\nformation in large social networks: membership, growth, and evolution. In Proc. of the 12th Int’l Conference on Knowledge discovery and data mining(KDD’06), 2006.\n[2] N. Bell and M. Garland. Efficient sparse matrix-vector multiplication on cuda. In Technical Report NVR-2008-004, 2008.\n[3] A. Buluç and J. R. Gilbert. Challenges and advances in parallel sparse matrix-matrix multiplication. In ICPP ’08: Proceedings of the 2008 37th International Conference on Parallel Processing, pages 503–510, Washington, DC, USA, 2008. IEEE Computer Society.\n[4] L. S. Buriol, C. Castillo, D. Donato, S. Leonardi, and S. Millozzi. Temporal analysis of the wikigraph. In WI ’06: Proceedings of the 2006 IEEE/WIC/ACM International Conference on Web Intelligence, pages 45–51, Washington, DC, USA, 2006. IEEE Computer Society.\n[5] Y. Chi, X. Song, D. Zhou, K. Hino, and B. L. Tseng. Evolutionary spectral clustering by incorporating temporal smoothness. In Proc. of the 13th Int’l Conference on Knowledge discovery and data mining(KDD’07), 2007.\n[6] S. Ding, J. He, H. Yan, and T. Suel. Using graphics processors for high performance ir query processing. In WWW ’09: Proceedings of the 18th international conference on World wide web, pages 421–430, New York, NY, USA, 2009. ACM.\n[7] C. Faloutsos, K. S. McCurley, and A. Tomkins. Fast discovery of connection subgraphs. In KDD ’04: Proceedings of the tenth ACM SIGKDD international conference on Knowledge discovery and data mining, pages 118–127, New York, NY, USA, 2004. ACM.\n[8] W. Fang, K. K. Lau, M. Lu, X. Xiao, C. K. Lam, P. Y. Yang, B. He, Q. Luo, P. V. Sander, and K. Yang. Parallel data\nmining on graphic processors. In Technical Report HKUST-CS09-07.\n[9] D. Fogaras and B. Racz. Scaling link-based similarity search. In Proc. of the 14th Int’l Conference on World Wide Web (WWW’05), 2005.\n[10] D. Fogaras and B. Rácz. Scaling link-based similarity search. In WWW ’05: Proceedings of the 14th international conference on World Wide Web, pages 641–650, New York, NY, USA, 2005. ACM.\n[11] P. Ganesan, H. Garcia-Molina, and J. Widom. Exploiting hierarchical domain structure to compute similarity. ACM Trans. Inf. Syst., 21(1):64–93, 2003.\n[12] V. Garcia, E. Debreuve, and M. Barlaud. Fast k nearest neighbor search using gpu. CoRR, abs/0804.1448, 2008.\n[13] M. Girvan and M. Newman. Community structure in social and biological networks. In Proc. Of the National Academy of Sciences, 2002.\n[14] N. K. Govindaraju, J. Gray, R. Kumar, and D. Manocha. Gputerasort: high performance graphics co-processor sorting for large database management. In SIGMOD ’06: Proceedings of the 2006 ACM SIGMOD international conference on Management of data, pages 325–336, New York, NY, USA, 2006. ACM.\n[15] N. K. Govindaraju, N. Raghuvanshi, and D. Manocha. Fast and approximate stream mining of quantiles and frequencies using graphics processors. In SIGMOD ’05: Proceedings of the 2005 ACM SIGMOD international conference on Management of data, pages 611–622, New York, NY, USA, 2005. ACM.\n[16] B. He, K. Yang, R. Fang, M. Lu, N. K. Govindaraju, Q. Luo, and P. V. Sander. Relational joins on graphics processors. In SIGMOD ’08: Proceedings of the 2008 ACM SIGMOD international conference on Management of data, pages 511–524, New York, NY, USA, 2008. ACM.\n[17] G. Jeh and J. Widom. Simrank: a measure of structural-context similarity. In KDD ’02: Proceedings of the eighth ACM SIGKDD international conference on Knowledge discovery and data mining, pages 538–543, New York, NY, USA, 2002. ACM.\n[18] J. Kleinberg. Authoritative sources in a hyperlinked environment. Journal of the ACM, 1999.\n[19] Y. Koren, S. C. North, and C. Volinsky. Measuring and extracting proximity in networks. In KDD ’06: Proceedings of the 12th ACM SIGKDD international conference on Knowledge discovery and data mining, pages 245–255, New York, NY, USA, 2006. ACM.\n[20] A. N. Langville and C. D. Meyer. Updating pagerank with iterative aggregation. In WWW Alt. ’04: Proceedings of the 13th international World Wide Web conference on Alternate track papers & posters, pages 392–393, New York, NY, USA, 2004. ACM.\n[21] A. N. Langville and C. D. Meyer. Updating markov chains with an eye on google’s pagerank. SIAM J. Matrix Anal. Appl., 27(4):968–987, 2006.\n[22] E. A. Leicht, P. Holme, and M. E. J. Newman. Vertex similarity in networks. Physical Review E, 73:026120, 2006.\n[23] J. Leskovec, J. M. Kleinberg, and C. Faloutsos. Graphs over time: densification laws, shrinking diameters and possible explanations. In Proc. of the 13th Int’l Conference on Knowledge discovery and data mining(KDD’07), 2007.\n[24] M. Ley. Dblp: some lessons learned. Proc. VLDB Endow., 2(2):1493–1500, 2009.\n[25] C. Li, J. Han, G. He, X. Jin, Y. Sun, Y. Yu, and T. Wu. Fast computation of simrank for static and dynamic information networks. In EDBT’10, 2010.\n[26] D. Lizorkin, P. Velikhov, M. Grinev, and D. Turdakov. Accuracy estimate and optimization techniques for simrank computation. In Proc. of the 34st Int’l Conference on Very Large Databases (VLDB’08), 2008.\n[27] D. Lizorkin, P. Velikhov, M. N. Grinev, and D. Turdakov. Accuracy estimate and optimization techniques for simrank computation. Proc. VLDB Endow., 1(1):422–433, 2008.\n[28] A. G. Maguitman, F. Menczer, F. Erdinc, H. Roinestad, and A. Vespignani. Algorithmic computation and approximation of semantic similarity. World Wide Web, 9(4):431–456, 2006.\n[29] I. Marek, P. Mayer, and I. Pultarova. Convergence issues in the theory and practice of iterative aggregation/disagrregation methods. Electronic Transactions on Numerical Analysis, 35:185–200, 2009.\n[30] M.E.J.Newman. The structure and function of complex netwroks. SIAM Review, 2003.\n[31] C. D. Meyer. Stochastic complementation, uncoupling markov chains, and the theory of nearly reducible systems. SIAM Review, 31(2):240–272, 1989.\n[32] A. Ng, M. Jordan, and Y. Weiss. On spectral clustering: Analysis and an algorithm. In Proc. Of the Advances in Neural Information Processing Systems(NIPS), 2002.\n[33] L. Page, S. Brin, R. Motwani, and T. Winograd. The pagerank citation ranking: Bringing order to the web. Technical report, Stanford University Database Group, http://citeseer.nj.nec.com/368196.html, 1998.\n[34] J. Sun, D. Tao, and C. Faloutsos. Beyond streams and graphs: dynamic tensor analysis. In Proc. of the 12th Int’l Conference on Knowledge discovery and data mining(KDD’06), 2006.\n[35] Y. Takahashi. A lumping method for numerical calculations of stationary distributions of markov chains. 1975.\n[36] C. Tantipathananandh, T. Y. Berger-Wolf, and D. Kempe. A framework for community identification in dynamic social networks. In Proc. of the 13th Int’l Conference on Knowledge discovery and data mining(KDD’07), 2007.\n[37] H. Tong, S. Papadimitriou, P. S. Yu, and C. Faloutsos. Proximity tracking on time-evolving bipartite graphs. In Proc. of SDM, 2008.\n[38] W. Xi, E. A. Fox, W. Fan, B. Zhang, Z. Chen, J. Yan, and D. Zhuang. Simfusion: measuring similarity using unified relationship matrix. In SIGIR ’05: Proceedings of the 28th annual international ACM SIGIR conference on Research and development in information retrieval, pages 130–137, New York, NY, USA, 2005. ACM.\n[39] X. Yan and J. Han. Closegraph: Mining closed frequent graph patterns. In Proc. of the 9th Int’l Conference on Knowledge discovery and data mining(KDD’03), 2003.\n[40] X. Yan, P. S. Yu, and J. Han. Substructure similarity search in graph databases. In Proc. Of ACM-SIGMOD Int’l Conference on Management of Data, 2005.\n[41] Y. Zhu, S. Ye, and X. Li. Distributed pagerank computation based on iterative aggregation-disaggregation methods. In CIKM ’05, pages 578–585, New York, NY, USA, 2005. ACM."
    } ],
    "references" : [ {
      "title" : "Group formation in large social networks: membership, growth, and evolution",
      "author" : [ "L. Backstrom", "D. Huttenlocher", "J. Kleinberg" ],
      "venue" : "In Proc. of the 12th Int’l Conference on Knowledge discovery and data mining(KDD’06),",
      "citeRegEx" : "1",
      "shortCiteRegEx" : "1",
      "year" : 2006
    }, {
      "title" : "Efficient sparse matrix-vector multiplication on cuda",
      "author" : [ "N. Bell", "M. Garland" ],
      "venue" : "Technical Report NVR-2008-004,",
      "citeRegEx" : "2",
      "shortCiteRegEx" : "2",
      "year" : 2008
    }, {
      "title" : "Challenges and advances in parallel sparse matrix-matrix multiplication",
      "author" : [ "A. Buluç", "J.R. Gilbert" ],
      "venue" : "Proceedings of the 2008 37th International Conference on Parallel Processing,",
      "citeRegEx" : "3",
      "shortCiteRegEx" : "3",
      "year" : 2008
    }, {
      "title" : "Temporal analysis of the wikigraph",
      "author" : [ "L.S. Buriol", "C. Castillo", "D. Donato", "S. Leonardi", "S. Millozzi" ],
      "venue" : "In WI ’06: Proceedings of the 2006 IEEE/WIC/ACM International Conference on Web Intelligence,",
      "citeRegEx" : "4",
      "shortCiteRegEx" : "4",
      "year" : 2006
    }, {
      "title" : "Evolutionary spectral clustering by incorporating temporal smoothness",
      "author" : [ "Y. Chi", "X. Song", "D. Zhou", "K. Hino", "B.L. Tseng" ],
      "venue" : "In Proc. of the 13th Int’l Conference on Knowledge discovery and data mining(KDD’07),",
      "citeRegEx" : "5",
      "shortCiteRegEx" : "5",
      "year" : 2007
    }, {
      "title" : "Using graphics processors for high performance ir query processing",
      "author" : [ "S. Ding", "J. He", "H. Yan", "T. Suel" ],
      "venue" : "In WWW ’09: Proceedings of the 18th international conference on World wide web,",
      "citeRegEx" : "6",
      "shortCiteRegEx" : "6",
      "year" : 2009
    }, {
      "title" : "Fast discovery of connection subgraphs",
      "author" : [ "C. Faloutsos", "K.S. McCurley", "A. Tomkins" ],
      "venue" : "Proceedings of the tenth ACM SIGKDD international conference on Knowledge discovery and data mining,",
      "citeRegEx" : "7",
      "shortCiteRegEx" : "7",
      "year" : 2004
    }, {
      "title" : "Scaling link-based similarity search",
      "author" : [ "D. Fogaras", "B. Racz" ],
      "venue" : "In Proc. of the 14th Int’l Conference on World Wide Web (WWW’05),",
      "citeRegEx" : "9",
      "shortCiteRegEx" : "9",
      "year" : 2005
    }, {
      "title" : "Scaling link-based similarity search",
      "author" : [ "D. Fogaras", "B. Rácz" ],
      "venue" : "Proceedings of the 14th international conference on World Wide Web,",
      "citeRegEx" : "10",
      "shortCiteRegEx" : "10",
      "year" : 2005
    }, {
      "title" : "Exploiting hierarchical domain structure to compute similarity",
      "author" : [ "P. Ganesan", "H. Garcia-Molina", "J. Widom" ],
      "venue" : "ACM Trans. Inf. Syst.,",
      "citeRegEx" : "11",
      "shortCiteRegEx" : "11",
      "year" : 2003
    }, {
      "title" : "Fast k nearest neighbor search using gpu",
      "author" : [ "V. Garcia", "E. Debreuve", "M. Barlaud" ],
      "venue" : "CoRR, abs/0804.1448,",
      "citeRegEx" : "12",
      "shortCiteRegEx" : "12",
      "year" : 2008
    }, {
      "title" : "Community structure in social and biological networks",
      "author" : [ "M. Girvan", "M. Newman" ],
      "venue" : "In Proc. Of the National Academy of Sciences,",
      "citeRegEx" : "13",
      "shortCiteRegEx" : "13",
      "year" : 2002
    }, {
      "title" : "Gputerasort: high performance graphics co-processor sorting for large database management",
      "author" : [ "N.K. Govindaraju", "J. Gray", "R. Kumar", "D. Manocha" ],
      "venue" : "Proceedings of the 2006 ACM SIGMOD international conference on Management of data,",
      "citeRegEx" : "14",
      "shortCiteRegEx" : "14",
      "year" : 2006
    }, {
      "title" : "Fast and approximate stream mining of quantiles and frequencies using graphics processors",
      "author" : [ "N.K. Govindaraju", "N. Raghuvanshi", "D. Manocha" ],
      "venue" : "Proceedings of the 2005 ACM SIGMOD international conference on Management of data,",
      "citeRegEx" : "15",
      "shortCiteRegEx" : "15",
      "year" : 2005
    }, {
      "title" : "Relational joins on graphics processors",
      "author" : [ "B. He", "K. Yang", "R. Fang", "M. Lu", "N.K. Govindaraju", "Q. Luo", "P.V. Sander" ],
      "venue" : "Proceedings of the 2008 ACM SIGMOD international conference on Management of data,",
      "citeRegEx" : "16",
      "shortCiteRegEx" : "16",
      "year" : 2008
    }, {
      "title" : "Simrank: a measure of structural-context similarity",
      "author" : [ "G. Jeh", "J. Widom" ],
      "venue" : "Proceedings of the eighth ACM SIGKDD international conference on Knowledge discovery and data mining,",
      "citeRegEx" : "17",
      "shortCiteRegEx" : "17",
      "year" : 2002
    }, {
      "title" : "Authoritative sources in a hyperlinked environment",
      "author" : [ "J. Kleinberg" ],
      "venue" : "Journal of the ACM,",
      "citeRegEx" : "18",
      "shortCiteRegEx" : "18",
      "year" : 1999
    }, {
      "title" : "Measuring and extracting proximity in networks",
      "author" : [ "Y. Koren", "S.C. North", "C. Volinsky" ],
      "venue" : "Proceedings of the 12th ACM SIGKDD international conference on Knowledge discovery and data mining,",
      "citeRegEx" : "19",
      "shortCiteRegEx" : "19",
      "year" : 2006
    }, {
      "title" : "Updating pagerank with iterative aggregation",
      "author" : [ "A.N. Langville", "C.D. Meyer" ],
      "venue" : "In WWW Alt. ’04: Proceedings of the 13th international World Wide Web conference on Alternate track papers & posters,",
      "citeRegEx" : "20",
      "shortCiteRegEx" : "20",
      "year" : 2004
    }, {
      "title" : "Updating markov chains with an eye on google’s pagerank",
      "author" : [ "A.N. Langville", "C.D. Meyer" ],
      "venue" : "SIAM J. Matrix Anal. Appl.,",
      "citeRegEx" : "21",
      "shortCiteRegEx" : "21",
      "year" : 2006
    }, {
      "title" : "Vertex similarity in networks",
      "author" : [ "E.A. Leicht", "P. Holme", "M.E.J. Newman" ],
      "venue" : "Physical Review E,",
      "citeRegEx" : "22",
      "shortCiteRegEx" : "22",
      "year" : 2006
    }, {
      "title" : "Graphs over time: densification laws, shrinking diameters and possible explanations",
      "author" : [ "J. Leskovec", "J.M. Kleinberg", "C. Faloutsos" ],
      "venue" : "In Proc. of the 13th Int’l Conference on Knowledge discovery and data mining(KDD’07),",
      "citeRegEx" : "23",
      "shortCiteRegEx" : "23",
      "year" : 2007
    }, {
      "title" : "Dblp: some lessons learned",
      "author" : [ "M. Ley" ],
      "venue" : "Proc. VLDB Endow.,",
      "citeRegEx" : "24",
      "shortCiteRegEx" : "24",
      "year" : 2009
    }, {
      "title" : "Fast computation of simrank for static and dynamic information networks",
      "author" : [ "C. Li", "J. Han", "G. He", "X. Jin", "Y. Sun", "Y. Yu", "T. Wu" ],
      "venue" : "In EDBT’10,",
      "citeRegEx" : "25",
      "shortCiteRegEx" : "25",
      "year" : 2010
    }, {
      "title" : "Accuracy estimate and optimization techniques for simrank computation",
      "author" : [ "D. Lizorkin", "P. Velikhov", "M. Grinev", "D. Turdakov" ],
      "venue" : "In Proc. of the 34st Int’l Conference on Very Large Databases",
      "citeRegEx" : "26",
      "shortCiteRegEx" : "26",
      "year" : 2008
    }, {
      "title" : "Accuracy estimate and optimization techniques for simrank computation",
      "author" : [ "D. Lizorkin", "P. Velikhov", "M.N. Grinev", "D. Turdakov" ],
      "venue" : "Proc. VLDB Endow.,",
      "citeRegEx" : "27",
      "shortCiteRegEx" : "27",
      "year" : 2008
    }, {
      "title" : "Algorithmic computation and approximation of semantic similarity",
      "author" : [ "A.G. Maguitman", "F. Menczer", "F. Erdinc", "H. Roinestad", "A. Vespignani" ],
      "venue" : "World Wide Web,",
      "citeRegEx" : "28",
      "shortCiteRegEx" : "28",
      "year" : 2006
    }, {
      "title" : "Convergence issues in the theory and practice of iterative aggregation/disagrregation methods",
      "author" : [ "I. Marek", "P. Mayer", "I. Pultarova" ],
      "venue" : "Electronic Transactions on Numerical Analysis,",
      "citeRegEx" : "29",
      "shortCiteRegEx" : "29",
      "year" : 2009
    }, {
      "title" : "Stochastic complementation, uncoupling markov chains, and the theory of nearly reducible systems",
      "author" : [ "C.D. Meyer" ],
      "venue" : "SIAM Review,",
      "citeRegEx" : "31",
      "shortCiteRegEx" : "31",
      "year" : 1989
    }, {
      "title" : "On spectral clustering: Analysis and an algorithm",
      "author" : [ "A. Ng", "M. Jordan", "Y. Weiss" ],
      "venue" : "In Proc. Of the Advances in Neural Information Processing Systems(NIPS),",
      "citeRegEx" : "32",
      "shortCiteRegEx" : "32",
      "year" : 2002
    }, {
      "title" : "The pagerank citation ranking: Bringing order to the web",
      "author" : [ "L. Page", "S. Brin", "R. Motwani", "T. Winograd" ],
      "venue" : "Technical report, Stanford University Database Group,",
      "citeRegEx" : "33",
      "shortCiteRegEx" : "33",
      "year" : 1998
    }, {
      "title" : "Beyond streams and graphs: dynamic tensor analysis",
      "author" : [ "J. Sun", "D. Tao", "C. Faloutsos" ],
      "venue" : "In Proc. of the 12th Int’l Conference on Knowledge discovery and data mining(KDD’06),",
      "citeRegEx" : "34",
      "shortCiteRegEx" : "34",
      "year" : 2006
    }, {
      "title" : "A lumping method for numerical calculations of stationary distributions of markov chains",
      "author" : [ "Y. Takahashi" ],
      "venue" : null,
      "citeRegEx" : "35",
      "shortCiteRegEx" : "35",
      "year" : 1975
    }, {
      "title" : "A framework for community identification in dynamic social networks",
      "author" : [ "C. Tantipathananandh", "T.Y. Berger-Wolf", "D. Kempe" ],
      "venue" : "In Proc. of the 13th Int’l Conference on Knowledge discovery and data mining(KDD’07),",
      "citeRegEx" : "36",
      "shortCiteRegEx" : "36",
      "year" : 2007
    }, {
      "title" : "Proximity tracking on time-evolving bipartite graphs",
      "author" : [ "H. Tong", "S. Papadimitriou", "P.S. Yu", "C. Faloutsos" ],
      "venue" : "In Proc. of SDM,",
      "citeRegEx" : "37",
      "shortCiteRegEx" : "37",
      "year" : 2008
    }, {
      "title" : "Simfusion: measuring similarity using unified relationship matrix",
      "author" : [ "W. Xi", "E.A. Fox", "W. Fan", "B. Zhang", "Z. Chen", "J. Yan", "D. Zhuang" ],
      "venue" : "Proceedings of the 28th annual international ACM SIGIR conference on Research and development in information retrieval,",
      "citeRegEx" : "38",
      "shortCiteRegEx" : "38",
      "year" : 2005
    }, {
      "title" : "Closegraph: Mining closed frequent graph patterns",
      "author" : [ "X. Yan", "J. Han" ],
      "venue" : "In Proc. of the 9th Int’l Conference on Knowledge discovery and data mining(KDD’03),",
      "citeRegEx" : "39",
      "shortCiteRegEx" : "39",
      "year" : 2003
    }, {
      "title" : "Substructure similarity search in graph databases",
      "author" : [ "X. Yan", "P.S. Yu", "J. Han" ],
      "venue" : "In Proc. Of ACM-SIGMOD Int’l Conference on Management of Data,",
      "citeRegEx" : "40",
      "shortCiteRegEx" : "40",
      "year" : 2005
    }, {
      "title" : "Distributed pagerank computation based on iterative aggregation-disaggregation methods",
      "author" : [ "Y. Zhu", "S. Ye", "X. Li" ],
      "venue" : "In CIKM",
      "citeRegEx" : "41",
      "shortCiteRegEx" : "41",
      "year" : 2005
    } ],
    "referenceMentions" : [ {
      "referenceID" : 9,
      "context" : "For this purpose, a great number of similarity measures[11], [17], [19], [7] and [22] have been proposed.",
      "startOffset" : 55,
      "endOffset" : 59
    }, {
      "referenceID" : 15,
      "context" : "For this purpose, a great number of similarity measures[11], [17], [19], [7] and [22] have been proposed.",
      "startOffset" : 61,
      "endOffset" : 65
    }, {
      "referenceID" : 17,
      "context" : "For this purpose, a great number of similarity measures[11], [17], [19], [7] and [22] have been proposed.",
      "startOffset" : 67,
      "endOffset" : 71
    }, {
      "referenceID" : 6,
      "context" : "For this purpose, a great number of similarity measures[11], [17], [19], [7] and [22] have been proposed.",
      "startOffset" : 73,
      "endOffset" : 76
    }, {
      "referenceID" : 20,
      "context" : "For this purpose, a great number of similarity measures[11], [17], [19], [7] and [22] have been proposed.",
      "startOffset" : 81,
      "endOffset" : 85
    }, {
      "referenceID" : 15,
      "context" : "Among them, SimRank is an influential and simple one [17].",
      "startOffset" : 53,
      "endOffset" : 57
    }, {
      "referenceID" : 15,
      "context" : "It is based on a clear human intuition (“two objects are similar if they are referenced by similar objects” [17]) and a solid theoretical “random surfer-pairs” model.",
      "startOffset" : 108,
      "endOffset" : 112
    }, {
      "referenceID" : 24,
      "context" : "In [26], Dmitry, Pavel, Maxim and Denis run the original iterative SimRank on a 2.",
      "startOffset" : 3,
      "endOffset" : 7
    }, {
      "referenceID" : 7,
      "context" : "In order to optimize the computation of SimRank, a few techniques have been proposed [9, 26].",
      "startOffset" : 85,
      "endOffset" : 92
    }, {
      "referenceID" : 24,
      "context" : "In order to optimize the computation of SimRank, a few techniques have been proposed [9, 26].",
      "startOffset" : 85,
      "endOffset" : 92
    }, {
      "referenceID" : 23,
      "context" : "In our previous work [25], one non-iterative approximate method was proposed to update the similarity matrix for dynamic graphs.",
      "startOffset" : 21,
      "endOffset" : 25
    }, {
      "referenceID" : 19,
      "context" : "To address the second limitation, we propose to utilize the iterative aggregation techniques for uncoupling Markov chains [21] to compute SimRank scores in parallel for large graphs.",
      "startOffset" : 122,
      "endOffset" : 126
    }, {
      "referenceID" : 19,
      "context" : "This opens the door for us to utilize the iterative aggregation techniques for uncoupling Markov chains [21] to compute SimRank scores in parallel for large graphs.",
      "startOffset" : 104,
      "endOffset" : 108
    }, {
      "referenceID" : 23,
      "context" : "Markov Chain In [25], by utilizing the Kronecker product (⊗) and the vectorization operator (vec), we re-write the SimRank formula into the following form:",
      "startOffset" : 16,
      "endOffset" : 20
    }, {
      "referenceID" : 32,
      "context" : "First proposed in [35], the iterative aggregation has been widely used on applications based on Markov chains.",
      "startOffset" : 18,
      "endOffset" : 22
    }, {
      "referenceID" : 38,
      "context" : "Though some convergence properties of iteration aggregation method are analyzed by existing works ([41], [29] and so on), the Random Suffer-Pairs Model of SimRank is more complex than Markov chains.",
      "startOffset" : 99,
      "endOffset" : 103
    }, {
      "referenceID" : 27,
      "context" : "Though some convergence properties of iteration aggregation method are analyzed by existing works ([41], [29] and so on), the Random Suffer-Pairs Model of SimRank is more complex than Markov chains.",
      "startOffset" : 105,
      "endOffset" : 109
    }, {
      "referenceID" : 23,
      "context" : "As discussed earlier, the only research work on incremental SimRank computation [25] suffers from the limitation that it can only handle the link-updating problem.",
      "startOffset" : 80,
      "endOffset" : 84
    }, {
      "referenceID" : 2,
      "context" : "Considering the characteristics of GPUs(1), we adopt the Double Compressed Sparse Row (DCSR) [3] to represent sparse matrices in GPU memory.",
      "startOffset" : 93,
      "endOffset" : 96
    }, {
      "referenceID" : 22,
      "context" : "de/xml/, more details are presented in [24]",
      "startOffset" : 39,
      "endOffset" : 43
    }, {
      "referenceID" : 3,
      "context" : "org/ Wikipedia has recently obtained a big interest from academic communities, such as [4] and [27].",
      "startOffset" : 87,
      "endOffset" : 90
    }, {
      "referenceID" : 25,
      "context" : "org/ Wikipedia has recently obtained a big interest from academic communities, such as [4] and [27].",
      "startOffset" : 95,
      "endOffset" : 99
    }, {
      "referenceID" : 25,
      "context" : "First, we organized data from Wikipedia into the SimRank graph model by the method presented in [27].",
      "startOffset" : 96,
      "endOffset" : 100
    }, {
      "referenceID" : 37,
      "context" : "There is a lot of research work on static graph analysis, including power laws discovery [30], frequent pattern mining [40, 39], clustering and community identification [32, 13], and node ranking [33, 18].",
      "startOffset" : 119,
      "endOffset" : 127
    }, {
      "referenceID" : 36,
      "context" : "There is a lot of research work on static graph analysis, including power laws discovery [30], frequent pattern mining [40, 39], clustering and community identification [32, 13], and node ranking [33, 18].",
      "startOffset" : 119,
      "endOffset" : 127
    }, {
      "referenceID" : 29,
      "context" : "There is a lot of research work on static graph analysis, including power laws discovery [30], frequent pattern mining [40, 39], clustering and community identification [32, 13], and node ranking [33, 18].",
      "startOffset" : 169,
      "endOffset" : 177
    }, {
      "referenceID" : 11,
      "context" : "There is a lot of research work on static graph analysis, including power laws discovery [30], frequent pattern mining [40, 39], clustering and community identification [32, 13], and node ranking [33, 18].",
      "startOffset" : 169,
      "endOffset" : 177
    }, {
      "referenceID" : 30,
      "context" : "There is a lot of research work on static graph analysis, including power laws discovery [30], frequent pattern mining [40, 39], clustering and community identification [32, 13], and node ranking [33, 18].",
      "startOffset" : 196,
      "endOffset" : 204
    }, {
      "referenceID" : 16,
      "context" : "There is a lot of research work on static graph analysis, including power laws discovery [30], frequent pattern mining [40, 39], clustering and community identification [32, 13], and node ranking [33, 18].",
      "startOffset" : 196,
      "endOffset" : 204
    }, {
      "referenceID" : 9,
      "context" : "In terms of node similarity, generally, two categories can be summarized: 1) content- or text-based similarity measures that treat each object as a bag of items or as a vector of word weights [11], and 2) link- or structure-based ones that consider object-to-object relations expressed in terms of links [17], [19], [7], [22].",
      "startOffset" : 192,
      "endOffset" : 196
    }, {
      "referenceID" : 15,
      "context" : "In terms of node similarity, generally, two categories can be summarized: 1) content- or text-based similarity measures that treat each object as a bag of items or as a vector of word weights [11], and 2) link- or structure-based ones that consider object-to-object relations expressed in terms of links [17], [19], [7], [22].",
      "startOffset" : 304,
      "endOffset" : 308
    }, {
      "referenceID" : 17,
      "context" : "In terms of node similarity, generally, two categories can be summarized: 1) content- or text-based similarity measures that treat each object as a bag of items or as a vector of word weights [11], and 2) link- or structure-based ones that consider object-to-object relations expressed in terms of links [17], [19], [7], [22].",
      "startOffset" : 310,
      "endOffset" : 314
    }, {
      "referenceID" : 6,
      "context" : "In terms of node similarity, generally, two categories can be summarized: 1) content- or text-based similarity measures that treat each object as a bag of items or as a vector of word weights [11], and 2) link- or structure-based ones that consider object-to-object relations expressed in terms of links [17], [19], [7], [22].",
      "startOffset" : 316,
      "endOffset" : 319
    }, {
      "referenceID" : 20,
      "context" : "In terms of node similarity, generally, two categories can be summarized: 1) content- or text-based similarity measures that treat each object as a bag of items or as a vector of word weights [11], and 2) link- or structure-based ones that consider object-to-object relations expressed in terms of links [17], [19], [7], [22].",
      "startOffset" : 321,
      "endOffset" : 325
    }, {
      "referenceID" : 26,
      "context" : "In the research of [28], the above two kinds of measures are evaluated, and link-based measure produced systematically better correlation with human judgements than the former one.",
      "startOffset" : 19,
      "endOffset" : 23
    }, {
      "referenceID" : 15,
      "context" : "SimRank [17] is a influential measure of the second category, which based on both a clear human intuition and a solid theoretical background.",
      "startOffset" : 8,
      "endOffset" : 12
    }, {
      "referenceID" : 35,
      "context" : "proposed another node similarity computing algorithm called SimFusion [38] that utilizes the similar idea of recursively computing node similarity scores based on the scores of neighboring nodes.",
      "startOffset" : 70,
      "endOffset" : 74
    }, {
      "referenceID" : 8,
      "context" : "Fingerprint-SimRank [10] pre-computes several steps of random walk path from each object.",
      "startOffset" : 20,
      "endOffset" : 24
    }, {
      "referenceID" : 25,
      "context" : "[27] estimates the accuracy of computing SimRank and presents three optimization strategies to speed up the computation of SimRank.",
      "startOffset" : 0,
      "endOffset" : 4
    }, {
      "referenceID" : 33,
      "context" : "Recently, there is an increasing interest in mining dynamic graphs, such as group or community evolution [36, 1], power laws of dynamic graphs [23], dynamic tensor analysis [34], and dynamic clustering [5].",
      "startOffset" : 105,
      "endOffset" : 112
    }, {
      "referenceID" : 0,
      "context" : "Recently, there is an increasing interest in mining dynamic graphs, such as group or community evolution [36, 1], power laws of dynamic graphs [23], dynamic tensor analysis [34], and dynamic clustering [5].",
      "startOffset" : 105,
      "endOffset" : 112
    }, {
      "referenceID" : 21,
      "context" : "Recently, there is an increasing interest in mining dynamic graphs, such as group or community evolution [36, 1], power laws of dynamic graphs [23], dynamic tensor analysis [34], and dynamic clustering [5].",
      "startOffset" : 143,
      "endOffset" : 147
    }, {
      "referenceID" : 31,
      "context" : "Recently, there is an increasing interest in mining dynamic graphs, such as group or community evolution [36, 1], power laws of dynamic graphs [23], dynamic tensor analysis [34], and dynamic clustering [5].",
      "startOffset" : 173,
      "endOffset" : 177
    }, {
      "referenceID" : 4,
      "context" : "Recently, there is an increasing interest in mining dynamic graphs, such as group or community evolution [36, 1], power laws of dynamic graphs [23], dynamic tensor analysis [34], and dynamic clustering [5].",
      "startOffset" : 202,
      "endOffset" : 205
    }, {
      "referenceID" : 34,
      "context" : "In terms of similarity updating, to the best of our knowledge, the only two existing papers are [37] and [25].",
      "startOffset" : 96,
      "endOffset" : 100
    }, {
      "referenceID" : 23,
      "context" : "In terms of similarity updating, to the best of our knowledge, the only two existing papers are [37] and [25].",
      "startOffset" : 105,
      "endOffset" : 109
    }, {
      "referenceID" : 34,
      "context" : "[37] proposed two algorithms to update the similarity matrix incrementally based on the Random Walk with Restart (RWR) model for a bipartite graph.",
      "startOffset" : 0,
      "endOffset" : 4
    }, {
      "referenceID" : 34,
      "context" : "[37] is the only paper concerning the incremental SimRank update problem on evolving graphs.",
      "startOffset" : 0,
      "endOffset" : 4
    }, {
      "referenceID" : 28,
      "context" : "Since [31] brought forward the concept of nearly completely reducible (NCR) Markov chain, the iterative aggregation method has been widely exploited to applications based on NCR Markov chains, e.",
      "startOffset" : 6,
      "endOffset" : 10
    }, {
      "referenceID" : 38,
      "context" : "distributed PageRank computing [41], PageRank updating [20], [21], etc.",
      "startOffset" : 31,
      "endOffset" : 35
    }, {
      "referenceID" : 18,
      "context" : "distributed PageRank computing [41], PageRank updating [20], [21], etc.",
      "startOffset" : 55,
      "endOffset" : 59
    }, {
      "referenceID" : 19,
      "context" : "distributed PageRank computing [41], PageRank updating [20], [21], etc.",
      "startOffset" : 61,
      "endOffset" : 65
    }, {
      "referenceID" : 10,
      "context" : "Methods have been proposed to enhance k nearest neighbor query [12], stream mining [15], information retrieval [6], relational joins on database [16] and sort [14].",
      "startOffset" : 63,
      "endOffset" : 67
    }, {
      "referenceID" : 13,
      "context" : "Methods have been proposed to enhance k nearest neighbor query [12], stream mining [15], information retrieval [6], relational joins on database [16] and sort [14].",
      "startOffset" : 83,
      "endOffset" : 87
    }, {
      "referenceID" : 5,
      "context" : "Methods have been proposed to enhance k nearest neighbor query [12], stream mining [15], information retrieval [6], relational joins on database [16] and sort [14].",
      "startOffset" : 111,
      "endOffset" : 114
    }, {
      "referenceID" : 14,
      "context" : "Methods have been proposed to enhance k nearest neighbor query [12], stream mining [15], information retrieval [6], relational joins on database [16] and sort [14].",
      "startOffset" : 145,
      "endOffset" : 149
    }, {
      "referenceID" : 12,
      "context" : "Methods have been proposed to enhance k nearest neighbor query [12], stream mining [15], information retrieval [6], relational joins on database [16] and sort [14].",
      "startOffset" : 159,
      "endOffset" : 163
    }, {
      "referenceID" : 2,
      "context" : "[3] discussed the challenge and advances to implement sparse matrix multiplication under parallel architecture, and [2] used graphic processers to further improve the performance.",
      "startOffset" : 0,
      "endOffset" : 3
    }, {
      "referenceID" : 1,
      "context" : "[3] discussed the challenge and advances to implement sparse matrix multiplication under parallel architecture, and [2] used graphic processers to further improve the performance.",
      "startOffset" : 116,
      "endOffset" : 119
    } ],
    "year" : 2010,
    "abstractText" : "Recently there has been a lot of interest in graph-based analysis. One of the most important aspects of graph-based analysis is to measure similarity between nodes in a graph. SimRank is a simple and influential measure of this kind, based on a solid graph theoretical model. However, existing methods on SimRank computation suffer from two limitations: 1) the computing cost can be very high in practice; and 2) they can only be applied on static graphs. In this paper, we exploit the inherent parallelism and high memory bandwidth of graphics processing units (GPU) to accelerate the computation of SimRank on large graphs. Furthermore, based on the observation that SimRank is essentially a first-order Markov Chain, we propose to utilize the iterative aggregation techniques for uncoupling Markov chains to compute SimRank scores in parallel for large graphs. The iterative aggregation method can be applied on dynamic graphs. Moreover, it can handle not only the link-updating problem but also the node-updating problem. Extensive experiments on synthetic and real data sets verify that the proposed methods are efficient and effective.",
    "creator" : " TeX output 2010.06.21:1339"
  }
}