{
  "name" : "acm_10.1145##1572769.1572796.pdf",
  "metadata" : {
    "source" : "CRF",
    "title" : "Fast Minimum Spanning Tree for Large Graphs on the GPU",
    "authors" : [ "Vibhav Vineet", "Pawan Harish" ],
    "emails" : [ "permissions@acm.org.", "vibhavvinet@research.iiit.ac.in", "harishpk@research.iiit.ac.in", "skp@research.iiit.ac.in", "pjn@iiit.ac.in" ],
    "sections" : [ {
      "heading" : null,
      "text" : "Copyright © 2009 by the Association for Computing Machinery, Inc. Permission to make digital or hard copies of part or all of this work for personal or classroom use is granted without fee provided that copies are not made or distributed for commercial advantage and that copies bear this notice and the full citation on the first page. Copyrights for components of this work owned by others than ACM must be honored. Abstracting with credit is permitted. To copy otherwise, to republish, to post on servers, or to redistribute to lists, requires prior specific permission and/or a fee. Request permissions from Permissions Dept, ACM Inc., fax +1 (212) 869-0481 or e-mail permissions@acm.org. HPG 2009, New Orleans, Louisiana, August 1 – 3, 2009. © 2009 ACM 978-1-60558-603-8/09/0008 $10.00\nGraphics Processor Units are used for many general purpose processing due to high compute power available on them. Regular, data-parallel algorithms map well to the SIMD architecture of current GPU. Irregular algorithms on discrete structures like graphs are harder to map to them. Efficient data-mapping primitives can play crucial role in mapping such algorithms onto the GPU. In this paper, we present a minimum spanning tree algorithm on Nvidia GPUs under CUDA, as a recursive formulation of Borůvka’s approach for undirected graphs. We implement it using scalable primitives such as scan, segmented scan and split. The irregular steps of supervertex formation and recursive graph construction are mapped to primitives like split to categories involving vertex ids and edge weights. We obtain 30 to 50 times speedup over the CPU implementation on most graphs and 3 to 10 times speedup over our previous GPU implementation. We construct the minimum spanning tree on a 5 million node and 30 million edge graph in under 1 second on one quarter of the Tesla S1070 GPU."
    }, {
      "heading" : "1 Introduction",
      "text" : "Modern Graphics Processing Units (GPUs) provide high computational power at low costs. The latest GPUs, for instance, can deliver close to 1 TFLOPs of compute power at a cost of around $400. The GPU has a general, data-parallel programming interface through CUDA and the recently adopted OpenCL standard [Munshi 2008]. GPUs have become the affordable and accessible computing coprocessors.\nThe GPUs implement a data parallel architecture, with a common kernel simultaneously processing a number of data instances. Today’s GPUs are also massively mulithreaded with thousands of threads in flight simultaneously. Such a model is best suited to process independent data instances. Providing global mapping or ordering to elements distributed in such a scale is a challenge in processing less regular data on these architectures. The memory model and thread scheduling are complex. Suboptimal implementations suffer severe performance penalties as a result. A non-expert programmer can get good performance only if efficient data mapping primitives are used. Primitives such as scan [Sengupta et al. 2007; Dotsenko et al. 2008], sort, and reduce are available for this purpose. Reduction of irregular steps into a combination of such primitives is critical to gain performance on the GPUs.\nMinimum spanning tree (MST) computation on a general graph is\nan irregular algorithm. The best sequential time complexity for MST is O(Eα(E, V )), given by Chazelle, where α is the functional inverse of Ackermann’s function [Chazelle 2000]. Borůvka’s approach to the MST problem takes O(ElogV ) time [Boruvka 1926]. Several parallel variations of this algorithm have been proposed [King et al. 1997]. Chong et al. [Chong et al. 2001] report an EREW PRAM algorithm with O(logV ) time and O(V logV ) work. Bader et al. [Bader and Cong 2005] provide an algorithm for symmetric multiprocessors with O((V + E)/p) lookups and local operations for a p processor machine. Chung et al. [Chung and Condon ] efficiently implement Borůvka’s approach on an asynchronous distributed memory machine by reducing communication costs. Dehne and Götz implement three variations using the BSP model [Dehne and Götz 1998]. Blelloch [Blelloch 1989] formulates MST using the scan primitive. A GPU implementation using CUDA is also reported [Harish et al. 2009], using irregular kernel calls. We, on the other hand exploit parallel data mapping primitives available on the GPU.\nBorůvka’s approach finds the minimum weighted outgoing edge at each vertex and merges connected vertices into supervertices (Figure 1). Merging is an irregular operation as multiple vertices are assigned to a single supervertex.\nWe formulate Borůvka’s approach in a recursive framework, with each step implemented using a series of basic primitives. In each iteration, we reconstruct the supervertex graph which is given as an input to the next level of recursion. We use the segmented scan [Sengupta et al. 2007] to find the minimum weighted outgoing edge from each vertex. We then merge vertices into supervertices using split and scan primitives. We use a scalable split primitive for this [Patidar and Narayanan 2009]. A simple kernel then eliminates the cycles. Another split/scan pair is used to remove duplicate edges and to assign supervertex numbers. The main contribution of this work is the recursive formulation of Borůvka’s approach for undirected graphs as a series of general primitive operations. We compute the minimum spanning tree of a 5M vertex and 30M edge graph in under one second on a quarter of a Tesla S1070U."
    }, {
      "heading" : "2 Graph representation and primitives",
      "text" : "We represent the graph in the standard compress adjacency list format. We pack edges of all vertices into an array E with each vertex pointing to the starting index of its edge-list, Figure 2. We create this representation in each recursive iteration for the supervertex graph. Weights are stored in array W with an entry for every edge.\nPrimitives like sort and scan have become fundamental to algorithm analysis. Many primitives have been ported to the GPU including scan, segmented scan, reduce, sort [Sintorn and Assarsson 2008] and split. In our MST implementation we use three parallel primitives: scan, segmented scan and split. We utilize CUDPP library implementation [Sengupta et al. 2007] for scan and segmented scan. We use split operation to bring together the vertices to be merged into supervertices and to remove duplicate edges between supervertices for recursive application. We use the implementation given in [Patidar and Narayanan 2009].\nSplit is a function that partitions an input relation into a number of categories and has a wide use in databases, data structure building and distributed data mapping. Efficient split can be a fundamental building block to many applications. We use a scalable and efficient implementation of split that can handle a wide range of record sizes and key lengths. The variation of split we use has the form split(list[], R, K, S) which splits the list of R-byte records using a K-bit key starting at bit S of the record (Figure 3). Splitting time scales linearly with the number of records and key size. We use a split on a 64-bit record with a 32-bit key and another on a 64-bit record with a 64-bit key in the algorithm presented in this paper. Figure 4 summarizes the performance of the split primitive. More details can be seen at [Patidar and Narayanan 2009] and the code is available at http://cvit.iiit.ac.in/resources."
    }, {
      "heading" : "3 Minimum spanning tree algorithm",
      "text" : "The Borůvka’s approach is summarized in Figure 1. Each vertex of the graph finds the minimum weighted edge to the minimum outgoing vertex. Cycle making edges are removed and the remaining edges are added to the output. Vertices of each disjoint component is combined into a supervertex, which acts as a vertex for the next iteration. The process terminates when exactly one supervertex remains. Let array V be the vertex-list, E the edge-list, and W the weight-list. The output of our implementation is a list of edges present inMST."
    }, {
      "heading" : "3.1 Marking the MST edges",
      "text" : "Finding minimum weighted edge: Each vertex u finds the minimum outgoing edge to another vertex v using a segmented min scan. We append the weight to the vertex ids v, with weights placed on the left. Weights are assumed to be small, needing 8-10 bits, leaving 22-24 bits for v. The resulting integer array X is scanned with a flag array F specifying the segment. We use a kernel that runs over edges to compute F . It marks the first edge in the continuous edge list for each u as shown in Figure 5. This operation, called MarkSegments(), is used at other places of the algorithm also. The segmented min scan on X returns the minimum weighted edge and the minimum outgoing vertex v for every vertex u. The index of this edge is stored in the temporary array NWE.\nFinding and removing cycles: Each vertex u has an outgoing edge assigned to it in the previous step. Since there are |V | vertices and |V | edges, we can expect at least one cycle to be formed. Detecting and removing cycles is crucial. The cycles in an undirected case can only result between exactly two vertices, as each vertex is given a unique id initially and the minimum of (weight, v) is chosen by the segmented scan (Figure 6). We use this property to eliminate cycles. We create a successor array S using the NWE array to hold the outgoing v for each u (Figure 7). Vertices with S(S(u))= u form cycles. The edge from the lower of u and S(u) is removed from NWE and its successor is set to itself (Figure 8). Remaining vertices mark their selected edges in the output MST array."
    }, {
      "heading" : "3.2 Graph construction",
      "text" : "Merging vertices: Vertices combine to form a supervertex next. The vertices whose successors are set to themselves are representatives for each supervertex. Other vertices should point to their respective representative vertex. We employ pointer doubling to achieve this. Each vertex sets its value to its successor’s successor, converging after log(l) steps, where l is longest distance of any vertex from its representative (Figure 9). We iteratively set S(u)=S(S(u)) until no further change occurs in S.\nAssigning ids to supervertices: Each vertex of a supervertex now has a representative, but they are not numbered in order. The vertices assigned to a supervertex are also not placed in order in the successor array. We next bring all vertices of a supervertex together and assign new unique ids to supervertices. We form a size |V | list L of 64 bit values with the vertex id to the right and its representative vertex id to the left. L is split using the representative vertex id as the key. This results in vertices with same representatives coming together as shown in Figure 10. This, however, does not change the ids of representative vertices. We create a flag to mark the boundaries of representative vertices usingMarkSegments() as mentioned in Section 3.1. A scan of the flag assigns new supervertex ids (Figure 10). These values are stored in an array C.\nRemoving edges and forming the new edge list: We shorten the edge-list by removing self edges in the new graph. Each edge looks at the supervertex id of both endpoints and removes itself if same. For an edge from u to v, the supervertex id of v can be found directly by indexing C using the value part of the split output of v. The supervertex id of u requires another scan of size E, as the vertex list does not store the original id of u explicitly. For this,\nwe create a flag using the vertex list with a 1 placed in the location to which the vertex u points in the edge-list (Figure 5). A scan of the flag gives the original id for u, using which we can look up its supervertex id in the C array.\nDuplicate edges from one supervertex to another may exist in the new set of edges even after removing edges belonging to the same supervertex. We eliminate non-minimal duplicate edges between supervertices to reduce the edge-list further. We use a split on the remaining edge-list for this. We append the supervertex ids of u and v along with weight w into a single 64-bit array UVW, consisting of the new id of u (left 24 bits), the new id of v (next 24 bits) and the weight w (right 16 bits). We apply a 64-bit split on UVW array and pick the fist distinct entry for each uv combination. We create a flag on the output of split, based on the difference in uv pair, using MarkSegments(). This gives the minimum weighted edge from the supervertex of u to supervertex of v. A scan of the flag array demarcating uv values returns the location of each entry in the new edge-list. A simple compaction produces a new edge-list as shown in Figure 11, removing duplicate edges. A corresponding weight list is also created similarly. We also store the original edge id of each edge while compacting entries into the new edge-list. This is used while marking an edge in the output MST array in subsequent recursive applications. The edge-list and the weight-list thus created act as inputs for the next recursive application of the MST algorithm.\nConstructing the vertex list: To create the vertex list, we need the starting index for each supervertex in the new edge-list. A flag based on difference in u can be created on the new edge-list using MarkSegments(). A scan of this flag gives us the index of the location to which the starting index must be written (Figure 12). Compacting these entries gives us the desired vertex-list."
    }, {
      "heading" : "3.3 Recursive invocation",
      "text" : "The vertex, edge, and weight lists constructed represent the compact graph of supervertices. The procedure described above can\nnow be applied recursively on it. Since all edges in the reduced graph correspond to an edge in the original input graph, a mapping is maintained through all the recursive invocations. This mapping is used to mark a selected edge in the outputMST array. The recursive invocations continue till we reach a single vertex."
    }, {
      "heading" : "3.4 The Algorithm",
      "text" : "Algorithm 1 presents the complete, recursive MST algorithm as reported in the previous section.\nAlgorithm 1 MST Algorithm\n1: Append weight w and outgoing vertex v per edge into a list, X. 2: Divide the edge-list, E, into segments with 1 indicating the start\nof each segment, and 0 otherwise, store this in flag array F. 3: Perform segmented min scan on X with F indicating segments\nto find minimum outgoing edge-index per vertex, store inNWE. 4: Find the successor of each vertex and add to successor array, S. 5: Remove cycle making edges from NWE using S, and identify\nrepresentatives vertices. 6: Mark remaining edges from NWE as part of output in MST. 7: Propagate representative vertex ids using pointer doubling. 8: Append successor array’s entries with its index to form a list, L 9: Split L, create flag over split output and scan the flag to find\nnew ids per vertex, store new ids in C. 10: Find supervertex ids of u and v for each edge using C. 11: Remove edge from edge-list if u, v have same supervertex id. 12: Remove duplicate edges using split over new u, v and w. 13: Compact and create the new edge-list and weight list . 14: Build the vertex list from the newly formed edge-list. 15: Call the MST Algorithm on the newly created graph until a\nsingle vertex remains."
    }, {
      "heading" : "4 Performance analysis",
      "text" : "We test our algorithm using a quarter unit of Nvidia Tesla S1070 with 240 stream processors spread over 30 multiprocessors and 4096MB of device memory. Use an Intel Core 2 Quad, Q6600, 2.4GHz processor and the Boost C++ graph library compiled using gcc -O4 for CPU comparison. We show results on three types of graphs from the Georgia Tech graph generator suite [Bader and Madduri 2006] and on the DIMACS USA road networks [DIMACS 2006].\n• Random Graphs: These graphs have a short band of degree where all vertices lie, with a large number of vertices having similar degrees.\n• R-MAT: Large number of vertices have small degree with a few vertices having large degree. This model is best suited to large represent real world graphs.\n• SSCA#2: These graphs are made of random sized cliques of vertices with a hierarchical distribution of edges between cliques based on a distance metric.\nOur recursive algorithm has two basic steps: marking edges and graph construction. Graph construction requires a few additional arrays and increases the memory requirements. This limits the size of the graph that can be handled on the current GPUs. CUDPP segmented min scan works only on integer inputs. Weights and vertex ids need to be packed into a single 32-bit entry, restricting their ranges. We show results for graphs up to 5M vertices with 30M edges with a maximum weight range 1 to 1K.\nWe compare our results with a previous implementation from our group given in [Harish et al. 2009]. We achieve a speed up of 2 to 3 for random and SSCA#2 graphs, and of 8 to 10 for R-MAT graphs. We achieve a speed up of nearly 30 to 50 times over the CPU on all graph models. The speed up over the previous implementation is due the use of scans and split instead of irregular atomic operations for marking MST edges. In the previous implementation, each vertex wrote the minimum weighted edge to its supervertex id atomically in the global memory, resulting in a serialization of clashes. The marking of MST edges per vertex was linear in the previous implementation, resulting in load imbalances and thread divergence. Segmented scan reduces this to a logarithmic step.\nFigure 13(a) presents results on varying graph sizes for the random graph model. The speedup is due to elimination of the atomic operations at a single location in global memory. Figure 13(b) shows the behavior on varying degree for the random graphs with 1M vertices. Because segmented scan is a logarithmic operation, we see only a small increase in the time with increasing degree. Figure 13(c) shows the times on varying sizes of R-MAT graphs. We gain a speed up of nearly 50 over CPU and 8-10 over the previous implementation. Segmented scan finds the minimum weighted outgoing edge quickly even if there is large variation in segment sizes as in case of R-MAT graphs. Varying the degree of R-MAT graph for a 1M vertex graph shows a similar speed gain (Figure 13(d)). Figures 13(e) and 13(f) show results on the SSCA#2 graph model for different numbers of vertices and degree respectively. We achieve a speed up of nearly 30 times over the CPU implementation and 3-4 times over previous implementation.\nTable 1 summarizes experiments on the ninth DIMACS challenge USA road network graphs. Since the segmented min scan requires vertex id and weights to be packed into 32 bits, we reduce the weights from 1 − 300K to range 1 − 1K for these graphs. A speed up of nearly 20 times over CPU for and nearly 3 times over the previous implementation was observed for our implementation for these graphs."
    }, {
      "heading" : "5 Conclusions and future work",
      "text" : "In this paper, we presented a formulation of the MST problem into a recursive, primitive-based framework for the GPU. Optimized primitives can provide high speedups on such architectures. We achieved a speedup of nearly 50 times over the CPU and 8-10 times over the best GPU implementation. The recursive formulation is implemented on the GPUs, with the CPU used to synchronize the recursion. The use of efficient primitives to map the irregular aspects of the problem to the data-parallel architecture of these mas-\n1Comparison with GPU implementation given in [Harish et al. 2009]\nsively multithreaded architectures is central to the high performance obtained. We are likely to see more general graph algorithms implemented using such primitives in near future.\nAcknowledgment: We would like to thank Nvidia for their generous support, especially for providing hardware for this work."
    } ],
    "references" : [ {
      "title" : "A fast, parallel spanning tree algorithm for symmetric multiprocessors (SMPs)",
      "author" : [ "D.A. BADER", "G. CONG" ],
      "venue" : "J. Parallel Distrib. Comput. 65, 9, 994–1006.",
      "citeRegEx" : "BADER and CONG,? 2005",
      "shortCiteRegEx" : "BADER and CONG",
      "year" : 2005
    }, {
      "title" : "GTgraph: A synthetic graph generator suite, http://www.cc.gatech.edu/k̃amesh/gtgraph",
      "author" : [ "D.A. BADER", "K. MADDURI" ],
      "venue" : null,
      "citeRegEx" : "BADER and MADDURI,? \\Q2006\\E",
      "shortCiteRegEx" : "BADER and MADDURI",
      "year" : 2006
    }, {
      "title" : "Scans as Primitive Parallel Operations",
      "author" : [ "G.E. BLELLOCH" ],
      "venue" : "IEEE Trans. Computers 38, 11, 1526–1538.",
      "citeRegEx" : "BLELLOCH,? 1989",
      "shortCiteRegEx" : "BLELLOCH",
      "year" : 1989
    }, {
      "title" : "O Jistém Problému Minimálnı́m (About a Certain Minimal Problem) (in Czech, German summary)",
      "author" : [ "O. BORUVKA" ],
      "venue" : "Práce Mor. Prı́rodoved. Spol. v Brne III 3.",
      "citeRegEx" : "BORUVKA,? 1926",
      "shortCiteRegEx" : "BORUVKA",
      "year" : 1926
    }, {
      "title" : "A minimum spanning tree algorithm with inverse-Ackermann type complexity",
      "author" : [ "B. CHAZELLE" ],
      "venue" : "J. ACM 47, 6, 1028–1047.",
      "citeRegEx" : "CHAZELLE,? 2000",
      "shortCiteRegEx" : "CHAZELLE",
      "year" : 2000
    }, {
      "title" : "Concurrent threads and optimal parallel minimum spanning trees algorithm",
      "author" : [ "CHONG K.W.", "HAN Y.", "LAM", "W.T." ],
      "venue" : "J. ACM 48, 2, 297–323.",
      "citeRegEx" : "W. et al\\.,? 2001",
      "shortCiteRegEx" : "W. et al\\.",
      "year" : 2001
    }, {
      "title" : "Parallel Implementation of Borvka’s Minimum Spanning Tree Algorithm",
      "author" : [ "S. CHUNG", "A. CONDON" ],
      "venue" : "IPPS",
      "citeRegEx" : "CHUNG and CONDON,? \\Q1996\\E",
      "shortCiteRegEx" : "CHUNG and CONDON",
      "year" : 1996
    }, {
      "title" : "Practical Parallel Algorithms for Minimum Spanning Trees",
      "author" : [ "F. DEHNE", "S. GÖTZ" ],
      "venue" : "SRDS ’98: Proceedings of the The 17th IEEE Symposium on Reliable Distributed Systems, 366.",
      "citeRegEx" : "DEHNE and GÖTZ,? 1998",
      "shortCiteRegEx" : "DEHNE and GÖTZ",
      "year" : 1998
    }, {
      "title" : "Fast scan algorithms on graphics processors",
      "author" : [ "Y. DOTSENKO", "N.K. GOVINDARAJU", "SLOAN", "P.-P.J.", "C. BOYD", "J. MANFERDELLI" ],
      "venue" : "ICS, ACM, 205–213.",
      "citeRegEx" : "DOTSENKO et al\\.,? 2008",
      "shortCiteRegEx" : "DOTSENKO et al\\.",
      "year" : 2008
    }, {
      "title" : "Large Graph Algorithms for Massively Multithreaded Architectures",
      "author" : [ "P. HARISH", "V. VINEET", "P.J. NARAYANAN" ],
      "venue" : "Tech. Rep. IIIT/TR/2009/74.",
      "citeRegEx" : "HARISH et al\\.,? 2009",
      "shortCiteRegEx" : "HARISH et al\\.",
      "year" : 2009
    }, {
      "title" : "An optimal EREW PRAM algorithm for minimum spanning tree verification",
      "author" : [ "V. KING", "C.K. POON", "V. RAMACHANDRAN", "S. SINHA" ],
      "venue" : "Inf. Process. Lett. 62, 3, 153–159.",
      "citeRegEx" : "KING et al\\.,? 1997",
      "shortCiteRegEx" : "KING et al\\.",
      "year" : 1997
    }, {
      "title" : "OpenCL: Parallel computing o the GPU and CPU",
      "author" : [ "A. MUNSHI" ],
      "venue" : "SIGGRAPH, Tutorial.",
      "citeRegEx" : "MUNSHI,? 2008",
      "shortCiteRegEx" : "MUNSHI",
      "year" : 2008
    }, {
      "title" : "Scalable Split and Gather Primitives for the GPU",
      "author" : [ "S. PATIDAR", "P.J. NARAYANAN" ],
      "venue" : "Tech. Rep. IIIT/TR/2009/99.",
      "citeRegEx" : "PATIDAR and NARAYANAN,? 2009",
      "shortCiteRegEx" : "PATIDAR and NARAYANAN",
      "year" : 2009
    }, {
      "title" : "Scan primitives for gpu computing",
      "author" : [ "S. SENGUPTA", "M. HARRIS", "Y. ZHANG", "J.D. OWENS" ],
      "venue" : "Graphics Hardware, 97–106.",
      "citeRegEx" : "SENGUPTA et al\\.,? 2007",
      "shortCiteRegEx" : "SENGUPTA et al\\.",
      "year" : 2007
    }, {
      "title" : "Fast parallel gpusorting using a hybrid algorithm",
      "author" : [ "E. SINTORN", "U. ASSARSSON" ],
      "venue" : "J. Parallel Distrib. Comput. 68, 10, 1381–1388.",
      "citeRegEx" : "SINTORN and ASSARSSON,? 2008",
      "shortCiteRegEx" : "SINTORN and ASSARSSON",
      "year" : 2008
    } ],
    "referenceMentions" : [ {
      "referenceID" : 11,
      "context" : "The GPU has a general, data-parallel programming interface through CUDA and the recently adopted OpenCL standard [Munshi 2008].",
      "startOffset" : 113,
      "endOffset" : 126
    }, {
      "referenceID" : 13,
      "context" : "Primitives such as scan [Sengupta et al. 2007; Dotsenko et al. 2008], sort, and reduce are available for this purpose.",
      "startOffset" : 24,
      "endOffset" : 68
    }, {
      "referenceID" : 8,
      "context" : "Primitives such as scan [Sengupta et al. 2007; Dotsenko et al. 2008], sort, and reduce are available for this purpose.",
      "startOffset" : 24,
      "endOffset" : 68
    }, {
      "referenceID" : 4,
      "context" : "The best sequential time complexity for MST is O(Eα(E, V )), given by Chazelle, where α is the functional inverse of Ackermann’s function [Chazelle 2000].",
      "startOffset" : 138,
      "endOffset" : 153
    }, {
      "referenceID" : 3,
      "context" : "Borůvka’s approach to the MST problem takes O(ElogV ) time [Boruvka 1926].",
      "startOffset" : 59,
      "endOffset" : 73
    }, {
      "referenceID" : 10,
      "context" : "Several parallel variations of this algorithm have been proposed [King et al. 1997].",
      "startOffset" : 65,
      "endOffset" : 83
    }, {
      "referenceID" : 0,
      "context" : "[Bader and Cong 2005] provide an algorithm for symmetric multiprocessors with O((V + E)/p) lookups and local operations for a p processor machine.",
      "startOffset" : 0,
      "endOffset" : 21
    }, {
      "referenceID" : 2,
      "context" : "Blelloch [Blelloch 1989] formulates MST using the scan primitive.",
      "startOffset" : 9,
      "endOffset" : 24
    }, {
      "referenceID" : 9,
      "context" : "A GPU implementation using CUDA is also reported [Harish et al. 2009], using irregular kernel calls.",
      "startOffset" : 49,
      "endOffset" : 69
    }, {
      "referenceID" : 13,
      "context" : "We use the segmented scan [Sengupta et al. 2007] to find the minimum weighted outgoing edge from each vertex.",
      "startOffset" : 26,
      "endOffset" : 48
    }, {
      "referenceID" : 12,
      "context" : "We use a scalable split primitive for this [Patidar and Narayanan 2009].",
      "startOffset" : 43,
      "endOffset" : 71
    }, {
      "referenceID" : 14,
      "context" : "Many primitives have been ported to the GPU including scan, segmented scan, reduce, sort [Sintorn and Assarsson 2008] and split.",
      "startOffset" : 89,
      "endOffset" : 117
    }, {
      "referenceID" : 13,
      "context" : "We utilize CUDPP library implementation [Sengupta et al. 2007] for scan and segmented scan.",
      "startOffset" : 40,
      "endOffset" : 62
    }, {
      "referenceID" : 12,
      "context" : "We use the implementation given in [Patidar and Narayanan 2009].",
      "startOffset" : 35,
      "endOffset" : 63
    }, {
      "referenceID" : 12,
      "context" : "More details can be seen at [Patidar and Narayanan 2009] and the code is available at http://cvit.",
      "startOffset" : 28,
      "endOffset" : 56
    }, {
      "referenceID" : 9,
      "context" : "We compare our results with a previous implementation from our group given in [Harish et al. 2009].",
      "startOffset" : 78,
      "endOffset" : 98
    }, {
      "referenceID" : 9,
      "context" : "1Comparison with GPU implementation given in [Harish et al. 2009]",
      "startOffset" : 45,
      "endOffset" : 65
    } ],
    "year" : 2009,
    "abstractText" : "Graphics Processor Units are used for many general purpose processing due to high compute power available on them. Regular, data-parallel algorithms map well to the SIMD architecture of current GPU. Irregular algorithms on discrete structures like graphs are harder to map to them. Efficient data-mapping primitives can play crucial role in mapping such algorithms onto the GPU. In this paper, we present a minimum spanning tree algorithm on Nvidia GPUs under CUDA, as a recursive formulation of Borůvka’s approach for undirected graphs. We implement it using scalable primitives such as scan, segmented scan and split. The irregular steps of supervertex formation and recursive graph construction are mapped to primitives like split to categories involving vertex ids and edge weights. We obtain 30 to 50 times speedup over the CPU implementation on most graphs and 3 to 10 times speedup over our previous GPU implementation. We construct the minimum spanning tree on a 5 million node and 30 million edge graph in under 1 second on one quarter of the Tesla S1070 GPU.",
    "creator" : "dvips(k) 5.96.1 Copyright 2007 Radical Eye Software"
  }
}