{
  "name" : "acm_10.1145##1327452.1327454.pdf",
  "metadata" : {
    "source" : "CRF",
    "title" : "THE CENTRALITY AND PRESTIGE OF CACM",
    "authors" : [ "GRETA L. POLITES", "RICHARD T. WATSON" ],
    "emails" : [ ],
    "sections" : [ {
      "heading" : "THE CENTRALITY AND",
      "text" : ""
    }, {
      "heading" : "PRESTIGE OF CACM",
      "text" : "Journal rankings identify the most respected publications in a field, and can influence which sources to read to remain current, as well as which journals to target when publishing. Ranking studies also help track the progress of the field, identifying core journals and research topics, and tracking changes in these topics and perceptions over time. Past journal ranking studies have consistently found Communications of the ACM (CACM) to be very highly respected within the IS discipline. However, the exact nature of its relationships to other IS journals has not been thoroughly examined. In this article, we report a social network analysis (SNA) of 120 journals for the purpose of exploring in detail CACM’s position within the IS journal network."
    }, {
      "heading" : "Introduction",
      "text" : "SNA techniques “discover patterns of interaction between social actors in social networks” [6]. Common SNA procedures include information flow analysis (to determine the direction and strength of information flows through the network), calculation of centrality measures (to determine individual roles within a network), hierarchical clustering (to uncover cliques whose members are fully or almost fully connected), block modeling (to discover key links between different subgroups in a network), and calculation of structural equivalence measures (to identify network members with similar characteristics) [2, 6].\nIn the context of a citation network, SNA allows us to examine relationships between journals, identify roles played by individual journals, and identify cliques or subgroups of journals representing particular streams of research. Our study builds on prior SNA studies [see 1, 5] by presenting evidence of CACM’s prominence within a relatively large network incorporating 120 journals that have appeared in previous IS journal ranking studies. CACM was found to be the top-ranked publication in the network based not only on the normalized number of citations received and information source criteria, but also on measures of local and global centrality."
    }, {
      "heading" : "METHODOLOGY",
      "text" : "Journal selection. Ideally, one would include all journals used by IS researchers when specifying the IS journal network. However, many IS journals are not currently indexed by ISI’s Science Citation Index or Social Science Citation Index, and the resources required to collect manual data on these other journals is prohibitive. Thus for this study, we began with a subset of 125 journals listed on the ISWorld Journal Rankings Web page (which presents a composite ranking based on eight broadbased subjective and objective studies conducted between 1995–2005; see www.isworld.org/ csaunders/rankings.htm). One significant departure we made from previous studies was to include IEEE and ACM Transactions and ACM SIG publications as individual entities within the network. This allowed us to track the actual citation patterns, con-\ntributions, and relationships associated with each individual publication. All ACM Transactions and SIG publications that were recorded in the 2003 Journal Citation Reports (JCR) were included in the study. IEEE Transactions appearing in JCR were filtered for their level of IS-specificity.\nOnly 91 of our initial 125 journals were indexed as “Cited Journals” in 2003. Focusing on the “Citing Journal” reports allowed us to capture data on an additional 36 journals (including individual IEEE/ACM Transactions and SIG publications) cited by the base 91, for a total of 127 journals. Citations made by the 36 non-indexed journals were tabulated manually, using either electronic or print copies of their 2003 articles. Journals that could not be located, or that had ceased publication prior to 2003, were removed from the list, leaving a final group of 120 journals.1\nMany of the journals on the final list are not considered “IS-specific.” However, a journal that is not a strong publication outlet for IS-related articles can still have a strong influence on the field. Thus the approach was to cast a wide net and allow SNA to identify which journals actually have a strong influence on various subcommunities or cliques of IS research.\n96 January 2008/Vol. 51, No. 1 COMMUNICATIONS OF THE ACM\nPolites table 1 (1/08)\nRank\n1\n2\n3\n4\n5\n6\n7\n8\n9\n10\n11\n12\n13\n14\n15\n16\n17\n18\n19\n20\n21\n22\n23\n24\n25\nJournal\nCommunications of the ACM\nManagement Science\nMIS Quarterly\nAdministrative Science Quarterly\nHarvard Business Review\nIEEE Transactions on Computers\nIEEE Trans. on SW Engineering\nAcademy of Management Journal\nIEEE Transactions on PAM\nAcademy of Management Review\nIEEE Trans. on Info. Technology\nArtificial Intelligence\nOrganization Science\nIEEE Computer\nIEEE Trans. on Communications\nJASIS\nJournal of the ACM\nEuropean J. of Operational Res.\nOperations Research\nIEEE Trans. on Sys., Man & Cyb.\nInformation Systems Research\nInformation Systems\nSloan Management Review\nInformation & Management\nIEEE Transactions on KDE\nActual (Raw) # of Citations Received\n1961\n2226\n1694\n1226\n1014\n639\n650\n1146\n734\n1009\n1199\n407\n855\n393\n1173\n373\n379\n633\n837\n480\n587\n519\n507\n537\n259\nRanking Score Using Normalized\nData\n9.904\n6.506\n4.811\n4.064\n3.995\n3.641\n3.441\n2.965\n2.888\n2.870\n2.720\n2.610\n2.557\n2.546\n2.486\n2.415\n2.287\n2.117\n2.074\n2.064\n1.848\n1.791\n1.783\n1.767\n1.627\n% of All Network Citations Received\n0.085\n0.056\n0.041\n0.035\n0.034\n0.031\n0.030\n0.026\n0.025\n0.025\n0.023\n0.022\n0.022\n0.022\n0.021\n0.021\n0.020\n0.018\n0.018\n0.018\n0.016\n0.015\n0.015\n0.015\n0.014\n# of All Network Journals\nCiting\n101\n71\n55\n50\n56\n60\n52\n52\n26\n49\n32\n38\n47\n61\n25\n29\n45\n38\n33\n46\n45\n46\n48\n45\n46\n% of All Network Journals\nCiting\n0.849\n0.597\n0.462\n0.420\n0.471\n0.504\n0.437\n0.437\n0.218\n0.412\n0.269\n0.319\n0.395\n0.513\n0.210\n0.244\n0.378\n0.319\n0.277\n0.387\n0.378\n0.387\n0.403\n0.378\n0.387\nTable 1. Normalized ranking scores for top 25 cited journals.\nTable 1. Normalized ranking scores for top\n25 cited journals.\n1A complete list of these journals and their associated abbreviations is available from the authors on request.\nData standardization. After eliminating self-citations (including 157 self-citations for CACM, or 36% of its total citations within the network in 2003), we normalized the data to account for citation differences due to journals having different reference list criteria, longer articles, more frequent publishing cycles, or more articles per issue. Thus each cell in the normalized data matrix represents the proportion of a given journal’s total network citations that were made to other journals in the network, with each “receiving” journal’s final normalized score being the sum of these proportions [1, 3]. It is possible that some bias could be introduced by this method, particularly when citing journals make very few citations and a disproportionate percentage of\nthese go to a single journal. Consistent with prior\nranking studies, CACM overwhelmingly received the highest normalized score for any cited journal in the network (see Table 1)."
    }, {
      "heading" : "DATA ANALYSIS",
      "text" : "Information flow. Network citation data was analyzed using UCINET 6 and Netdraw 2.34. The journals were classified into the broad categories of IS, computer science, management/professional, and operations research based on classifications used in prior IS journal ranking studies.2 Node size in the network diagrams is a function of each journal’s normalized ranking, while arrow direction represents information flowing from cited journals to citing journals. The full network (see Figure 1) is split fairly evenly, with journals allied more closely to computer science (blue) on one side, and journals allied more closely with business disciplines, including IS (red), on the other. CACM occupies a central position in the full network, bridging the gap between the more technical computer science journals and the more business-oriented IS journals. MIS Quarterly, Infor-\nmation Systems Research, and Journal of MIS, which are usually considered the most prestigious “pure IS”\njournals, all occupy the dense central region of the\nred cluster.\nWe use spring embedding, a method that positions\nnetwork actors graphically based on their pairwise geodesic distances [1], to analyze the direction and strength of network information flows. At a threshold of 0.10 (meaning the proportion of Journal A’s total citations that were made to Journal B is >= 0.10), clusters of related journals begin to emerge, as well as journals that serve as connections between clusters (see Figure 2). A “pure IS” cluster emerges (upper righthand corner), which cites MIS Quarterly heavily but is\nCOMMUNICATIONS OF THE ACM January 2008/Vol. 51, No. 1 97\nPolites fig 1 (1/08)\nFigure 1. Information flow (full network).\nLEGEND IS CS Mgmt/Prof OR Not classified\nPolites fig 2 (1/08)\nFigure 2. Information flow (spring emb dding, 0.10 threshold).\nLEGEND IS CS Mgmt/Prof OR Not classified\nFigure 1. Information flow (full network).\nFigure 2. Information flow (spring embedding, 0.10 threshold).\n2Details on how we determined our classifications and the studies upon which these classifications are based are available on request.\nlargely isolated from other journals in the network. On the other hand, CACM continues to be a source of information to journals from both the computer science and IS camps, but is no longer an important source of information to the professional/managerial and operations research journal clusters.\nIncreasing the threshold from 0.10 to 0.15 does not greatly impact the view of CACM’s relationships to other journals, although it does lead to a clearer overall delineation of network relationships (see Figure 3). By combining the information from these three flow diagrams, we infer that the journals giving the highest proportion of their overall citations to CACM in 2003 had the following research foci:\n• Software engineering, data management, and computer systems; • E-commerce; • Collaboration and group support systems; • Human-computer interaction; • IT’s role in society; and • Emerging areas for IS research and development.\nInformation flow analysis can also be used to identify which network journals are the most important sources of information for CACM itself. Only two journals (MIS Quarterly and Harvard Business Review) received more than 10% of CACM’s total citations within the network in 2003. Other journals receiving at least 4% of CACM’s network citations include (in descending order) IEEE Computer, Sloan Management Review, Management Science, Information Systems Review, and IEEE Software, all of which are highly respected publications within their respective disciplines.\nInformation flow analysis also identifies information sources (journals that receive citations from more journals than they cite) and information sinks (journals that make citations to many different journals, but are not cited by as many in return). Overall, 52 journals were classified as information sources and 67 as information sinks. CACM received the second-highest information-source ranking in the network (net degree of 52, compared to a net degree of 55 for Harvard Business Review). Overall, CACM cited 49 journals in 2003 and was cited by 101. These scores are obviously highly sensitive to restrictions on reference lists or infrequent publication cycles. Some\nscores might also be affected by JCR’s practice of truncating most journal-to-journal citation counts less than two.\nProminence measures. An actor’s prominence in a social network can be based on either centrality (visibility due to “extensive involvement in relations”) or prestige (visibility based on “the extensive relations directed at them”) [4]. In a journal citation network, it is more appropriate to assess prominence based on measures of prestige, rather than centrality.\nNetwork actors can exhibit prominence due to having more direct ties with other actors (degree centrality/prestige), shorter path lengths to other actors (closeness centrality/prestige), or structurally advantageous positions between other actors (betweenness centrality/prestige) [2]. Degree is a localized measure providing information on an actor’s immediate neighborhood, whereas closeness and betweenness are global measures.\nProminence measures are best interpreted in light of the overall level of network centralization. Centralization measures report a network’s degree of centralization as a percentage of that of a perfectly centralized star network [2]. Thus the higher the network centralization, the more closely the network resembles a perfect star network with one central actor, indicating unequal distribution of power (or prestige) within the network. While the centralization of the IS journal network varies depending on the measure used, it tends to be moderate at best (ranging from 21.50% for betweenness measures to 66.45% for degree measures).\nFreeman degree prestige is a common method of determining journal rankings, including our normal-\n98 January 2008/Vol. 51, No. 1 COMMUNICATIONS OF THE ACM\nPolites fig 3 (1/08)\nFigure 3. Information flow (spring embedding, 0.15 threshold).\nLEGEND IS CS Mgmt/Prof OR Not classified\nFigure 3. Information flow (spring embedding, 0.15 threshold).\nized rankings in Table 1. Based on symmetric (reciprocated) citation patterns, CACM receives the highest-degree centrality ranking, counting 46 (38.66%) of 119 journals as being in its immediate neighborhood. Using asymmetric (in-directed) citation patterns, which are a measure of prestige rather than simple centrality, CACM again receives the highest ranking, with citations from 101 (84.87%) of the 119 journals, 30 greater than its nearest competitor.\nA more insightful measure of degree prestige in a citation network is the Bonacich power index, which discriminates between citations received from more popular journals versus less popular journals (based on their respective degrees). The top 25 journals based on the Bonacich power index are shown in Table 2. There are several interesting differences between the Bonacich and Freeman degree results. Using the Freeman method, a large percentage of the top 25 journals have a management/professional orientation (including five of the top 10 journals). However, when using the Bonacich power method, many of these journals drop off the list, being replaced by more traditional IS journals. This implies that while management/professional journals are prestigious within their immediate neighborhood, their prestige does not carry over to the network as a whole. The Bonacich measure, however, is quite sensitive to the selected attenuation factor (0.6, in this case).\nCACM’s top ranking, using the Bonacich power index, indicates the journals ranked close to it likewise have a high degree of prestige. It is also instructive to examine the types of journals not citing CACM in 2003; for the most part, these are academic and practitioner journals from the management discipline.\nWhile it is possible to calculate closeness and betweenness centrality measures in citation networks, information centrality is considered a more appropriate measure to use in such cases, since information exchange between journals does not always follow the\nshortest path. Information centrality takes into account the actual strength of ties between actors, and thus indicates the relative drop in network efficiency brought about by removing a particular actor. Results for the top 25 journals appear in Table 2, and are highly correlated with the Freeman degree rankings. This makes sense, since in a citation network where the top journals tend to be widely cited, the removal of these journals will obviously cause a serious disruption to information flow. CACM is the most prominent journal in the network based on information centrality, once again highlighting its importance in dispers-\ning knowledge throughout the network.\nLIMITATIONS This study only examined citations made by network journals in a single year (2003). However, Spearman rank correlation tests indicate statistically significant correlations between the normalized rankings in our single-year study and several past multiyear ranking studies, increasing our confidence in the results.3 It is possible that the age of cited journals could impact the results, since older journals have more published articles available to be cited. In addition, the journal classifications (IS, CS, Mgmt/Prof, and OR) used here, while based on prior studies, have unclear boundaries. However, one of SNA’s advantages is that it can in fact uncover subtle, unrecognized relationships between journals, and thus can aid in the development of more accurate classification schemes in the future.\nFUTURE DIRECTIONS The Internet has amplified the power of many existing networks and sustains a large collection of new networks (for example, the open source movement). Increasingly, there is recognition that network analy-\nCOMMUNICATIONS OF THE ACM January 2008/Vol. 51, No. 1 99\nPolites table 2 (1/08)\nTable 2. Most prestigious/central journals in the IS journal network.\nRank\n1\n2\n3\n4\n5\n6\n7\n8\n9\n10\n11\n12\n13\n14\n15\n16\n17\n18\n19\n20\n21\n22\n23\n24\n25\n---\nJournal\nCACM\nDSS\nEJOR\nMS\nIEEETSMC\nIEEETKDE\nI&M\nIEEETSE\nMISQ\nIEEETEM\nDSI\nOmega\nACS\nCOR\nIJHCS\nISR\nAI\nJMIS\nIS\nEJIS\nIST\nIEEETComp\nJS&S\nIEEETPDS\nIEEEIS\n-------\nJournal\nCACM\nMS\nMISQ\nHBR\nASQ\nIEEETComp\nIEEESE\nIEEEComp\nAMR\nOS\nAMJ\nIS\nAI\nISR\nJACM\nI&M\nSMR\nIEEETSMC\nEJOR\nIEEETPAM\nOR\nIJHCS\nIEEETKDE\nJASIS\nDSI\nIEEESw\nNormed Score\n0.678\n0.646\n0.631\n0.613\n0.597\n0.589\n0.589\n0.578\n0.574\n0.572\n0.567\n0.563\n0.562\n0.558\n0.557\n0.556\n0.554\n0.549\n0.548\n0.548\n0.539\n0.532\n0.531\n0.529\n0.524\n0.524\nRaw Score\nBonacich Power (Beta = 0.06) Information Centrality\n1193.010\n972.685\n943.964\n922.228\n848.698\n833.462\n817.880\n790.462\n714.948\n709.908\n664.207\n637.369\n615.793\n602.174\n584.977\n584.595\n558.125\n553.574\n501.022\n492.562\n487.976\n475.624\n463.307\n462.803\n440.927\n-------\nRank\n1\n2\n3\n4\n5\n6\n6\n8\n9\n10\n11\n12\n13\n14\n15\n16\n17\n18\n19\n19\n21\n22\n23\n24\n25\n25\nTable 2. Most prestigious/ central journals in the IS\njournal network.\n3A complete list of the 26 studies to which we compared our normalized rankings and the results of the corresponding correlation tests is available on request.\nsis can tell us a great deal about the relationships between people and between entities. Search engines such as Google exploit the linkages within a network to determine the implicit ranking of pages. The same analytic method, as used in this article, enables us to reveal the importance of journals in the network of computing-related scholarship. Thus, this research provides guidance to scholars in assessing the importance of a particular outlet in a specific academic publication network.\nIn the age of the Internet, networks are dynamic and new technologies threaten the equilibrium of existing relationships. For example, journal reputations tend to be long-standing, but what is the effect of a potential reshaping of search strategies? In the days of paper-based journals, searching was often confined to those journals with the highest reputation. Now, facilities such as the ACM Portal and Google Scholar support searching across a wide range of journals. Electronic searching, compared to manual searching, means scholars can focus on finding highly relevant articles in a broad domain rather than restricting themselves to a small set of journals. As a result, we might see changes in journal relationships as a consequence of these new tools, and more broadly, we are\nlikely to see changes in the nature of networks as a result of the adoption of new technologies for linking people and accessing information."
    } ],
    "references" : [ {
      "title" : "Relationships among the academic business disciplines: A multi-method citation analysis",
      "author" : [ "M. Biehl", "H. Kim", "M. Wade" ],
      "venue" : "Omega 34,",
      "citeRegEx" : "1",
      "shortCiteRegEx" : "1",
      "year" : 2006
    }, {
      "title" : "Introduction to Social Network Methods",
      "author" : [ "R.A. Hanneman" ],
      "venue" : null,
      "citeRegEx" : "2",
      "shortCiteRegEx" : "2",
      "year" : 2001
    }, {
      "title" : "A citation analysis of influences on collaborative computing research",
      "author" : [ "C.W. Holsapple", "W. Luo" ],
      "venue" : "Computer Supported Cooperative Work 12,",
      "citeRegEx" : "3",
      "shortCiteRegEx" : "3",
      "year" : 2003
    }, {
      "title" : "Assessing the relative influence of journals in a citation network",
      "author" : [ "S. Nerur", "R. Sikora", "G. Mangalaraj", "V. Balijepally" ],
      "venue" : "Commun. ACM 48,",
      "citeRegEx" : "5",
      "shortCiteRegEx" : "5",
      "year" : 2005
    }, {
      "title" : "Criminal network analysis and visualization",
      "author" : [ "J. Xu", "H. Chen" ],
      "venue" : "January 2008/Vol",
      "citeRegEx" : "6",
      "shortCiteRegEx" : "6",
      "year" : 2005
    } ],
    "referenceMentions" : [ {
      "referenceID" : 4,
      "context" : "SNA techniques “discover patterns of interaction between social actors in social networks” [6].",
      "startOffset" : 91,
      "endOffset" : 94
    }, {
      "referenceID" : 1,
      "context" : "Common SNA procedures include information flow analysis (to determine the direction and strength of information flows through the network), calculation of centrality measures (to determine individual roles within a network), hierarchical clustering (to uncover cliques whose members are fully or almost fully connected), block modeling (to discover key links between different subgroups in a network), and calculation of structural equivalence measures (to identify network members with similar characteristics) [2, 6].",
      "startOffset" : 512,
      "endOffset" : 518
    }, {
      "referenceID" : 4,
      "context" : "Common SNA procedures include information flow analysis (to determine the direction and strength of information flows through the network), calculation of centrality measures (to determine individual roles within a network), hierarchical clustering (to uncover cliques whose members are fully or almost fully connected), block modeling (to discover key links between different subgroups in a network), and calculation of structural equivalence measures (to identify network members with similar characteristics) [2, 6].",
      "startOffset" : 512,
      "endOffset" : 518
    }, {
      "referenceID" : 0,
      "context" : "Thus each cell in the normalized data matrix represents the proportion of a given journal’s total network citations that were made to other journals in the network, with each “receiving” journal’s final normalized score being the sum of these proportions [1, 3].",
      "startOffset" : 255,
      "endOffset" : 261
    }, {
      "referenceID" : 2,
      "context" : "Thus each cell in the normalized data matrix represents the proportion of a given journal’s total network citations that were made to other journals in the network, with each “receiving” journal’s final normalized score being the sum of these proportions [1, 3].",
      "startOffset" : 255,
      "endOffset" : 261
    }, {
      "referenceID" : 0,
      "context" : "network actors graphically based on their pairwise geodesic distances [1], to analyze the direction and strength of network information flows.",
      "startOffset" : 70,
      "endOffset" : 73
    }, {
      "referenceID" : 1,
      "context" : "Network actors can exhibit prominence due to having more direct ties with other actors (degree centrality/prestige), shorter path lengths to other actors (closeness centrality/prestige), or structurally advantageous positions between other actors (betweenness centrality/prestige) [2].",
      "startOffset" : 281,
      "endOffset" : 284
    }, {
      "referenceID" : 1,
      "context" : "Centralization measures report a network’s degree of centralization as a percentage of that of a perfectly centralized star network [2].",
      "startOffset" : 132,
      "endOffset" : 135
    } ],
    "year" : 2008,
    "abstractText" : "Journal rankings identify the most respected publications in a field, and can influence which sources to read to remain current, as well as which journals to target when publishing. Ranking studies also help track the progress of the field, identifying core journals and research topics, and tracking changes in these topics and perceptions over time. Past journal ranking studies have consistently found Communications of the ACM (CACM) to be very highly respected within the IS discipline. However, the exact nature of its relationships to other IS journals has not been thoroughly examined. In this article, we report a social network analysis (SNA) of 120 journals for the purpose of exploring in detail CACM’s position within the IS journal network.",
    "creator" : "QuarkXPress(tm) 6.5"
  }
}