{
  "name" : "acm_10.1145##2600212.2600227.pdf",
  "metadata" : {
    "source" : "CRF",
    "title" : "CuSha: Vertex-Centric Graph Processing on GPUs",
    "authors" : [ "Farzad Khorasani", "Keval Vora", "Rajiv Gupta", "Laxmi N. Bhuyan" ],
    "emails" : [ "bhuyan}@cs.ucr.edu", "permissions@acm.org." ],
    "sections" : [ {
      "heading" : "Categories and Subject Descriptors",
      "text" : "D.1.3 [Programming Techniques]: Concurrent Programming—Parallel Programming"
    }, {
      "heading" : "General Terms",
      "text" : "Algorithms, Performance"
    }, {
      "heading" : "Keywords",
      "text" : "GPU, Graph Representation, G-Shards, Concatenated Windows, Coalesced Memory Accesses\nPermission to make digital or hard copies of all or part of this work for personal or classroom use is granted without fee provided that copies are not made or distributed for profit or commercial advantage and that copies bear this notice and the full citation on the first page. Copyrights for components of this work owned by others than the author(s) must be honored. Abstracting with credit is permitted. To copy otherwise, or republish, to post on servers or to redistribute to lists, requires prior specific permission and/or a fee. Request permissions from permissions@acm.org. HPDC’14, June 23–27, Vancouver, BC, Canada. Copyright 2014 ACM 978-1-4503-2749-7/14/06 ...$15.00. http://dx.doi.org/10.1145/2600212.2600227 ."
    }, {
      "heading" : "1. INTRODUCTION",
      "text" : "The need for efficient large scale graph processing has grown due to the importance of applications involving graph mining and graph analytics. However, using GPUs for efficient graph processing remains a challenging open problem. Even though GPUs provide a massive amount of parallelism with the potential to outperform CPUs, the SIMD architecture demands repetitive processing patterns on regular data which is contrary to the irregular nature of graphs. This leads to the problems of irregular memory accesses and underutilization of GPUs; thus limiting the performance of graph algorithms on GPUs.\nExisting graph processing techniques [10, 12, 21] primarily rely on the Compressed Sparse Row (CSR) representation of graphs because CSR consumes minimal storage space. However, accesses involving a node’s neighbors lead to poor locality causing large amounts of random input-dependent memory references, popularly known as non-coalesced accesses. Also, these techniques are inherently fraught with GPU underutilization caused by workload imbalance resulting from mapping of irregular graphs to the GPU’s symmetric hardware architecture.\nIn this paper we present CuSha1, a framework for processing graphs on GPUs, that overcomes the drawbacks associated with the CSR representation. We recognize and explore the potential of a recently introduced representation for efficient disk based graph processing, known as shards [14]. Shards distribute graph data in a manner that places edges and vertices required by a subset of computation contiguously in memory. G-Shards adapts the shard based representation to efficiently process graphs on GPUs. In GShards each shard becomes a workload for a GPU thread block and multiple thread blocks are processed in parallel. Within each block, entries of a shard (representing edges) are processed in parallel by the threads. By mapping shards to blocks in this manner, we leverage the parallelism in the computation involving both vertices and edges. Even though G-Shards provides better locality, it is sensitive to the nature of input graphs. For large sparse graphs – large real world graphs are often sparse – the workloads assigned to warps inside a block become too small causing threads within the block to remain idle leading to GPU underutilization. To efficiently process sparse graphs, we propose a modification of G-Shards called Concatenated Windows (CW). CW representation concatenates multiple computation windows from shards so that GPU threads are highly utilized.\n1Available at http://farkhor.github.io/CuSha.\nWe have developed a CUDA based prototype of the CuSha graph processing framework that internally makes use of GShards and CW representations. CuSha relies on an iterative vertex-centric model where a given compute function is iteratively applied to each vertex in the graph until a convergence condition is met. This allows developers to easily program graph applications using CuSha – programmer provides simple processing functions which deal with a vertex and its neighbors and the framework automatically parallelizes the computation over the entire input graph. As opposed to the Bulk Synchronous Parallel (BSP) model [26], CuSha provides asynchronous execution that lets updated vertex values to be visible during the same iteration; hence enabling faster convergence for iterative graph algorithms.\nThe key contributions of this work are as follows:\n• We recognize the potential of shards and introduce an effective mapping of shards to various GPU subcomponents via the G-Shards representation. On average, our approach improves memory load and store efficiency by nearly 26% and 52% respectively.\n• We propose Concatenated Windows, an extension built upon G-Shards to leverage better locality. On average, for large sparse graphs, CW improves GPU utilization by 57%.\n• We implemented CuSha, a vertex-centric framework that internally uses G-Shards and Concatenated Windows to represent graphs. CuSha allows non-expert developers to quickly implement graph algorithms on GPUs without worrying about the inner details related to parallelization and synchronization.\n• We demonstrate that CuSha outperforms state-of-theart warp-centric algorithm [12] across wide range of benchmarks and large real world input graphs. For PageRank, average speedup of 7.21x is observed across the input graphs.\nThe rest of the paper is organized as follows. Section 2 overviews and evaluates state-of-the-art CSR-based virtual warp-centric method using several graph applications and large real world graphs. Section 3 presents the graph representations we proposed (G-Shards and Concatenated Windows) to overcome drawbacks of CSR. Section 4 presents details of the CuSha framework including the iterative execution model and the easy to use programming interface. Experimental evaluation is presented in Section 5. Sections 6 and 7 present related work and conclusion."
    }, {
      "heading" : "2. MOTIVATION: LIMITATIONS OF CSR",
      "text" : "Representing graphs in memory to efficiently process them on GPUs has been a challenging task. Consider examples of some real world graphs shown in Table 1 whose degree distribution is shown in Figure 1. As we can see, these graphs are usually sparse and their sizes are large involving processing over millions of vertices and edges. The latter makes it infeasible to store the graph in the space inefficient adjacency matrix representation. Hence, prior graph processing approaches [22, 8, 4] primarily rely on the Compressed Sparse Row (CSR) representation because of its compact nature. For any given vertex, the CSR representation allows fast access to its incoming/outgoing edges along with the addresses of source/destination vertices at the other end of these edges. The representation mainly consists of 4 arrays:\n1\n10\n100\n1000\n10000\n100000\n1000000\n10000000\n1 10\nN u m b er o f ve rt ic es\n100 1000 10000 100000\nDegree\n(a) LiveJournal\n1\n10\n100\n1000\n10000\n100000\n1000000\n1 10\nN u m b er o f ve rt ic es\n100 1000 10000\nDegree\n(b) Pokec\n• VertexValues: VertexValues[i] (0 ≤ i < n) represents the value of vertex vi.\n• SrcIndxs: SrcIndxs[i] (0 ≤ i < m) represents for edge ei, the index of the source vertex in VertexValues. The incoming edges for a given vertex are stored in consecutive locations of this array.\n• InEdgeIdxs: InEdgeIdxs[n] = m. InEdgeIdxs[i] (0 ≤ i < n) represents the starting index of a sub-array Ei of SrcIndxs. The end of this sub-array Ei can be determined by the entry at i + 1. Ei combined with SrcIndxs represents the incoming edges for node ni.\n• EdgeValues: EdgeValues[i] (0 ≤ i < m) represents the value of the edge ei.\nThe neighborhood of vertex ni can be determined by looking at locations of VertexValues which are represented by the sub-array starting at SrcIndxs[InEdgeIndxs[i]] and ending at SrcIndxs[InEdgeIndxs[i + 1]] and the edge weights can be determined by the sub-array of EdgeValues starting at InEdgeIndxs[i] and ending at InEdgeIndxs[i+1]. Figure 2\n0 7\n26\n1 2\n3 5\n1\n7\n9\n6 1\n4\n4\n35 3 4\n2 4\n2\n(a) Example graph.\n0 2 4 6 7 9 10 12\n6 7 0 5 1 7 5 0 7 7 1 3 0\n14\nx0 x1 x2 x3 x4 x5 x6 x7\n4 3 5 6 1 9 4 3 2 4 1 2 2\nInEdgeIdxs\nVertexValues\nSrcIndex\nEdgeValues\n6\n7\n(b) CSR representation of the graph.\nFigure 2: An example graph and its CSR representation.\nshows an example of a graph and its CSR representation using its incoming edges. As we can see, the neighborhood of vertex 2 (shown in green) is represented by VertexValues[1] and VertexValues[7] and the sub-array EdgeValues[4:5].\nTo process graphs on GPUs, Virtual Warp-Centric technique [12] has been shown to perform better than other techniques like [10]. Here, the physical warp is broken into 2, 4, 8 or 16 smaller virtual warps to control the trade-off between GPU underutilization and path divergence. Processing is done iteratively such that each iteration is performed by a separate GPU kernel call. In each iteration, a virtual warp handles the computation of a set of vertices. For each vertex, threads within the virtual warp process the vertex neighbors in parallel; each of its incoming edges is read and processed by a separate thread in the virtual warp. Then, parallel reduction technique [11] is used to calculate the new vertex value. Even though Virtual Warp-Centric method achieves faster graph processing compared to other techniques, its performance is limited by two major phenomena: high non-coalesced memory accesses; and high GPU underutilization & intra-warp path divergence. We elaborate upon these drawbacks next.\nNon-Coalesced Accesses: As discussed, SrcIndxs[i] and SrcIndxs[i + 1] represent non-consecutive indices in VertexValues array. Hence, parallel reading of these values by threads in a virtual warp leads to random non-coalesced memory accesses requiring multiple inefficient memory transactions. Note that a major portion of graph processing is reading these vertex structures over and over again, making the problem very significant. Table 2 shows the average efficiency of memory accesses for different applications. Global memory access efficiency essentially tells how well coalesced global accesses are. Such low percentages of efficiency indicates that a great number of accesses were fulfilled using greater than minimal number of transactions due to poor locality of data of interest.\nUnderutilization & Intra-warp Divergence: Graph processing is highly sensitive to the degrees of vertices in the input graph. Processing of a low-degree vertex causes threads within the virtual warp to remain idle, leading to GPU underutilization. If we select a smaller virtual warp size to decrease underutilization, different amounts of computation load for threads inside the physical warp cause intra-warp path divergence. Figure 1 shows that real world graphs have a mix of low and high degree vertices. Table 2 shows that the warp execution efficiency is quite low for eight graph applications on different input graphs. High intra-warp divergence and GPU underutilization limit warp execution efficiency; thus, degrading the overall performance of the GPU kernel.\nIn conclusion, even though CSR representation is a popular choice because of its space-efficiency, high frequency of non-coalesced memory accesses because of poor locality and path divergence because of variable degree distribution of real graphs, significantly limit its performance while processing graphs on GPUs. In addition, the user is always trapped in a trade-off between intra-warp path divergence and GPU underutilization which has a different best configuration for different graphs. This motivates the need to explore novel graph representations that are GPU friendly and allow faster processing."
    }, {
      "heading" : "3. CUSHA GRAPH REPRESENTATIONS",
      "text" : "In this section we discuss two graph representations that result in improved coalescence in memory accesses and high GPU utilization and hence achieve higher performance."
    }, {
      "heading" : "3.1 G-Shards",
      "text" : "Representing a graph with shards has been shown to improve I/O performance for disk based graph processing on a shared memory system [14]. Since shards allow contiguous placement of the graph data required by a subset of computations, G-Shards uses the shard concept to secure benefits from coalesced accesses.\nG-Shards presents a graph G as a set of shards where each shard is an ordered list of incoming edges and each edge e = (u, v) in the shard is represented by a 4-tuple:\n• SrcIndex : Index of the source vertex u • SrcValue: Content of source vertex u • EdgeValue: Content or weight of the edge e • DestIndex : Index of the destination vertex v\nThe set of shards used to represent a graph G exhibit the following properties:\n• Partitioned : V is partitioned into disjoint sets of vertices and each set is represented by a shard such that it stores all the edges whose destination is in that set.\n• Ordered : The edges in a shard are listed based on increasing order of their SrcIndex.\nFigure 3(a) shows G-Shards representation for the graph shown in Figure 2(a). We divide the vertex-set into two groups so that Shard-0 has the list of edges whose destination is between 0 to 3 and Shard-1 has the list of edges whose\ndestination is between 4 to 7. Note that within Shard-0 (and Shard-1 ), the edges are sorted based on SrcIndex.\nTo facilitate efficient processing of graphs on GPU using shards, G-Shards also maintains a separate array named VertexValues which allows quick access to values of vertices. Throughout the computation. VertexValues[i] represents the most updated value of vertex vi.\nEach shard is processed by a block in the GPU in 4 steps. In step 1, the threads fetch the updated vertex values from the VertexValues array to the shared memory of the block. Consecutive threads of the block read consecutive elements of VertexValues array; hence load requests coalesce into minimum number of transactions. In step 2, using the fetched values, block threads process edges inside the shard in parallel. Figure 3(b) shows consecutive threads of the block read consecutive shard entries residing in global memory thus providing coalesced global memory loads. In step 3, the threads write back the newly computed values to the VertexValues array. This step is done in a similar manner as step 1 except that reads are replaced by writes. Thus, global memory stores in this step, similar to global loads in step 1, are satisfied by minimum number of write transactions in memory controller. Step 4 (write-back stage) performs the remaining task which is to propagate computed results to other shards SrvValue array. To have coalesced global memory accesses in write-back stage as well, we assign each warp in the block to update necessary SrvValue elements in one shard. Because of aforementioned Ordered property of shards, elements in one shard that need to be read and written by another shard are arranged contiguously. Figure 3(c) shows consecutive threads inside a warp read consecutive SrcIndex elements inside another shard and write to consecutive SrcValue elements; therefore memory accesses are coalesced.\nThus, we observe that shard processing by threads of a block on GPU involves fully coalesced global memory reads and writes during all steps. Accesses to VertexValues in steps 1 and 3, reading shard elements in step 2, and updating regions of other shards in step 4 all become coalesced.\nEach shard region whose elements need to be accessed and updated together by another shard is called a computation\nwindow. A computation window Wij , is the set of entries in shard j that are involved during processing of shard i such that, each edge in Wij has SrcIndex in the range of vertex indices associated with shard i. This means that the source vertices of all the edges in Wij belong to the vertexrange a to b if shard i represents edges whose destination vertices belong to the same range a to b. As an example, different colors for entries in Figure 3(a) distinguish different computation windows; the windows W0j are represented in red (first two elements of shard-0 and first four elements of shard-1) and windows W1j are represented in green for 0 ≤ j < 2. Intuitively, for a constant k, if number of shards is p, the collection of edges in windows Wkj , 0 ≤ j < p, completely represents the sub-graph induced over the subset of vertices associated with shard k."
    }, {
      "heading" : "3.2 Concatenated Windows (CW)",
      "text" : "G-Shards representation on GPU provides coalesced global memory accesses to neighbor’s contents which was not achievable by CSR. However, the performance can be limited by various characteristics of input graphs. First, imbalanced shard sizes can cause inter-block divergence. We found that this effect is insignificant because of the abundance of shards to be processed that keeps the Streaming Multiprocessors busy. Second, unbalanced window sizes can cause intrablock/inter-warp divergence; however, due to similar reason, we conclude that its impact is insignificant too. Finally, sparse graphs lead to small window sizes which cause GPU underutilization. This is mainly because most of the threads within the warp are idle when entries for the computation window are being processed by other threads. This makes G-Shards representation on GPUs sensitive to window sizes; in particular, smaller window sizes lead to inefficient writeback of updated values in the windows.\nNext we show that the window size is mainly determined by the size of the input graph, its sparsity, and the number of vertices assigned to shards. Let us consider a graph G = (V,E) to be represented by |S| shards. The average shard size (the number of edges in the shard) is |E||S| . Since each shard has at most |S| windows (one for each shard), the average window size becomes |E||S|2 . Assuming that a shard\nW j,0\nS h ard 0\nS h ard 1\nS h ard 2\nW 0 ,0 W 1 ,0\nW 2 ,0\nW j,1\nW 0 ,1\nW 1 ,1\nW 2 ,1\nW j,2\nW 0,2 W 1 ,2 W 2 ,2"
    }, {
      "heading" : "CW0 CW1",
      "text" : "CWj\nCW2\nfor W0,0 for W0,1 for W\nfor W1,0 for W1,1\nfor W2,0 for W2,1 for W\nfor Wj,0 for Wj,1\nS h ard j S h ard\n2 W j,2 W W W\nW j,j\nW 0,j\nW 1 ,j\nW 2 ,j\n0,2 for W0,j\nfor W1,2 for W1,j\n2,2 for W2,j\nfor Wj,2 for Wj,j\n(a) CWi formed by concatenating all Wij ordered by j.\nSrcIndex\nMapper\nThread IDs k k+1 m m+1 m+2\nS rcV alu e\nS h ard j\nS rcV alu e\nfor Wi,j-1 for\nCWi\nS rcV alu e\nW i,j-1\nS h ard j-1\nk\nk+1\nm\nm+1\nm+2\nn\nS rcV alu e\nn n+1 n+2 p\nS h ard j\nS h ard j+ 1 S rcV alu e S rcV alu e\nWi,j for Wi,j+1\nW i,j\nS h ard j\nW i,j+ 1 S h ard j+ 1 n+1 n+2\np\nS rcV alu e\nS rcV alu e\n(b) Global memory accesses in write-back stage using CW representation.\n5\n6\n4\n4\n3\n1\n1\n3\n0\n0\n9 2\n1 2\nx0\nx5\nx5\nx6\nx7\nE d geV alu e D estIn d ex S rcV alu e\nShard 0\n0\n0\n0\n1\nS rcIn d ex\nx7\n3\nx11\nx0 x1 x2VertexValues\n0\n7\n8\n9\n10\n1\n0\n1\n2\n3\n4\n5 6 M ap p er\nCW 0\n3\n2\n1\n2\n7\n2\n4\n7\n6\n6\n7\n4\n4 5\nx1\nx6\nx7\nx7\nShard 1\n5\n5\n6\n7\n6\n7\n7\n7\nx3\nx0\nx0\nx3 x4 x5 x6 x7\nE d geV alu e D estIn d ex S rcV alu e S rcIn d ex\n2\n3\n4\n5\n11\n12\n13\n6\n7\n8\n9\n10\n11\n12\n13\nM ap p er\nCW 1\n(c) CW representation of graph in Figure 2(a).\nFigure 4: Concatenated Windows Representation and its Avoidance of GPU underutilization in presence of small windows.\nis assigned at most |N | vertices, |S| = d |V ||N|e. Hence, the average window size is approximately |E||N| 2\n|V |2 . Thus, the win-\ndows become smaller as the graph becomes sparser. Also, the quadratic term in the denominator indicates that the windows rapidly become smaller as the number of vertices in the graph increases.\nWe develop the Concatenated Windows representation to address the above issue. To avoid GPU underutilization induced by large sparse graphs, CW collocates computation windows. For a given shard i, a Concatenated Window CWi is defined as a list of SrcIndex elements of all computation windows Wij , ordered by j, as shown in Figure 4(a). Here, we retain the original representation of shards, but separate out the SrcIndex entries to order them differently. SrcIndex entries for shard i in CW representation can be created by concatenating SrcIndex in all Wij in G-Shards representation. Hence, a directed graph is represented as a set of shards, each of them associated with a separate SrcIndex array. Each shard is an ordered list of incoming edges where each edge is now represented by a 3-tuple: SrcValue, EdgeValue, and DestIndex. The set of shards is Partitioned and Ordered as described in the previous section. Note that by separating out SrcIndex array from the rest of the shard, we break the association between SrcIndex and SrcValue entries which is required to write-back the updated values. Therefore, to facilitate fast access of SrcValue entries using SrcIndex entries, we use an additional Mapper array.\nProcessing graphs using Concatenated Windows, similar to G-Shards representation, takes 4 steps with a difference in 4th step (write-back stage). As Figure 4(b) shows, a thread is assigned to every entry of SrcIndex. Using the entries in SrcIndex and Mapper arrays, the thread updates corresponding SrcValue entries in the shard. By concatenating small windows to form a larger set, consecutive threads within the block continuously process consecutive entries, thus improving GPU utilization for large sparse graphs.\nFigure 4(c) shows the Concatenated Windows representation for the graph shown in Figure 2(a). As we can see, the SrcIndex columns are separately ordered compared to the rest of the shards. There are six entries in SrcIndex\n(shown in red) associated with Shard-0 representing values from CW0. The first two entries come from W00 and the rest come from W01. The eight entries in SrcIndex (shown in green) are associated with Shard-1 and represent values from CW1. The first five come from W10 and the rest come from W11.\nBy retaining the basic representation of G-Shards, we leverage the locality of data required by each computation set. By changing the ordering of the SrcIndex column using Concatenated Windows, we benefit from higher utilization of threads in warps, thus achieving best of both worlds."
    }, {
      "heading" : "4. CUSHA FRAMEWORK",
      "text" : "In this section we first describe how CuSha executes iterative parallel graph algorithms. Then we show that CuSha makes various applications easy to program.\nIterative parallel graph processing in CuSha. The parallel execution framework of CuSha implements iterative parallel graph processing where each iteration performs three phases: gather/read, update/compute and scatter/write. CuSha’s computational model is largely based on the readcompute-write iterative processing mechanism where the compute phase is further split into two phases.\nFigure 5 shows the pseudo-code for iterative processing. The host continuously launches new GPU kernels until the algorithm converges to a stable solution. At the end of each iteration, the host and the device implicitly synchronize using a cudaMemcpy that copies is converged back to CPUside (line 29). After each iteration, the CPU determines whether or not the next iteration should be performed by launching another GPU kernel.\nEach shard is completely processed by one GPU block. For each shard, a values updated flag resides in the shared memory and indicates whether or not the values were updated. It is initially set to false (line 5) by one of the threads in the block. Appropriate Vertex, Edge and StaticVertex structures are initialized where the StaticVertex structure refers to properties of the vertex that remain constant throughout the execution.\nIn the first stage, consecutive threads initialize local vertices array from consecutive VertexValues array elements in the global memory (line 9) thus providing fully coalesced memory accesses.\nThe second stage mainly involves invoking the compute method with the appropriate parameters for shards. Global memory access pattern in this stage is depicted in Figure 3(b). Since multiple threads can simultaneously modify the same shared memory location, the user-provided compute function must be atomic with respect to updating the destination vertex. Note that the atomic operation will be inexpensive mainly because it is a shared memory update and hence, only can affect other threads inside the same streaming multiprocessor, leaving the threads in other streaming multiprocessors unaffected. Furthermore, the lock contention is low because of the size of shards, allowing these operations to be performed almost independently with respect to each other. Also, since the order of these invocations is nondeterministic, the compute function must be both, commutative and associative.\nIn the third stage, the threads invoke the update condition method (lines 17 - 19). If a true value is returned by this method, the threads update the contents of VertexValues and values updated is set. Note that the update condition method can also be used to perform computations unique to each vertex. In this case, the computation logic can be split across the compute and update condition methods such that\nthe compute method mainly leverages edge-level parallelism and the update condition method leverages vertex-level parallelism.\nIn the last stage, if values updated flag is set, windows in all the shards are updated with newly computed values (line 25) and one of the threads inside the block sets the is converged flag. With G-Shards representation, the threads of a block are grouped into warps which iterate through the corresponding windows in all the shards (Figure 3(c)). As we discussed in Section 3.2, although the accesses are coalesced in this case, the technique is susceptible to GPU underutilization when windows are small. With CW representation, the threads of a block read the SrcIndex and Mapper array and appropriately update the windows in all shards (Figure 4(b)). Even though the memory accesses are not fully coalesced in this case, it requires the same number of memory transactions as in G-Shards representation with the added benefit of utilizing all threads.\nSelecting shard size. As we know, processing graphs using G-Shards and CW representations is sensitive to window sizes which, in turn, is dependent on the size of shards. Hence, during initialization, CuSha determines the number of vertices assigned to shards for each input graph using average window size formula: |E||N| 2\n|V |2 derived in Section 3.2.\nFrom the architecture standpoint, |N | is limited by the size of shared memory; to achieve maximum theoretical occupancy and to fully utilize the SM resources, |N | is dependent on the number of blocks residing on a single SM. For example, if a SM has 48KB shared memory and we wish to have two blocks residing in it at the same time, each block can be assigned up to 24KB of shared memory. Assuming that vertex value is 4 bytes, |N | can at most be 6K. Similarly, with four blocks on one SM, |N | can at most be 3K. Choosing the largest value for |N | (6K in the above example) and hence, having a block with a lot of threads increases the likelihood of conflicts during atomic operations due to limited number of shared memory lock indices. Hence, for a given input graph, CuSha first calculates |N | by assuming the average window size to be 32 (equal to the warp size). Then, it determines block size to be the nearest value to the calculated |N | that utilizes all available shared memory quota for the block on the SM. This allows CuSha to generate the set of shards that is best suited for each input graph.\nProgramming applications using CuSha. The above computational model enables users to easily implement a\nwide range of graph processing algorithms. As an example, let us consider the implementation of Single Source Shortest Path (SSSP) algorithm. The vertex-centric approach for SSSP is to iteratively compute the value for each vertex based on the minimum sum of its neighbor’s value and the corresponding edge weight. Figure 6 presents the structure of a vertex and the functions required to compute SSSP on a graph. Every vertex holds an integer (initially set to a very large number representing ∞) standing for the shortest distance from the source (line 0). Source vertex value is set to 0. At the beginning of each iteration, the init compute method loads the most updated vertex values into the block’s shared memory. The compute function sets the distance of a vertex by atomically choosing the minimum of the calculated distances. The update condition signals the caller to execute the next iteration if the new distance of the vertex is smaller than its old value. As we can see, the user only has to provide the init compute, compute, and update condition methods along with the required structures; hence making it easier to code graph processing algorithms using CuSha. Also, the commonalities among various algorithms allow users to quickly implement different algorithms by simply modifying the existing ones. Table 3 presents 8 graph processing al-\ngorithms we implemented using CuSha alongside variables for structures and instructions for three functions used by these algorithms. Note that having arrays of structure in older generations of CUDA devices could limit the effective bandwidth due to strided distribution of elements. However, simultaneous accesses to structure elements alongside the introduction of global L2 cache in newer CUDA-enabled GPUs significantly diminishes the impact of strided accesses."
    }, {
      "heading" : "5. EXPERIMENTAL EVALUATION",
      "text" : "In this section, we evaluate the performance of our CuSha framework using the eight graph applications listed in Table 2 and six publicly available [15] real-world graphs listed in Table 1. The graphs cover a broad range of sizes and sparsity and come from different real-world origins. LiveJournal and Pokec are directed social networks which represent friendship among the users. HiggsTweet is a social relationship graph among twitter users involved in tweeting about the discovery of Higgs particle. RoadNetCA is the California road network in which the roads are represented by edges and the vertices represent the intersections. WebGoogle is a graph released by Google in which vertices represent web pages and the directed edges are hyperlinks"
    }, {
      "heading" : "Averages Across Input Graphs",
      "text" : ""
    }, {
      "heading" : "Averages Across Benchmarks",
      "text" : "connecting those pages. Amazon0312 is Amazon’s product co-purchasing network collected on March 2, 2003. In this graph, vertices are products and an edge between vertices indicates that the two products were frequently co-purchased.\nThe experiments were performed on a system with Nvidia GeForce GTX780 which has 12 SMX multiprocessors and 3 GB GDDR5 RAM. On the host side, there is an Intel Core i7-3930K Sandy Bridge CPU with 12 cores (hyper-threading enabled) operating at 3.2 GHz clock frequency. PCI Express 3.0 lanes operating at 16x speed transfer data between the host DDR3 RAM (CPU side) and the device RAM (GPU side). The benchmarks were evaluated using CUDA 5.5 on Ubuntu 12.04, Kernel v3.5.0-45. All the programs were compiled with the highest optimization level flag (-O3)."
    }, {
      "heading" : "5.1 Performance Analysis",
      "text" : "To evaluate the effectiveness of graph processing on CuSha we compare the performance of following techniques:\n• CuSha-GS: This is our Cusha framework when using G-Shards representation;"
    }, {
      "heading" : "Averages Across Input Graphs",
      "text" : ""
    }, {
      "heading" : "Averages Across Benchmarks",
      "text" : "• CuSha-CW: This is our CuSha framework when using CW representation;\n• VWC-CSR: This is virtual warp-centric [12] technique using CSR representation. We considered virtual warp sizes of 2, 4, 8, 16, and 32; and\n• MTCPU-CSR: This is the multi-threaded CPU implementation using the CSR representation built using pthreads such that each thread is assigned to a group of vertices that are adjacent to each other in the CSR representation. We considered the runs with 1, 2, 4, 8, 16, 32, 64, and 128 threads on the 12-core host processor with hyper-threading enabled.\nSpeedups. Table 4 shows raw processing time (including host-device data transfers) of CuSha-CW, CuSha-GS, and VWC-CSR. These times are presented as ranges (min - max) because VWC-CSR is run for several configurations as its performance varies with chosen virtual warp sizes. From this table we can get the speedups of CuSha over VWCCSR. When averaging speedups across all benchmarks and inputs, CuSha-GS provides speedups in range of 1.72x -\n4.05x while CuSha-CW provides speedups in range of 1.89x - 4.89x over VWC-CSR. Table 5 shows the speedup ranges separately for each benchmark when averaged across all inputs and then separately for each input graph when averaged over all benchmarks. We observe that CuSha outperforms VWC-CSR across all benchmarks and all inputs with maximum improvements observed for PageRank (PR) program and RoadNetCA input graph. We also observe that both GShards and Concatenated Windows contribute substantially to the resulting speedups. For example, for PageRank, maximum speedup observed using CuSha-GS is 5.88x and this increases to 7.21x when CuSha-CW is used.\nResults in Table 6 demonstrate CuSha’s substantial performance improvements over MTCPU-CSR. The maximum speedups correspond to the single-threaded CPU implementation while the minimums correspond to use of best number of CPU threads. Best configuration varies from one benchmark and graph combination to another. When averaging speedups across all benchmarks and inputs, CuSha-GS provides speedups in range of 2.57x - 12.96x while CuSha-CW provides speedups in range of 2.88x - 14.33x over MTCPUCSR. Highest speedups were observed for PageRank program and the largest input graph LiveJournal.\nData transfer times between the host and the device have been included in the results reported in Table 5 and Table 6.\nTEPS data for BFS traversal. Table 7 shows number of Traversed Edges Per Second (TEPS) in BFS for CuShaCW, CuSha-GS, and VWC-CSR with the best performance handpicked by running it with different virtual warp sizes. As the table shows, CuSha can be up to 5 times better than the best VWC-CSR. CuSha provides performance gain over VWC-CSR by eliminating non-coalesced accesses and thread divergence, which will be further explored in this section.\nFigure 7 shows the number of vertices updated during BFS traversal iteration by iteration over time for CuSha-CW and CuSha-GS, and for VWC-CSR with the warp size exhibiting best performance. Processing with CuSha-CW and CuSha-GS usually includes more iterations than VWC-CSR because G-Shards and CW contain more than one version of vertex values; unlike CSR that only stores one version of it. On the other hand, iterations take much less time with G-Shards and CW because of the GPU-friendly representation. Faster iterations in G-Shards and CW result in much quicker convergence of BFS in all the graphs.\nGlobal memory and warp execution efficiency. The speedups of CuSha over VWC-CSR observed can be explained by studying the improvements in global memory accesses and warp execution efficiencies. As we had shown earlier, these efficiencies are quite low for VWC-CSR. Figure 8 compares the average global memory store efficiency,\nthe average global memory load efficiency, and the average warp execution efficiency of VWC-CSR with best configuration, CuSha-GS, and CuSha-CW while processing LiveJournal graph.\nThe global memory store efficiency is the ratio of the global memory store throughput achieved by the program to the global memory store throughput that is actually needed by the program. It indicates how well the threads within a kernel write to the global memory: a high value shows that more store operations are fulfilled with coalesced writes. The average of this value across all kernel iterations during a run is the average global memory store efficiency. As we can see, VWC-CSR has a very low average global memory store efficiency (1.93% on average) because when the warp needs to update the vertex content, only one thread inside the virtual warp is active and writing to memory. On the other hand, CuSha-GS and CuSha-CW have a much higher average global memory store (27.64% for G-Shards and 25.06% for CW) because updates to vertex contents are done in parallel by multiple threads.\nThe global memory load efficiency indicates the ratio of achieved global memory load throughput to required load throughput. Compared to CuSha, VWC-CSR achieves lower global memory load efficiency (28.18% on average) mainly because of non-coalesced accesses. CuSha-GS and CuShaCW achieve 80.15% and 77.59% global memory load efficiency on average, respectively. For both CuSha-GS and CuSha-CW, the average global memory load is higher than store mainly because of the heavy, but coalesced, memory reads of shard entries.\nFinally, the warp execution efficiency is defined as the ratio of the average active threads in a warp to the maximum possible active threads in a warp per multiprocessor. It indicates how well GPU hardware resources are utilized. Figure 8 shows that the VWC-CSR has a much lower warp execution efficiency (34.48% on average) compared to CuSha (88.90% for G-Shards and 91.57% for CW on average) mainly due to the impact of different number of neighbors in VWC-CSR. Since CuSha organizes graph edges in large shards, this effect is heavily reduced.\nMemory occupied by different graph representations. Next we evaluate the cost of using G-Shards and CW representations in terms of increased memory requirement and copying time over CSR.\nFigure 9 shows minimum, average, and maximum space consumed by CSR, G-Shards, and CW representations for each input graph, across all benchmarks and normalized with respect to the CSR average for each benchmark. GShards and CW take 2.09x and 2.58x more space, on average, than CSR. G-Shards representation adds an overhead of about (|E|−|V |)×size of(V ertex)+|E|×size of(index) bytes over CSR. For CW, this overhead increases by |E| × size of(index) bytes. Even though the overhead is input dependent, technological advancements allow us to leverage reasonably large RAM on the GPU which can easily fit most real world graphs. If graphs do not fit in the GPU RAM, a multi-streamed procedure should be incorporated to overlap computation and data transfer.\nFigure 10 breaks the total time, taken by all the benchmarks on LiveJournal input, down into the time taken by: 1) H2D copy - time to copy graph from CPU side memory to GPU global memory; 2) GPU Computation - time to process the graph on GPU; and 3) D2H copy - time to copy the results back from GPU global memory to CPU side memory. We can see that CuSha takes more H2D copy time compared to VWC-CSR mainly because of the space overheads involved in using G-Shards and CW. However, computation friendly representations of G-Shards and CW allow faster processing, which in turn significantly improves the overall performance. D2H copy only involves the final vertex values and hence, is negligible. Also, CuSha-CW takes more time to copy compared to CuSha-GS because of the additional mapper array."
    }, {
      "heading" : "5.2 Sensitivity Analysis of CW",
      "text" : "In this section we study the sensitivity of CuSha-CW across different input graph characteristics. To create the graphs used in this study we use the SNAP graph library [2] and the RMAT [5] model that generates scale free graphs which resemble the characteristics of real-world graphs such as power-law graphs.\nFigure 12 shows the total running time normalized with respect to the shortest time for SSSP on CuSha with nine synthetically-created RMAT graphs across range of different sizes and sparsities. It confirms the sensitivity of G-Shards representation to the graph size, the graph sparsity, and the number of vertices assigned to a shard (|N |). We discuss each of these parameters with the help of Figure 11 which shows the distribution of window sizes in different scenarios.\nGraph size: Increasing the number of edges and vertices in the graph causes the frequency of small windows to increase (see Figure 11(a)). This makes the G-Shards representation more vulnerable to graph size compared to CW. This can be seen in Figure 12: processing time with G-Shards more than doubles from 67 8 graph with |N | = 3k to 134 16 graph with |N | = 3k while with CW it increases by 1.6x.\nSparsity : Figure 11(b) shows that by increasing graph sparsity, the number of windows with size close to zero increases.\nG-Shards representation is more sensitive to small sized windows compared to CW, i.e., as graphs become sparser, the performance of G-Shards degrades rapidly compared to CW. In Figure 12, the G-Shards processing time doubles from 67 4 graph with |N | = 3k to 67 16 graph with |N | = 3k while CW processing time increases only slightly.\nVertices assigned to shard (|N |): Larger |N | reduces the number of shards and increases their size. As a result, larger |N | increases the size of windows as shown in Figure 11(c). Hence, while processing very sparse graphs using G-Shards, it is crucial to have a large value for |N |. Comparatively, CW is not heavily impacted when |N | is small as shown with the biggest and sparsest graphs in Figure 12.\nWe further compared CW sensitivity with VWC-CSR’s. Figure 13 presents the speedup of CW over VWC-CSR on RMAT graphs. It shows that with increasing size and sparsity of the RMAT graph, CW’s superiority over VWC-CSR increases. It also reveals the performance change of VWCCSR method when different warp sizes are employed. It is evident from the figure that different graphs with different characteristics require different configuration of VWC-CSR for best performance."
    }, {
      "heading" : "6. RELATED WORK",
      "text" : "Using GPUs for high performance graph processing was first introduced in [10]. Since then CSR has been the most popular representation to store graphs on GPU. Even though efforts have been spent to minimize path divergence as in [12] and minimize load imbalance as in [21], the CSR representation inherently suffers from poor locality [18].\nApart from having virtual warps, [12] offers deferring outliers and dynamic workload distribution techniques in order to reduce intra-warp divergence and achieve a balanced load for different warps. However, the improvements achieved by these two methods are limited because of the heavyweight atomic operations on global memory. The technique presented in [28] tries to balance the load in graphs represented in CSR by reorganizing the vertices and putting them in three bins. Based on the size of these bins, appropriate number of GPU threads are assigned to process these bins, hence providing a balanced workload distribution.\nIn [9], TOTEM abstracts away development complexity and reduces communication overhead for processing graphs by message aggregation in a heterogeneous many-core system. Another hybrid CPU-GPU method that improves the efficiency of BFS is presented in [13]. During the initial phases when there are fewer number of vertices to be processed, the CPU performs the computation. Later, when the number of vertices to be processed becomes larger, the computation is moved onto the GPU. Authors also propose\na read-queue hybrid technique that switches the processing scheme based on the size of next level in BFS. [1], [21] and [19] are various multi-core CPU and GPU works that employ queues to handle vertices that should be explored in the next level. The technique presented in [21] efficiently computes the prefix sum for scatter offset in parallel to produce global computation frontier queues. Even though using frontiers is still susceptible to input-dependent non-coalesced memory accesses, the GPU underutilization is eliminated by this technique. CuSha is a framework that supports a broader range of graph algorithms compared to such problem-specific queue-based solutions for BFS.\nMedusa [30] is a generalized GPU-based graph processing framework that focuses on abstractions for easy programming and scaling to multiple GPUs. CuSha primarily focuses on exploring new graph representations to allow faster graph processing. Apart from CSR, various other graph representations have been proposed that are typically beneficial for targeted applications. For instance, [20] introduces a novel idea of using sparse bit vectors, a structure similar to linked list. However, this representation is highly space inefficient and is only beneficial for morph algorithms when data access patterns exhibit spatial locality.\nDymaxion [6] is an API to improve memory access patterns on GPUs. It uses two fundamental techniques to leverage high memory coalescing:\n• Data restructuring: Although this method is effective and quite common [24], its use in Dymaxion is limited to predictable data patterns, such as transformation of two-dimensional matrices from row-major order to column-major order or vice versa.\n• Memory remapping: Allows efficient accessing of data elements via an intermediate mapping function. It is similar to CuSha’s CW method.\nIn [29], authors present data reordering and job swapping techniques to remove GPU memory access irregularities. Data reordering, similar to data restructuring, repositions elements of an array to minimize required global memory transactions. In job swapping, threads exchange work in order to achieve more coalesced memory accesses. It is usually done using reference redirection, which is similar to memory remapping. Despite their benefits for applications with regular chunkable input data, irregular and unpredictable dependency between real-world graph elements makes it costly to employ these techniques for graph applications.\nRecently, Wu et al. classified and analyzed few fundamental methods to minimize non-coalesced memory accesses in [27]. CuSha employs three of these techniques:\n• Duplication: Vertices and destination indices are duplicated for edges.\n• Reordering: Edges within the shards are sorted based on their source indices.\n• Sharing: Irregular memory accesses are confined to fast shared memory in the GPU."
    }, {
      "heading" : "7. CONCLUSION",
      "text" : "In this paper, we first recognized the use of shards for efficient graph processing on GPUs through coalesced memory accesses and introduced G-Shards: a graph represen-\ntation that effectively maps shards to various GPU subcomponents. We also proposed a novel representation named Concatenated Windows to eliminate GPU underutilization for very large and sparse graphs. Finally, we built CuSha, a framework to enable users to easily define vertex-centric algorithms for processing large graphs on GPU. CuSha internally relies on both G-Shards and Concatenated Windows and exposes necessary functions to be provided by the users. CuSha achieves substantial speedups over the finetuned state-of-the-art virtual warp-centric method. We believe that increasing amount of shared memory per SM along with performance enhancements of shared memory atomic operations in upcoming CUDA devices will further enhance the superiority of our two newly introduced representations."
    }, {
      "heading" : "8. ACKNOWLEDGMENTS",
      "text" : "We thank the reviewers for their detailed feedback for improving the paper. This work is supported by National Science Foundation grants CCF-1157377 and CCF-0905509 to the University of California Riverside."
    }, {
      "heading" : "9. REFERENCES",
      "text" : "[1] V. Agarwal, F. Petrini, D. Pasetto, and D. A. Bader. Scalable graph exploration on multicore processors. In SC, pages 1–11, 2010.\n[2] D. A. Bader and K. Madduri. Snap, small-world network analysis and partitioning: An open-source parallel graph framework for the exploration of large-scale networks. In IPDPS, pages 1–12, 2008.\n[3] A. Bakhoda, G. Yuan, W. Fung, H. Wong, and T. Aamodt. Analyzing cuda workloads using a detailed gpu simulator. In ISPASS, pages 163–174, 2009.\n[4] J. Barnat, P. Bauch, L. Brim, and M. Ceska. Computing strongly connected components in parallel on cuda. In IPDPS, pages 544–555, 2011.\n[5] D. Chakrabarti, Y. Zhan, and C. Faloutsos. R-mat: A recursive model for graph mining. In In SDM, 2004.\n[6] S. Che, J. Sheaffer, and K. Skadron. Dymaxion: Optimizing memory access patterns for heterogeneous systems. In SC, pages 1–11, 2011.\n[7] M. De Domenico, A. Lima, P. Mougel, and M. Musolesi. The anatomy of a scientific rumor. Scientific Reports, 2013.\n[8] A. Gharaibeh, L. Beltrão Costa, E. Santos-Neto, and M. Ripeanu. A yoke of oxen and a thousand chickens for heavy lifting graph processing. In PACT, pages 345–354, 2012.\n[9] A. Gharaibeh, L. Beltrão Costa, E. Santos-Neto, and M. Ripeanu. Efficient Large-Scale Graph Processing on Hybrid CPU and GPU Systems. In CoRR, 2013.\n[10] P. Harish and P. J. Narayanan. Accelerating large graph algorithms on the gpu using cuda. In HiPC, pages 197–208, 2007.\n[11] M. Harris et al. Optimizing parallel reduction in cuda. NVIDIA Developer Technology, 2, 2007.\n[12] S. Hong, S. K. Kim, T. Oguntebi, and K. Olukotun. Accelerating cuda graph algorithms at maximum warp. In PPoPP, pages 267–276, 2011.\n[13] S. Hong, T. Oguntebi, and K. Olukotun. Efficient parallel graph exploration on multi-core cpu and gpu. In PACT, 2011.\n[14] A. Kyrola, G. Blelloch, and C. Guestrin. Graphchi: Large-scale graph computation on just a pc. In OSDI, pages 31–46, 2012.\n[15] J. Leskovec. Stanford large network dataset collection. http://snap.stanford.edu/data/index.html, 2011.\n[16] J. Leskovec, L. A. Adamic, and B. A. Huberman. The dynamics of viral marketing. ACM Trans. Web, 1(1), May 2007.\n[17] J. Leskovec, K. J. Lang, A. Dasgupta, and M. W. Mahoney. Community structure in large networks: Natural cluster sizes and the absence of large well-defined clusters. CoRR, abs/0810.1355, 2008.\n[18] A. Lumsdaine, D. Gregor, B. Hendrickson, and J. Berry. Challenges in parallel graph processing. Parallel Processing Letters, 17(01):5–20, 2007.\n[19] L. Luo, M. Wong, and W.-m. Hwu. An effective gpu implementation of breadth-first search. In DAC, pages 52–55, 2010.\n[20] M. Mendez-Lojo, M. Burtscher, and K. Pingali. A gpu implementation of inclusion-based points-to analysis. In PPoPP, pages 107–116, 2012.\n[21] D. Merrill, M. Garland, and A. Grimshaw. Scalable gpu graph traversal. In PPoPP, pages 117–128, 2012.\n[22] R. Nasre, M. Burtscher, and K. Pingali. Morph algorithms on gpus. In PPoPP, pages 147–156, 2013.\n[23] L. Page, S. Brin, R. Motwani, and T. Winograd. The pagerank citation ranking: Bringing order to the web. Technical Report 1999-66, Stanford InfoLab, 1999.\n[24] M. Samadi, A. Hormati, M. Mehrara, J. Lee, and S. Mahlke. Adaptive input-aware compilation for graphics engines. In PLDI, pages 13–22, 2012.\n[25] L. Takac and M. Zabovsky. Data analysis in public social networks. In International Scientific Conference and International Workshop Present Day Trends of Innovations, 2012.\n[26] L. G. Valiant. A bridging model for parallel computation. Commun. ACM, 33(8):103–111, 1990.\n[27] B. Wu, Z. Zhao, E. Z. Zhang, Y. Jiang, and X. Shen. Complexity analysis and algorithm design for reorganizing data to minimize non-coalesced memory accesses on gpu. In PPoPP, pages 57–68, 2013.\n[28] T. Wu, B. Wang, Y. Shan, F. Yan, Y. Wang, and N. Xu. Efficient pagerank and spmv computation on amd gpus. In ICPP, pages 81–89, 2010.\n[29] E. Z. Zhang, Y. Jiang, Z. Guo, K. Tian, and X. Shen. On-the-fly elimination of dynamic irregularities for gpu computing. In ASPLOS, pages 369–380, 2011.\n[30] J. Zhong, and B. He. Medusa: Simplified Graph Processing on GPUs. In IEEE Transactions on Parallel and Distributed Systems, 2013."
    }, {
      "heading" : "APPENDIX",
      "text" : "A. VIRTUAL WARP-CENTRIC METHOD\nFigure 14 shows the pseudo-code for Virtual Warp-Centric (VWC) method. Similar to CuSha, it performs each iteration of the vertex-centric algorithm in a single GPU kernel call. During the kernel, the GPU assigns one virtual warp\nto process a single vertex (line 3). One virtual lane within the virtual warp retrieves the starting address for the incoming edges array and the number of neighbors and then, calls the InitCompute function (lines 10-15). Next, the threads within the virtual warp are assigned to process the neighbors (line 16) using the Compute function (line 19). Parallel reduction [11] computes the final value of the vertex assigned to the virtual warp (line 20). Finally, one virtual lane in the virtual warp performs the UpdateCondition function and updates the source vertex, if necessary (lines 22-25).\nOur implementation of VWC requires only one thread inside the virtual warp to perform the Single Instruction Single Data (SISD) phases as opposed to [12] in which all the threads execute these phases. Therefore, it avoids possible bank conflicts and serialization of write instructions in the shared and global memory respectively."
    } ],
    "references" : [ {
      "title" : "Scalable graph exploration on multicore processors",
      "author" : [ "V. Agarwal", "F. Petrini", "D. Pasetto", "D.A. Bader" ],
      "venue" : "SC, pages 1–11",
      "citeRegEx" : "1",
      "shortCiteRegEx" : null,
      "year" : 2010
    }, {
      "title" : "Snap",
      "author" : [ "D.A. Bader", "K. Madduri" ],
      "venue" : "small-world network analysis and partitioning: An open-source parallel graph framework for the exploration of large-scale networks. In IPDPS, pages 1–12",
      "citeRegEx" : "2",
      "shortCiteRegEx" : null,
      "year" : 2008
    }, {
      "title" : "Analyzing cuda workloads using a detailed gpu simulator",
      "author" : [ "A. Bakhoda", "G. Yuan", "W. Fung", "H. Wong", "T. Aamodt" ],
      "venue" : "ISPASS, pages 163–174",
      "citeRegEx" : "3",
      "shortCiteRegEx" : null,
      "year" : 2009
    }, {
      "title" : "Computing strongly connected components in parallel on cuda",
      "author" : [ "J. Barnat", "P. Bauch", "L. Brim", "M. Ceska" ],
      "venue" : "IPDPS, pages 544–555",
      "citeRegEx" : "4",
      "shortCiteRegEx" : null,
      "year" : 2011
    }, {
      "title" : "R-mat: A recursive model for graph mining",
      "author" : [ "D. Chakrabarti", "Y. Zhan", "C. Faloutsos" ],
      "venue" : "In SDM",
      "citeRegEx" : "5",
      "shortCiteRegEx" : null,
      "year" : 2004
    }, {
      "title" : "Dymaxion: Optimizing memory access patterns for heterogeneous systems",
      "author" : [ "S. Che", "J. Sheaffer", "K. Skadron" ],
      "venue" : "SC, pages 1–11",
      "citeRegEx" : "6",
      "shortCiteRegEx" : null,
      "year" : 2011
    }, {
      "title" : "The anatomy of a scientific rumor",
      "author" : [ "M. De Domenico", "A. Lima", "P. Mougel", "M. Musolesi" ],
      "venue" : "Scientific Reports",
      "citeRegEx" : "7",
      "shortCiteRegEx" : null,
      "year" : 2013
    }, {
      "title" : "A yoke of oxen and a thousand chickens for heavy lifting graph processing",
      "author" : [ "A. Gharaibeh", "L. Beltrão Costa", "E. Santos-Neto", "M. Ripeanu" ],
      "venue" : "PACT, pages 345–354",
      "citeRegEx" : "8",
      "shortCiteRegEx" : null,
      "year" : 2012
    }, {
      "title" : "Efficient Large-Scale Graph Processing on Hybrid CPU and GPU Systems",
      "author" : [ "A. Gharaibeh", "L. Beltrão Costa", "E. Santos-Neto", "M. Ripeanu" ],
      "venue" : "CoRR",
      "citeRegEx" : "9",
      "shortCiteRegEx" : null,
      "year" : 2013
    }, {
      "title" : "Accelerating large graph algorithms on the gpu using cuda",
      "author" : [ "P. Harish", "P.J. Narayanan" ],
      "venue" : "HiPC, pages 197–208",
      "citeRegEx" : "10",
      "shortCiteRegEx" : null,
      "year" : 2007
    }, {
      "title" : "Optimizing parallel reduction in cuda",
      "author" : [ "M. Harris" ],
      "venue" : "NVIDIA Developer Technology,",
      "citeRegEx" : "11",
      "shortCiteRegEx" : "11",
      "year" : 2007
    }, {
      "title" : "Accelerating cuda graph algorithms at maximum warp",
      "author" : [ "S. Hong", "S.K. Kim", "T. Oguntebi", "K. Olukotun" ],
      "venue" : "PPoPP, pages 267–276",
      "citeRegEx" : "12",
      "shortCiteRegEx" : null,
      "year" : 2011
    }, {
      "title" : "Efficient parallel graph exploration on multi-core cpu and gpu",
      "author" : [ "S. Hong", "T. Oguntebi", "K. Olukotun" ],
      "venue" : "PACT",
      "citeRegEx" : "13",
      "shortCiteRegEx" : null,
      "year" : 2011
    }, {
      "title" : "Graphchi: Large-scale graph computation on just a pc",
      "author" : [ "A. Kyrola", "G. Blelloch", "C. Guestrin" ],
      "venue" : "OSDI, pages 31–46",
      "citeRegEx" : "14",
      "shortCiteRegEx" : null,
      "year" : 2012
    }, {
      "title" : "Stanford large network dataset collection",
      "author" : [ "J. Leskovec" ],
      "venue" : "http://snap.stanford.edu/data/index.html",
      "citeRegEx" : "15",
      "shortCiteRegEx" : null,
      "year" : 2011
    }, {
      "title" : "The dynamics of viral marketing",
      "author" : [ "J. Leskovec", "L.A. Adamic", "B.A. Huberman" ],
      "venue" : "ACM Trans. Web,",
      "citeRegEx" : "16",
      "shortCiteRegEx" : "16",
      "year" : 2007
    }, {
      "title" : "Community structure in large networks: Natural cluster sizes and the absence of large well-defined clusters",
      "author" : [ "J. Leskovec", "K.J. Lang", "A. Dasgupta", "M.W. Mahoney" ],
      "venue" : "CoRR, abs/0810.1355",
      "citeRegEx" : "17",
      "shortCiteRegEx" : null,
      "year" : 2008
    }, {
      "title" : "Challenges in parallel graph processing",
      "author" : [ "A. Lumsdaine", "D. Gregor", "B. Hendrickson", "J. Berry" ],
      "venue" : "Parallel Processing Letters, 17(01):5–20",
      "citeRegEx" : "18",
      "shortCiteRegEx" : null,
      "year" : 2007
    }, {
      "title" : "M",
      "author" : [ "L. Luo" ],
      "venue" : "Wong, and W.-m. Hwu. An effective gpu implementation of breadth-first search. In DAC, pages 52–55",
      "citeRegEx" : "19",
      "shortCiteRegEx" : null,
      "year" : 2010
    }, {
      "title" : "A gpu implementation of inclusion-based points-to analysis",
      "author" : [ "M. Mendez-Lojo", "M. Burtscher", "K. Pingali" ],
      "venue" : "PPoPP, pages 107–116",
      "citeRegEx" : "20",
      "shortCiteRegEx" : null,
      "year" : 2012
    }, {
      "title" : "Scalable gpu graph traversal",
      "author" : [ "D. Merrill", "M. Garland", "A. Grimshaw" ],
      "venue" : "PPoPP, pages 117–128",
      "citeRegEx" : "21",
      "shortCiteRegEx" : null,
      "year" : 2012
    }, {
      "title" : "Morph algorithms on gpus",
      "author" : [ "R. Nasre", "M. Burtscher", "K. Pingali" ],
      "venue" : "PPoPP, pages 147–156",
      "citeRegEx" : "22",
      "shortCiteRegEx" : null,
      "year" : 2013
    }, {
      "title" : "The pagerank citation ranking: Bringing order to the web",
      "author" : [ "L. Page", "S. Brin", "R. Motwani", "T. Winograd" ],
      "venue" : "Technical Report 1999-66, Stanford InfoLab",
      "citeRegEx" : "23",
      "shortCiteRegEx" : null,
      "year" : 1999
    }, {
      "title" : "Adaptive input-aware compilation for graphics engines",
      "author" : [ "M. Samadi", "A. Hormati", "M. Mehrara", "J. Lee", "S. Mahlke" ],
      "venue" : "PLDI, pages 13–22",
      "citeRegEx" : "24",
      "shortCiteRegEx" : null,
      "year" : 2012
    }, {
      "title" : "Data analysis in public social networks",
      "author" : [ "L. Takac", "M. Zabovsky" ],
      "venue" : "International Scientific Conference and International Workshop Present Day Trends of Innovations",
      "citeRegEx" : "25",
      "shortCiteRegEx" : null,
      "year" : 2012
    }, {
      "title" : "A bridging model for parallel computation",
      "author" : [ "L.G. Valiant" ],
      "venue" : "Commun. ACM, 33(8):103–111",
      "citeRegEx" : "26",
      "shortCiteRegEx" : null,
      "year" : 1990
    }, {
      "title" : "Complexity analysis and algorithm design for reorganizing data to minimize non-coalesced memory accesses on gpu",
      "author" : [ "B. Wu", "Z. Zhao", "E.Z. Zhang", "Y. Jiang", "X. Shen" ],
      "venue" : "PPoPP, pages 57–68",
      "citeRegEx" : "27",
      "shortCiteRegEx" : null,
      "year" : 2013
    }, {
      "title" : "Efficient pagerank and spmv computation on amd gpus",
      "author" : [ "T. Wu", "B. Wang", "Y. Shan", "F. Yan", "Y. Wang", "N. Xu" ],
      "venue" : "ICPP, pages 81–89",
      "citeRegEx" : "28",
      "shortCiteRegEx" : null,
      "year" : 2010
    }, {
      "title" : "On-the-fly elimination of dynamic irregularities for gpu computing",
      "author" : [ "E.Z. Zhang", "Y. Jiang", "Z. Guo", "K. Tian", "X. Shen" ],
      "venue" : "ASPLOS, pages 369–380",
      "citeRegEx" : "29",
      "shortCiteRegEx" : null,
      "year" : 2011
    }, {
      "title" : "Medusa: Simplified Graph Processing on GPUs",
      "author" : [ "J. Zhong", "B. He" ],
      "venue" : "IEEE Transactions on Parallel and Distributed Systems",
      "citeRegEx" : "30",
      "shortCiteRegEx" : null,
      "year" : 2013
    } ],
    "referenceMentions" : [ {
      "referenceID" : 9,
      "context" : "Existing graph processing techniques [10, 12, 21] primarily rely on the Compressed Sparse Row (CSR) representation of graphs because CSR consumes minimal storage space.",
      "startOffset" : 37,
      "endOffset" : 49
    }, {
      "referenceID" : 11,
      "context" : "Existing graph processing techniques [10, 12, 21] primarily rely on the Compressed Sparse Row (CSR) representation of graphs because CSR consumes minimal storage space.",
      "startOffset" : 37,
      "endOffset" : 49
    }, {
      "referenceID" : 20,
      "context" : "Existing graph processing techniques [10, 12, 21] primarily rely on the Compressed Sparse Row (CSR) representation of graphs because CSR consumes minimal storage space.",
      "startOffset" : 37,
      "endOffset" : 49
    }, {
      "referenceID" : 13,
      "context" : "We recognize and explore the potential of a recently introduced representation for efficient disk based graph processing, known as shards [14].",
      "startOffset" : 138,
      "endOffset" : 142
    }, {
      "referenceID" : 25,
      "context" : "As opposed to the Bulk Synchronous Parallel (BSP) model [26], CuSha provides asynchronous execution that lets updated vertex values to be visible during the same iteration; hence enabling faster convergence for iterative graph algorithms.",
      "startOffset" : 56,
      "endOffset" : 60
    }, {
      "referenceID" : 11,
      "context" : "• We demonstrate that CuSha outperforms state-of-theart warp-centric algorithm [12] across wide range of benchmarks and large real world input graphs.",
      "startOffset" : 79,
      "endOffset" : 83
    }, {
      "referenceID" : 21,
      "context" : "Hence, prior graph processing approaches [22, 8, 4] primarily rely on the Compressed Sparse Row (CSR) representation because of its compact nature.",
      "startOffset" : 41,
      "endOffset" : 51
    }, {
      "referenceID" : 7,
      "context" : "Hence, prior graph processing approaches [22, 8, 4] primarily rely on the Compressed Sparse Row (CSR) representation because of its compact nature.",
      "startOffset" : 41,
      "endOffset" : 51
    }, {
      "referenceID" : 3,
      "context" : "Hence, prior graph processing approaches [22, 8, 4] primarily rely on the Compressed Sparse Row (CSR) representation because of its compact nature.",
      "startOffset" : 41,
      "endOffset" : 51
    }, {
      "referenceID" : 16,
      "context" : "The representation mainly consists of 4 arrays: Graph Edges Vertices LiveJournal [17] 68 993 773 4 847 571 Pokec [25] 30 622 564 1 632 803 HiggsTwitter [7] 14 855 875 456 631 RoadNetCA [17] 5 533 214 1 971 281 WebGoogle [17] 5 105 039 916 428 Amazon0312 [16] 3 200 440 400 727 Table 1: Real-world graphs used in the experiments.",
      "startOffset" : 81,
      "endOffset" : 85
    }, {
      "referenceID" : 24,
      "context" : "The representation mainly consists of 4 arrays: Graph Edges Vertices LiveJournal [17] 68 993 773 4 847 571 Pokec [25] 30 622 564 1 632 803 HiggsTwitter [7] 14 855 875 456 631 RoadNetCA [17] 5 533 214 1 971 281 WebGoogle [17] 5 105 039 916 428 Amazon0312 [16] 3 200 440 400 727 Table 1: Real-world graphs used in the experiments.",
      "startOffset" : 113,
      "endOffset" : 117
    }, {
      "referenceID" : 6,
      "context" : "The representation mainly consists of 4 arrays: Graph Edges Vertices LiveJournal [17] 68 993 773 4 847 571 Pokec [25] 30 622 564 1 632 803 HiggsTwitter [7] 14 855 875 456 631 RoadNetCA [17] 5 533 214 1 971 281 WebGoogle [17] 5 105 039 916 428 Amazon0312 [16] 3 200 440 400 727 Table 1: Real-world graphs used in the experiments.",
      "startOffset" : 152,
      "endOffset" : 155
    }, {
      "referenceID" : 16,
      "context" : "The representation mainly consists of 4 arrays: Graph Edges Vertices LiveJournal [17] 68 993 773 4 847 571 Pokec [25] 30 622 564 1 632 803 HiggsTwitter [7] 14 855 875 456 631 RoadNetCA [17] 5 533 214 1 971 281 WebGoogle [17] 5 105 039 916 428 Amazon0312 [16] 3 200 440 400 727 Table 1: Real-world graphs used in the experiments.",
      "startOffset" : 185,
      "endOffset" : 189
    }, {
      "referenceID" : 16,
      "context" : "The representation mainly consists of 4 arrays: Graph Edges Vertices LiveJournal [17] 68 993 773 4 847 571 Pokec [25] 30 622 564 1 632 803 HiggsTwitter [7] 14 855 875 456 631 RoadNetCA [17] 5 533 214 1 971 281 WebGoogle [17] 5 105 039 916 428 Amazon0312 [16] 3 200 440 400 727 Table 1: Real-world graphs used in the experiments.",
      "startOffset" : 220,
      "endOffset" : 224
    }, {
      "referenceID" : 15,
      "context" : "The representation mainly consists of 4 arrays: Graph Edges Vertices LiveJournal [17] 68 993 773 4 847 571 Pokec [25] 30 622 564 1 632 803 HiggsTwitter [7] 14 855 875 456 631 RoadNetCA [17] 5 533 214 1 971 281 WebGoogle [17] 5 105 039 916 428 Amazon0312 [16] 3 200 440 400 727 Table 1: Real-world graphs used in the experiments.",
      "startOffset" : 254,
      "endOffset" : 258
    }, {
      "referenceID" : 0,
      "context" : "As we can see, the neighborhood of vertex 2 (shown in green) is represented by VertexValues[1] and VertexValues[7] and the sub-array EdgeValues[4:5].",
      "startOffset" : 91,
      "endOffset" : 94
    }, {
      "referenceID" : 6,
      "context" : "As we can see, the neighborhood of vertex 2 (shown in green) is represented by VertexValues[1] and VertexValues[7] and the sub-array EdgeValues[4:5].",
      "startOffset" : 111,
      "endOffset" : 114
    }, {
      "referenceID" : 11,
      "context" : "To process graphs on GPUs, Virtual Warp-Centric technique [12] has been shown to perform better than other techniques like [10].",
      "startOffset" : 58,
      "endOffset" : 62
    }, {
      "referenceID" : 9,
      "context" : "To process graphs on GPUs, Virtual Warp-Centric technique [12] has been shown to perform better than other techniques like [10].",
      "startOffset" : 123,
      "endOffset" : 127
    }, {
      "referenceID" : 10,
      "context" : "Then, parallel reduction technique [11] is used to calculate the new vertex value.",
      "startOffset" : 35,
      "endOffset" : 39
    }, {
      "referenceID" : 11,
      "context" : "Table 2: CSR-based Virtual Warp-Centric method [12] for graphs in Table 1: Minimum and maximum efficiency of global memory accesses and warp execution across all iterations between all graphs.",
      "startOffset" : 47,
      "endOffset" : 51
    }, {
      "referenceID" : 13,
      "context" : "1 G-Shards Representing a graph with shards has been shown to improve I/O performance for disk based graph processing on a shared memory system [14].",
      "startOffset" : 144,
      "endOffset" : 148
    }, {
      "referenceID" : 14,
      "context" : "EXPERIMENTAL EVALUATION In this section, we evaluate the performance of our CuSha framework using the eight graph applications listed in Table 2 and six publicly available [15] real-world graphs listed in Table 1.",
      "startOffset" : 172,
      "endOffset" : 176
    }, {
      "referenceID" : 11,
      "context" : "• CuSha-CW: This is our CuSha framework when using CW representation; • VWC-CSR: This is virtual warp-centric [12] technique using CSR representation.",
      "startOffset" : 110,
      "endOffset" : 114
    }, {
      "referenceID" : 1,
      "context" : "To create the graphs used in this study we use the SNAP graph library [2] and the RMAT [5] model that generates scale free graphs which resemble the characteristics of real-world graphs such as power-law graphs.",
      "startOffset" : 70,
      "endOffset" : 73
    }, {
      "referenceID" : 4,
      "context" : "To create the graphs used in this study we use the SNAP graph library [2] and the RMAT [5] model that generates scale free graphs which resemble the characteristics of real-world graphs such as power-law graphs.",
      "startOffset" : 87,
      "endOffset" : 90
    }, {
      "referenceID" : 9,
      "context" : "RELATED WORK Using GPUs for high performance graph processing was first introduced in [10].",
      "startOffset" : 86,
      "endOffset" : 90
    }, {
      "referenceID" : 11,
      "context" : "Even though efforts have been spent to minimize path divergence as in [12] and minimize load imbalance as in [21], the CSR representation inherently suffers from poor locality [18].",
      "startOffset" : 70,
      "endOffset" : 74
    }, {
      "referenceID" : 20,
      "context" : "Even though efforts have been spent to minimize path divergence as in [12] and minimize load imbalance as in [21], the CSR representation inherently suffers from poor locality [18].",
      "startOffset" : 109,
      "endOffset" : 113
    }, {
      "referenceID" : 17,
      "context" : "Even though efforts have been spent to minimize path divergence as in [12] and minimize load imbalance as in [21], the CSR representation inherently suffers from poor locality [18].",
      "startOffset" : 176,
      "endOffset" : 180
    }, {
      "referenceID" : 11,
      "context" : "Apart from having virtual warps, [12] offers deferring outliers and dynamic workload distribution techniques in order to reduce intra-warp divergence and achieve a balanced load for different warps.",
      "startOffset" : 33,
      "endOffset" : 37
    }, {
      "referenceID" : 27,
      "context" : "The technique presented in [28] tries to balance the load in graphs represented in CSR by reorganizing the vertices and putting them in three bins.",
      "startOffset" : 27,
      "endOffset" : 31
    }, {
      "referenceID" : 8,
      "context" : "In [9], TOTEM abstracts away development complexity and reduces communication overhead for processing graphs by message aggregation in a heterogeneous many-core system.",
      "startOffset" : 3,
      "endOffset" : 6
    }, {
      "referenceID" : 12,
      "context" : "Another hybrid CPU-GPU method that improves the efficiency of BFS is presented in [13].",
      "startOffset" : 82,
      "endOffset" : 86
    }, {
      "referenceID" : 0,
      "context" : "[1], [21] and [19] are various multi-core CPU and GPU works that employ queues to handle vertices that should be explored in the next level.",
      "startOffset" : 0,
      "endOffset" : 3
    }, {
      "referenceID" : 20,
      "context" : "[1], [21] and [19] are various multi-core CPU and GPU works that employ queues to handle vertices that should be explored in the next level.",
      "startOffset" : 5,
      "endOffset" : 9
    }, {
      "referenceID" : 18,
      "context" : "[1], [21] and [19] are various multi-core CPU and GPU works that employ queues to handle vertices that should be explored in the next level.",
      "startOffset" : 14,
      "endOffset" : 18
    }, {
      "referenceID" : 20,
      "context" : "The technique presented in [21] efficiently computes the prefix sum for scatter offset in parallel to produce global computation frontier queues.",
      "startOffset" : 27,
      "endOffset" : 31
    }, {
      "referenceID" : 29,
      "context" : "Medusa [30] is a generalized GPU-based graph processing framework that focuses on abstractions for easy programming and scaling to multiple GPUs.",
      "startOffset" : 7,
      "endOffset" : 11
    }, {
      "referenceID" : 19,
      "context" : "For instance, [20] introduces a novel idea of using sparse bit vectors, a structure similar to linked list.",
      "startOffset" : 14,
      "endOffset" : 18
    }, {
      "referenceID" : 5,
      "context" : "Dymaxion [6] is an API to improve memory access patterns on GPUs.",
      "startOffset" : 9,
      "endOffset" : 12
    }, {
      "referenceID" : 23,
      "context" : "It uses two fundamental techniques to leverage high memory coalescing: • Data restructuring: Although this method is effective and quite common [24], its use in Dymaxion is limited to predictable data patterns, such as transformation of two-dimensional matrices from row-major order to column-major order or vice versa.",
      "startOffset" : 144,
      "endOffset" : 148
    }, {
      "referenceID" : 28,
      "context" : "In [29], authors present data reordering and job swapping techniques to remove GPU memory access irregularities.",
      "startOffset" : 3,
      "endOffset" : 7
    }, {
      "referenceID" : 26,
      "context" : "classified and analyzed few fundamental methods to minimize non-coalesced memory accesses in [27].",
      "startOffset" : 93,
      "endOffset" : 97
    } ],
    "year" : 2014,
    "abstractText" : "Vertex-centric graph processing is employed by many popular algorithms (e.g., PageRank) due to its simplicity and efficient use of asynchronous parallelism. The high compute power provided by SIMT architecture presents an opportunity for accelerating these algorithms using GPUs. Prior works of graph processing on a GPU employ Compressed Sparse Row (CSR) form for its space-efficiency; however, CSR suffers from irregular memory accesses and GPU underutilization that limit its performance. In this paper, we present CuSha, a CUDA-based graph processing framework that overcomes the above obstacle via use of two novel graph representations: G-Shards and Concatenated Windows (CW). G-Shards uses a concept recently introduced for non-GPU systems that organizes a graph into autonomous sets of ordered edges called shards. CuSha’s mapping of GPU hardware resources on to shards allows fully coalesced memory accesses. CW is a novel representation that enhances the use of shards to achieve higher GPU utilization for processing sparse graphs. Finally, CuSha fully utilizes the GPU power by processing multiple shards in parallel on GPU’s streaming multiprocessors. For ease of programming, CuSha allows the user to define the vertex-centric computation and plug it into its framework for parallel processing of large graphs. Our experiments show that CuSha provides significant speedups over the state-of-the-art CSR-based virtual warp-centric method for processing graphs on GPUs.",
    "creator" : "LaTeX with hyperref package"
  }
}