{
  "name" : "acm_10.1145##1693453.1693470.pdf",
  "metadata" : {
    "source" : "CRF",
    "title" : "An Adaptive Performance Modeling Tool for GPU Architectures",
    "authors" : [ "Sara S. Baghsorkhi", "Matthieu Delahaye", "Sanjay J. Patel", "William D. Gropp", "Wen-mei W. Hwu" ],
    "emails" : [ "@illinois.edu" ],
    "sections" : [ {
      "heading" : "abstract",
      "text" : "This paper presents an analytical model to predict the performance of general-purpose applications on a GPU architecture. The model is designed to provide performance information to an auto-tuning compiler and assist it in narrowing down the search to the more promising implementations. It can also be incorporated into a tool to help programmers better assess the performance bottlenecks in their code. We analyze each GPU kernel and identify how the kernel exercises major GPU microarchitecture features. To identify the performance bottlenecks accurately, we introduce an abstract interpretation of a GPU kernel, work flow graph, based on which we estimate the execution time of a GPU kernel. We validated our performance model on the NVIDIA GPUs using CUDA (Compute Unified Device Architecture). For this purpose, we used data parallel benchmarks that stress different GPU microarchitecture events such as uncoalesced memory accesses, scratch-pad memory bank conflicts, and control flow divergence, which must be accurately modeled but represent challenges to the analytical performance models. The proposed model captures full system complexity and shows high accuracy in predicting the performance trends of different optimized kernel implementations. We also describe our approach to extracting the performance model automatically from a kernel code.\nCategories and Subject Descriptors C.1.2 [Processor Architecture]: Multiple Data Stream Architectures; C.4 [Performance of Systems] – Modeling Techniques\nGeneral Terms Design, Measurement, Performance\nKeywords Analytical model, GPU, Parallel programming, Performance estimation"
    }, {
      "heading" : "1. Introduction",
      "text" : "Graphics processors traditionally had highly specialized programming models and interfaces that limit the ability of developers to map general-purpose applications to these platforms. With the introduction of CUDA [17] and OpenCL [15], developers now have the programming and architectural features to quickly port programs to a platform with a massively parallel, GPU-based coprocessor [16]. The intent of our work is to model the GPU organization and features for analyzing the performance of generalpurpose applications. In this paper we focus on CUDA-enabled NVIDIA GPUs. However, the model is not tightly coupled to any specific GPU architecture or high-level programming interface. In Section 1.2 we lay out the common design features of GPU architectures that are integrated into our model. Our framework can similarly collect information about microarchitectural effects of program statements that are expressed through OpenCL extensions."
    }, {
      "heading" : "1.1 Motivation",
      "text" : "The amount of effort required to maximize the performance of applications on GPU architectures can be relatively high. Due to resource restrictions and the threading model of the GPU, the optimization space can also be discontinuous. A study by Ryoo et al. [19] demonstrated a very large configuration space even for relatively small kernels. Ryoo et al. also concluded that the difference in performance between manually optimized variants of code and the optimal configuration was 17%.\nEmpirical performance tuning is a well-known technique for solving the above pitfalls. Despite significant research to develop models and frameworks for predicting performance of applications [21, 14, 3, 18], most of it applies to non-GPU architecture.\nIn this paper we demonstrate a performance model to help prune the search space of GPU kernel optimizations. The model can be used as a supporting module for an automated optimizing compiler for GPU architecture."
    }, {
      "heading" : "1.2 Performance Factors",
      "text" : "GPUs support the Single-Program Multiple-Data (SPMD) model. Threads within certain granularities – thread-blocks in NVIDIA GPUs, groups in ATI GPUs [1], and work-groups in OpenCL – share their data and synchronize their actions. During execution, threads within a thread-block are grouped into warps, which are the granular multi-threading scheduling units. Threads in a warp are executed in SIMD mode, and warps can be interleaved with hardware multi-threading to tolerate intra-warp stalls, which enables overlap of memory latency with useful computation. A warp is conceptually equivalent to a wavefront in ATI GPUs. In this work, the term SIMDwork indicates the size of a warp. A warp is executed on a streaming multiprocessor (SM). We use the term SIMDengine to refer to the number of streaming processors for each SM. Therefore, to execute an instruction for all the threads in a warp, the SM should be clocked SIMDwork SIMDengine times.\nWe now briefly review major microarchitecture features that are considered in analyzing the performance of a kernel.\n1. GPUs generate and maintain thousands of threads to tolerate memory and SIMD pipeline latency. A high compute-tomemory-access ratio is also necessary to avoid saturation of memory channels.\n2. To conserve global memory bandwidth, when the neighboring threads that access the memory simultaneously execute a global\nload, the loads are consolidated if they meet constraints necessary for the hardware to perform memory coalescing.\n3. Working memory within a group of cores consists of softwaremanaged cache memory (shared memory in CUDA or local memory in OpenCL). These high fan-out, low latency, limitedcapacity memories are partitioned among thread-blocks.\n4. Memories have a limited number of ports, so appropriate thread ordering helps preserve performance by avoiding bank conflicts.\n5. The GPU programming model is based on the SPMD model in general and the SIMD mode among subsets of threads (warps in NVIDIA GPUs or wavefronts in ATI GPUs). Although this is a cost-effective hardware model for exploiting data parallelism, it can be ineffective for algorithms that require diverging control flow decisions in data-parallel sections of the code."
    }, {
      "heading" : "1.3 Contributions",
      "text" : "Previous studies on performance estimation [12, 8, 6] and tuning [11] for GPUs were constrained by the programming environment and the necessity of mapping algorithms to existing GPU features.\nMore recently, Ryoo et al. [19] used Pareto-optimal curves to prune the optimization space of general-purpose applications on GPUs. They introduce efficiency (a flat instruction count) and utilization (a measure of how many pure compute cycles are available from other executing warps) as single number metrics. They did not model memory latency and assumed that none of the kernels were memory bound. A more recent work [10] proposes an analytical model to capture a rough estimate of the cost of memory operations. Neither of these approaches [10, 19] take into account performance factors such as diverging control flow, memory bank conflicts and SIMD pipeline delays. Furthermore, in the current work the accuracy has been significantly improved owing to a compiler-based approach to collect information on microarchitectural effects. The work by Schaa et al. [20] focuses on how to predict the execution time for a multi-GPU system, knowing the execution time for a single GPU.\nThe proposed performance model in this work captures performance effects of all major GPU microarchitecture features. We also explain a systematic approach to analyzing the code and initializing the the performance model with accurate information. For this purpose, we revisited the program dependence graph (PDG) [7], an intermediate program representation, for the purpose of performance evaluation. The PDG provides a coherent framework to explicitly represent control and data dependences for each program operation. Based on the PDG representation, we can identify computationally related operations in the program that exercise key performance factors. We also devise a tractable framework for performing symbolic evaluation of certain fragments of code in order to determine loop bounds, data access patterns, control flow patterns, etc. These program characteristics are helpful for estimating the effects of control flow divergence, memory bank conflicts, and memory coalescing.\nAnother contribution of this work compared to the previous work [19, 10] is that we measure each performance factor in isolation (through symbolic evaluation or dynamic instrumentation) and later combine them to model the overall performance. Therefore, the interactive effects between different performance factors are modeled correctly. To accomplish this purpose, we introduce the work flow graph.\nWe would like to note that the key factors for the success of the model and tractability of the symbolic evaluation to extract initial information from the source code are the hardware constraints of GPU architecture and the data-parallel programming model."
    }, {
      "heading" : "2. Performance Model",
      "text" : "In a GPU architecture, threads within certain granularities (threadblocks), share their data and synchronize their actions. During execution threads within a block are grouped into warps. A warp is the SIMD work granularity or a batch of threads that are executed in lock-step SIMD fashion by the hardware. Warps can be interleaved with hardware multi-threading to tolerate intra-warp latencies. Interleaving execution of warps at thread-block and multithread-block levels is very similar to the notion of thread-level parallelism (TLP), except that warps are special forms of mediumgrain threads. In this work we use the term warp-level parallelism (WLP) when we refer to the concurrency at this level.\nFor each kernel, we calculate the maximum warp-level parallelism, WLPmax, which is the maximum number of warps that can be simultaneously assigned to a GPU streaming multiprocessor without violating local resource usage, i.e., the amount of shared memory and the number of registers used by a kernel along with other hardware limits. We currently rely on NVIDIA’s compiler to track kernel resource usage.\nAs diverging control flow turns off a number of active warps for steps with a sparse computation pattern, WLP can change from one phase of computation to another. We call the WLP that is restrained to a segment of code WLPlocal. Similarly we name the average WLP available throughout the whole kernel WLPavg. Details on computing these parameters are discussed in Section 2.2.\nAlthough warps can be interleaved in any order by the hardware scheduler, we assume that warps within the same thread-block are relatively synchronous, while warps from different threadblocks run asynchronously. With this assumption, we compute the effective WLP (WLPeffect) according to Equation (1), where NUMblocks is the number of active thread-blocks on a streaming multiprocessor.\nWLPeffect = WLPlocal + (NUMblocks − 1) × WLPavg\nNUMblocks (1)\nEquation (1) illustrates that as a warp observes other warps in its own thread-block at the same phase of computation, the amount of WLP contribution from them is equal to WLPlocal. Warps from other thread-blocks can be at any random computation point. Accordingly, the amount of WLP delivered by them is approximated by WLPavg. Notice that in a GPU kernel with no control flow divergence, WLPlocal, WLPavg , and WLPeffect are all equal to WLPmax.\nAt the warp level, GPUs attempt to reduce memory latency by exploiting the data-level parallelism (DLP); DLP is achieved by operating on multiple memory banks simultaneously through a single vector instruction and by having SIMD instructions exploit the simultaneously fetched memory words. The key performance indicator at the warp level is the efficient utilization of the SIMD pipeline, and the long and low-latency memory bandwidth. To model these effects we use symbolic evaluation to determine the access patterns of vector memory instructions with respect to memory bank configuration and coalescing rules. Conflicts and uncoalesced accesses lead to a decrease in DLP. In case of a branch divergence, different threads may follow different control flow paths. Through symbolic evaluation we identify the pattern of diverging threads and the corresponding warps that follow each path. A weight is assigned to each diverging control flow path based on the number of warps that execute it. A warp that is counted toward the weight of a control flow path with some of its threads turned off, will exhaust the SIMD pipeline bandwidth.\nAt the thread level, instruction-level parallelism (ILP) can still improve performance by partially covering intra-warp stalls. In our model intra-warp stalls result from global memory loads (memory latency) and back-to-back register dependencies (pipeline latency).\nAvailable ILP may also vary from one segment of the code to another segment. We approximate the amount of ILP for a region of a kernel, ILPlocal, by dividing the total number of instructions of that region by the length of the longest def-use chain built from them. In Section 2.2 we show how to calculate ILPavg, the average ILP available in a kernel. Following a similar discussion given earlier for WLP, the amount of ILP observed by a warp at each point of computation is approximated by Equation (2).\nILPeffect = ILPlocal + (NUMblocks − 1) × ILPavg\nNUMblocks (2)\nA performance model’s ability to identify bottlenecks and estimate execution cycles accurately depends on examining both the amount of concurrency available in a kernel (WLP, DLP and ILP) and the latencies of the SIMD pipeline and the memory system. To combine these aspects into a coherent framework, we introduce the work flow graph (WFG)."
    }, {
      "heading" : "2.1 Work Flow Graph",
      "text" : "The work flow graph (WFG) is an extension of the control flow graph of a GPU kernel. Nodes in the WFG are either a long latency (global) memory operation (M), a low latency (scratch-pad) memory operation (S), a barrier synchronization (B), a block of n continuous computational instructions (Cn), or synthetic entry and exit nodes. In addition to edges that correspond to the control flow graph (transition arcs), the WFG also contains data-dependence arcs that connect global memory loads to their corresponding uses.\nThe initial WFG is an abstraction of the computation of a kernel independent of the underlying hardware. No weight is assigned to transition arcs initially. A transition arc only indicates that the destination node can be executed immediately after the source node. Figure 1(a) shows the initial WFG for a simple statement.\nTo estimate the performance on a particular GPU, we specialize the arcs in the WFG with information that is calculated by symbolic evaluation based on hardware parameters such as memory bandwidth, read latency, memory coalescing rules, memory bank configuration, SIMD work granularity, SIMD engine width,\n// .-,()*+A // .-,()*+B /.-,()*+C // /.-,()*+D //\nECD@GF\n×WL\n/.-,()*+A // .-,()*+B /.-,()*+C // /.-,()*+D (a) (b)\nECD@GF\n×WL\nρT+ρF\n.\npipeline latency, etc. These parameters are either provided to the model through a spec-file or collected by running a set of microbenchmarks. The resulting WFG fuses the GPU kernel code signature to the hardware configuration. After specializing the WFG for the hardware, the weight assigned to each transition arc indicates the number of cycles that are required on average to execute the instruction(s) at the source node.\nThe WFG represents an average warp in a GPU kernel. In case of a branch divergence, different threads may follow different control flow paths. Therefore, proper weight should be assigned to the diverging control flow paths to indicate the fraction of warps that execute each path. Similarly, if there are long-latency or low-\nlatency memory accesses along these diverging paths, the number of memory transactions or bank conflict serialization delays should be adjusted according to the portion of warps and pattern of threads that issue the memory instructions. In Section 3 we discuss how symbolic evaluation can be used to augment the WFG with adjusted weights for each diverging path, the adjusted number of memory transactions required to be issued for global memory accesses, and shared memory access delays, based on hardware specifications such as SIMD work granularity, memory coalescing rules and memory bank configuration.\nWe mentioned earlier that the execution latency exposed by each instruction determines the total number of execution cycles. The amount of exposed latency is itself a function of hardware parameters and the level of parallelism available in the code. To estimate the execution latency of a kernel, we investigate the exposed SIMD pipeline latency first and later account for the untolerated global memory latency."
    }, {
      "heading" : "2.1.1 SIMD Pipeline Latency",
      "text" : "The degree of resilience of a kernel at each phase of computation to the pipeline latency is determined by the observed amount of WLP, intra-thread ILP, and the ratio of SIMD work granularity (size of a warp) to the SIMD engine width; special function instructions are modeled based on the pipeline latency of their functional unit and the corresponding SIMD width. Based on the latency of the SIMD pipeline, the WLPeffect and the ILPeffect, the latency of a simple computational instruction is computed by Eq. (3). Notice that Latencycomp is at least equal to one clock cycle (due to the issue latency) and may change from one segment of code to another.\nLatencycomp = max(1, Latencypipeline\nSIMDwork SIMDengine\n× ILPeffect × WLPeffect ) (3)\nAccordingly, the execution latency of a computational instruction in the granularity of a warp is equal to Latencycomp × SIMDwork SIMDengine . Consequently, the weight of an outgoing transition arc from a WFG computation node with n instructions, Cn, is set to be n × Latencycomp × SIMDwork SIMDengine . Weights on transition arcs from a low-latency memory operation node is computed through symbolic evaluation. Barrier synchronization nodes have fixed execution issue latency of SIMDwork SIMDengine . We also temporarily set the weights on outgoing arcs from global memory operations equal to the instruction issue latency of SIMDwork SIMDengine .\nFigures 2 and 3 show a high-level overview of a system of transformation rules on the WFG that recursively collapses loops and branches into a pair of nodes with a single arc in between. Having the WFG populated with proper weights on transition arcs, we use these transformation rules to collapse the WFG into a pair of entry and exit nodes and a transition arc from entry to exit. The weight associated with this transition arc reflects the average number of compute cycles (latency) of a warp (CYCcompute). When estimating CYCcompute, the data-dependence arcs in the WFG are ignored during the reduction process. Parts (b) and (c) in Fig. 1 show the the initial weight assignments and the reduced WFG for the single statement example that we discussed earlier."
    }, {
      "heading" : "2.1.2 Global Memory Latency",
      "text" : "We classify memory stalls into those due to limited memory bandwidth and those purely due to latency. We first measure the stalls due to lack of available bandwidth (LatencyBW) and later show how an abundance of WLP and ILP helps tolerate the latter stalls.\nIn the process of reducing the WFG to compute CYCcompute, we also collect the average number of global memory operations (NUMmem), the total amount of data that are required to be trans-\nfered to or from global memory (NUMbytes), and the number of barrier synchronization points (NUMsync) in a warp. Part of this information is calculated through symbolic evaluation (Sections 3.1 and 3.3) and is added to the initial WFG. Based on the memory bandwidth allocated for each streaming multiprocessor and NUMbytes, we compute the average number of cycles that are required to transfer all the data to or from global memory (CYCmem). The latency for a kernel’s global memory operations is calculated based on the difference between CYCmem and CYCcompute as shown in Eq. (4). The ratio\nCYCcompute CYCmem can be\ninterpreted as the compute intensity of an average warp. When CYCmem is less than CYCcompute, memory bandwidth is not the critical limiting factor if execution of different warps is interleaved. Otherwise, the latency is adjusted accordingly to compensate for the number of memory cycles that are not covered by the compute cycles of the kernel. The term SIMDwork SIMDengine in Eq. (4) is associated with the cycles required to issue the memory instructions of a warp.\nLatencyBW = max(0, CYCmem − CYCcompute\nNummem ) +\nSIMDwork\nSIMDengine (4)\nWe combine the bandwidth-related stalls into the WFG by setting the weight of all outgoing transition arcs from global memory operations equal to LatencyBW.\nTo accommodate the stalls purely due to memory latency, we introduce the average number of non-blocking cycles for a warp, NBCavg , which is computed according to Eq. (5). In Eq. (5), NUMmem + NUMsync is an approximation of the number of context switches that occur during a warp execution time.\nNBCavg = CYCcompute\nNUMmem + NUMsync + 1 (5)\nOn average each of the WLPeffect active warps can use NBCavg cycles before execution returns to a warp that has issued a long latency memory load. Now, let Latencymem be the global memory load latency for the GPU. We set the weight on each datadependence arc in the WFG equal to Latencyexposed, which is the portion of the GPU load latency that is not covered by interleaving execution of different warps, and is computed as shown in Eq. (6).\nLatencyexposed = Latencymem − (WLPeffect − 1) × NBCavg (6)\nLatency-based memory stalls can also be implicitly covered by ILP through reduction of data-dependence arcs. Notice that there is also a control flow path from the source of a data-dependence arc (a memory load) to its destination (the use of the memory load). Cumulative weights of all transition arcs that are on this path equals the number of intra-warp cycles that can be interleaved with the exposed memory latency. If the weight on a data-dependence arc is greater than the cumulative latencies of transition arcs from the memory node to its use, the difference is added to the weight on the last transition arc of the path. Figures 4(a) and (b) illustrate the process through which the data-dependence arc is collapsed. Parts (c), (d), and (e) of Fig. 4 show a similar reduction process in the case of interleaving memory loads. Notice that at the time of reducing a data-dependence arc, all nodes between the memory load and its use are laid on a sequential path; the subgraph has already been flattened through application of the transformation rules shown in Figs. 2 and 3.\nAs weights on transition arcs are adjusted to accommodate long memory latencies, we reduce the WFG once again. This time the weight on the transition arc from the entry to the exit node reflects the total latency of an average warp. Parts (d), (e) and (f) of Fig. 1 describe the process of incorporating the global memory latency into the WFG for the single statement example. Given the average warp latency, estimating the total execution time of a kernel is straightforward."
    }, {
      "heading" : "2.2 Extracting the Model",
      "text" : "In the previous section we explained that through the WFG we combine effects of different performance factors. In this section we present our approach to approximate some of the parameters that were discussed in Section 2 such as WLPavg, WLPlocal, ILPlocal, and ILPavg. We also describe how the initial WFG is constructed.\nOur compiler front-end analyzes the kernel source code and translates it into a program dependence graph (PDG) representation. The PDG provides a coherent framework to explicitly represent control and data dependences in the program [7]. We perform\ntraditional scalar analysis such as induction variable detection and forward substitution based on an SSA[4] form on the PDG. As a result, program expressions are represented by symbolic expressions in terms of thread coordinates (thread ID and block ID), induction variables, and symbolic constants (input parameters). Our framework currently provides closed form expressions for linear and geometric induction variables. We also ignore the redundant computation that is eventually eliminated by the back-end optimizing compiler through value numbering [13].\nFigure 5 shows an example of a PDG. Nodes in the PDG represent either a statement in the program (S1, S ′ 1, S ′′\n1 , etc), a predicate node that controls execution of a set of instructions (the square node in Fig. 5), or a region node that summarizes the set of control conditions for a node or a set of nodes. Region nodes, shown with circles in Fig. 5, also summarize information such as the average execution weight of their descendent nodes. For example, instructions in a loop should be weighted proportional to the trip count of the loop. Therefore, the region that contains the body of a loop is augmented with the trip count of the loop. If the trip count or the execution weight are not known at compile time, we generate a parametric performance number, which can be specialized later based on the input parameters. In case of a branch divergence, proper weight should be assigned to the two descendent region nodes of the predicate that controls the divergence; the weight assigned to the true descendent region of a predicate node indicates what fraction of the warps that reach the condition evaluate it to true and therefore execute the instructions under the true region.\nThrough a preorder walk on the PDG, we symbolically evaluate conditions and memory access expressions through efficient techniques discussed in Section 3. Knowing which threads are active during a computation step, we determine the number of active warps and the pattern of memory accesses for each step. Based on this information we compute the average execution weight for a region, the average bank conflict penalty for shared memory accesses, and the average number of bytes transferred to or from global memory for each long latency memory operation.\nAs we walk down the PDG, we also compute WLPlocal and ILPlocal for each region. Local WLP for the three regions in Fig. 5 is computed as ρ3WLPmax, ρ3ρ1WLPmax, and ρ3ρ2WLPmax. To compute the local ILP for a regions with no predicate child, we divide the total number of instructions of that region by the length of the longest def-use chain built from them. For a region with diverging control flow, to compute ILPlocal we only consider the immediate instruction children.\nNext, we approximate the values for WLPavg and ILPavg by performing a postorder walk on the PDG. For each region, WLPavg is approximated by getting a weighted average of the local WLP of all the regions it contains, including itself; regions that contain more instructions contribute more to the average. For example, WLPavg for the top PDG region in Fig. 5 is computed by Eq. (7).\nWLPavg = pρ3ρ1WLPmax + qρ3ρ2WLPmax + nρ3WLPmax\np + q + n (7)\nThe process of approximating ILPavg is similar to that of WLPavg . For example, the ILPavg for the top region of Fig. 5 is approximated according to Eq. (8), where ILPp, ILPq, and ILPn are local ILP values for each of the three PDG regions in Fig. 5.\nILPavg = pρ1ILPp + qρ2ILPq + nILPn\npρ1 + qρ2 + n (8)\nWe construct the initial WFG recursively through another preorder walk of the PDG that is augmented with results of symbolic evaluation and other dataflow analyses."
    }, {
      "heading" : "3. Symbolic Evaluation",
      "text" : "In this section, we propose a tractable approach to symbolic evaluation of conditions and array access expressions. Our symbolic evaluation system has two components:\n1. A symbolic execution engine for evaluating effects of expressions that are simple enough.\n2. A set of simplification rules for simplifying more complex expressions.\nIf the expression to be evaluated is too complicated for the symbolic evaluation engine, the expression is conditionally simplified such that the evaluation of the simplified expression implies results equal to that of the original expression. The simplification process may be applied recursively until tractable expressions are obtained or the simplification engine decides that no further simplification is applicable. In the latter case, the expression is interpreted conservatively, which results in a lower bound for the performance.\nDuring the simplification process we may impose certain constraints on free variables, e.g., input parameters. The validity of the results is contingent on the truth of the conjectures made about free variables by the simplification system. Therefore, the results of each evaluation step are accompanied by a set of constraints that specify the domain of applicability of each evaluation step.\nThe average evaluation time for a kernel is in the order of a few milliseconds and below the average kernel execution time, even when we ignore the data transfer time from CPU to GPU."
    }, {
      "heading" : "3.1 Structural Conditions",
      "text" : "A predicate denotes either a structural condition or a data-dependent condition. A structural conditional expression is a function of thread coordinates, enclosing loop induction variables and symbolic constants of the kernel. In this section we show how to analyze a large class of structural conditions that are defined by Definition (9), through symbolic evaluation. Analyzing data-dependent conditions requires statistical knowledge of the data and is discussed in Section 4.3.\nO(At + B,I(i)), I(i) = αi + β or I(i) = 2αi+β (9)\ni ∈ {0, 1, ..., I}, t ∈ {0, 1, ...,T − 1} and A,B, α, β ∈ Z\nO(x, y) ∈ {x = y, x 6= y, x ≤ y, x ≥ y, x (mod y) ≡ 0}\nFor brevity, we consider one-dimensional thread-blocks of the size T, where T is well-bounded due to hardware limitations. Variable t stands for the thread ID in the affine expression At + B. In Definition (9), i is the loop induction variable with the upper bound of I, which may not be known at compile time. Operator O can be either a comparison or a modulo operator. Without loss of generality, we restricted our discussions to ≤ for comparison operators, A, B, α, β ∈ N, and I(i) = αi + β. Conclusions on other cases can be derived similarly. The following two cases apply, based on the type of operator O.\n1. O is a comparison operator: At + B ≤ αi + β We solve At + B for each t ∈ {0, 1, ...,T − 1}. Let At′ + B ≤\nαi + β for 0 ≤ t′ < T; we have At ′+B−β\nα ≤ i ≤ I. Consequently,\nthe total number of steps for symbolic evaluation is given by:\nT−1 X\nt=0\nI − lAt + B − β\nα\nm + 1 ≈ 2T(αI − B + β + α) − AT(T − 1)\n2α\n(10)\nNotice that for I0 ≤ i, where I0 = A(T−1)+B−β\nα , all threads\nsatisfy the inequality. In other words, control flow divergence does not occur for computation steps greater than I0. If we\nreplace I with I0 in Eq. (10) the upper-bound for the total number of evaluation steps becomes:\nAT2 − AT + 2αT\n2α (11)\nNotice that we have iterated over the thread IDs. To measure the thread ID dependent effects correctly, we replay the active threads for each computation step i and measure the control flow divergence, coalescing and bank conflict effects. As a result, the total cost is twice the value of Expression (11). Notice that if I0 ≤ T, we directly iterate over i. The cost in Expression (11) is formulated in terms of program constants or known hardware limits and is proportional to cost of symbolically evaluating the condition. We compute the cost in advance. If the computed cost is less than a predefined threshold, we symbolically evaluate the condition. Otherwise, the condition is assumed to be true for all threads.\nNow, let w0 be the computed execution weight for the region under the control of the above predicate. To make up for the divergence-free part (the I − I0 iterations), the overall weight is computed as:\nmax(I − I0, 0) + w0I0\nmax(I0, I) (12)\nIf I is known at compile time, Expression (12) is reduced to a single value, otherwise it remains parametric on I and consequently the total execution cycles become a function of I. Note that in cases where I is not known statically and its actual value is less than I0, we have approximated the corresponding execution weight by w0.\n2. O is the modulo operator: (At + B) ≡ 0 (mod αi + β) We solve At + B for each t ∈ {0, 1, ...,T − 1}. Let (At′ + B) ≡ 0 (mod αi + β) which implies that αi + β is some combination of prime factors of At′ + B. If AT + B is not a very large number we can store combinations of prime factors of all numbers less that AT + B in a lookup table in order to retrieve them efficiently. Let P be a combination of prime factors of At′ + B. Factor P is equal to αi + β if P−β\nα is an integer and\n0 ≤ P−β α\n≤ I; the converse is also true. Therefore, t′ is a candidate thread that satisfies the condition. The total number of steps to test all values of t is bounded by:\nT−1 X\nt=0\njAt + B\n2\nk ≈ AT(T − 1)\n4 +\nBT\n2\nSimilar to case 1, this method requires two passes to collect the performance information.\nSince the largest prime factor that is examined is equal to A(T − 1) + B, the condition evaluates to true for all threads if I0 ≤ i, where I0 = A(T−1)+B−β\nα . Similar to the discussion\ngiven for the previous case, the overall execution weight is computed as stated in Expression (12)."
    }, {
      "heading" : "3.2 Structural Memory Accesses",
      "text" : "In this section we first describe the class of memory access expressions that is accepted by our expression simplification engine. Later we explain how a candidate expression is simplified through an example. Finally, we discuss our approach to efficiently capture qualitative properties of these expressions from the point of view of GPU architecture performance.\nThe subscripting function of an array reference, F , is a multivariate expression. Function F can be defined recursively as the sum of possibly complex terms according to Definitions (13) and (14), where v is a vector of integer variables of the program (thread\ncoordinates, input parameters, enclosing loops induction variables, and an element representing integer number 1) all of which are involved in the evaluation of the subscripting expression, and v[ℓ] is the ℓth element of the variable vector v.\nF(0)(v) = v[ℓ] for some ℓ ∈ { 1, 2, · · · , |v|} (13)\nF(n)(v) =\nN(n) X\ni=1\nM (n) i\nY\nj=1\nPi,j\nPi,j ∈ {Ok · ` F (n−1) i,j ´ (v)} for k = 1, 2, 3, 4\nFor some α, β ∈ Z and some ℓ ∈ { 1, 2, · · · , |v|}, we define the following four operators, namely O1, · · · , O4, on the subscripting function F . Note that negative exponent expressions are excluded by definition.\nO1 · (F (n−1) i,j )(v) = F (n−1) i,j (v) mod 2 αv[ℓ]+β (14)\nO2 · (F (n−1) i,j )(v) = ⌊\nF (n−1) i,j (v)\n2αv[ℓ]+β ⌋\nO3 · (F (n−1) i,j )(v) = 2 αv[ℓ]+β ×F (n−1) i,j (v) O4 · (F (n−1) i,j )(v) = α × F (n−1) i,j (v)\nThe operators defined above are commonly used to express complex access patterns, e.g., wrap-around and strided accesses.\nExample 1. Expression (15) shows a relatively complex index expression from the FFT kernel. Variables involved in this expression include induction variables of two enclosing loops (i and 2j), input parameter (N), and thread coordinates (b as thread-block ID and t as thread ID).\njb × N + t\n2j\nk\n× 2j+1 + (b × N + t) mod 2j + i × 2j (15)\nThe following derivation shows how the first term in Expression (15) satisfies the definition of F , where the vector of involved variables is initialized as v = [b, t, i, j, N, 1]:\nF(2)(v)= ⌊ F\n(1) 1,1 (v)\n2j ⌋ × 2j+1 ×F (1) 1,2 (v) (16)\n= ⌊ (F1,1)\n(0) 1,1(v) × (F1,1) (0) 1,2(v) + (F1,1) (0) 2,1(v)\n2j ⌋\n× 2j+1 × (F1,2) (0) 1,1(v)\n= ⌊ b × N + t\n2j ⌋ × 2j+1 × 1\nIn step two of the derivation above, it is understood that for example, the term (F1,1)1,2 refers to the second factor of the first term in F1,1.\nExpression (15) is examined to determine whether the qualitative behavior of residing threads in a memory vector instruction (a half-warp in the case of NVIDIA GPUs) can be confined to their local thread coordinates. Figure 6(a) shows the expression tree for Expression (15). We refer to the multivariate expressions that are composed of thread ID and a combination of other thread coordinates (thread-block ID) with free variables as complex expressions. Through a bottom-up process we label the complex subexpressions. Labels are propagated upward in the expression tree until a non-distributive operator such as modulo or integer division is reached (referred to as a tainted operator). At this point, the simplification engine attempts to recursively disentangle the local\nthread ID part from the rest of the terms by imposing constraints on free variables.\nWe explain this simplification process for the first term of Expression (15) which is highlighted in the expression tree of Fig. 6(a) by dashed arcs. The first non-distributive tainted operator node that\nis visited during the bottom-up process for this sub-tree is the div operator (⌊\n2j ⌋). Operator div can be distributed if at least one of the\nterms in its enumerator is a multiple of the denominator 2j. Tainted operator div is distributed speculatively over + operator. From the two resulting sub-expression trees in Fig. 6(b), only the one on the left contains a free variable. Therefore, speculation continues down the left sub-tree and along the path that leads to the free variable N, as shown in Fig. 6(c). At this point, the constraint N = k × 2J (for some k ∈ Z) is added to the simplified expression tree of Fig. 6(c), where J is the upper bound for the induction variable j. The simplification steps are valid only if the constraint on N is proved to be true. The proof can be either derived at compile time or checked at runtime. Figure 6(d) shows the routine distribution of multiplication over addition. In Fig. 6(e), based on the constraint that we put on N earlier, multiplication and integer division have equaled out each other. As the result of these simplifications, the original expression tree is transformed to the one shown in Fig. 6(f). The local thread coordinate t is now separated from other thread coordinates such as b. The two highlighted sub-trees in Fig. 6(f) are now simple enough to be symbolically evaluated."
    }, {
      "heading" : "3.3 Memory Bank Conflict and Coalescing",
      "text" : "In general, deriving the exact memory access pattern is infeasible, especially with the presence of relatively complex subscripting functions (Section 3.2) and unknown upper bounds for the induction variables. However, we are interested in certain qualitative properties of the array subscript expressions. For example, for efficient utilization of memory bandwidth, successive words are assigned to successive memory banks. Let NUMbank be the number of memory banks, which is also equal to the number of threads that can simultaneously access memory. The problem of determining the pattern of memory bank conflicts can be transformed to the problem of computing x mod NUMbank, where x belongs to a finite set of integers. Size of this set is proportional to the number of variables present in the subscripting expression. Let v = [v1, v2, · · · , vn] be all n participating variables in evaluation of expression E(v). Each vi can be formulated as αiNUMbank + ρi, where 0 ≤ ρi < NUMbank. Evaluating E(v) to capture memory bank conflict patterns is equivalent to evaluation of E(ρ), where ρ = [ρ1, ρ2, · · · , ρn]. The difference is that members of variable vector ρ are well-bounded.\nThe simplification engine is more stringent on subscripting expressions that are evaluated for memory coalescing. Not only should the terms involving local coordinates (thread ID) be separable from the terms that involve other thread coordinates and free variables, but each thread ID dependent term should be expressable as a sum of terms such as At + B, ⌊ At+B\n2αi+β ⌋ or (At + B) mod 2αi+β ,\nwhere t is the local thread coordinate, A, B ∈ Z and α, β ∈ I. As a result, the symbolic evaluation engine can identify through a limited number of steps, how many different memory segments are accessed by threads within a single memory vector instruction."
    }, {
      "heading" : "4. Evaluation",
      "text" : "In this section we show how well the execution times predicted by the proposed performance model comply with the actual measured times. In cases where the estimated execution cycles were a function of the input parameters, we evaluated the function for a given set of input parameters for clarity of the graphs. We use the NVIDIA GeForce 8800 GPU for our experiments."
    }, {
      "heading" : "4.1 Memory Bandwidth and Latency",
      "text" : "To evaluate the effectiveness of our model in capturing the effects of GPU global memory bandwidth and latency on performance, we apply it to dense matrix multiplication and FFT kernels.\nWe first discuss several versions of dense matrix multiplication which represents many tiled algorithms. A simple version of matrix multiplication that loads the same array input elements multiple times by different threads (Global), will saturate the global memory bandwidth of the GPU. Another pitfall with this version is that global memory accesses to one of the arrays are not coalesced. In the GeForce 8800, global memory delivers the 86.4 GB/s memory bandwidth only when the global memory accesses are coalesced within a half-warp (16 threads). The GeForce 8800 can fetch data in a single 64-byte or 128-byte transaction [17]. If the memory accesses cannot be coalesced, then a separate memory transaction will be issued for each thread in the half-warp. As a result, for accessing one word of the array with non-coalesced accesses the GeForce 8800 issues a 16-word global memory transaction. This results in an increase in the average number of memory cycles, CYCmem, which consequently increases the total warp latency.\nA tiled version of the the kernel takes advantage of shared memory to enhance data sharing between threads computing nearby results. We chose tile sizes of 16 × 16, 16 × 32, 16 × 64, 16 × 128, and 16 × 192 elements to be executed by a thread-block. During execution, threads work within two input tiles that stride across 16 contiguous rows and 16, 32, 64, 128, or 192 columns of input matrices. For the tiled kernels, global memory loads are reduced by a factor of 16, 32, 64, 128, or 192 respectively. Consequently, the measured performance improves as the tile size increases. Figures 7(a) and 7(b) show the predicted and measured performance numbers for matrix multiply kernels next to each other. Based on these results, the model perfectly captures the effect of data reuse and coalescing on the overall performance. NVIDIA’s compiler unrolls the loop automatically for the tile size of 16 × 16; when estimating the performance for this version, we modeled the unrolled code.\nThe second benchmark we use is a power-of-two batched Fast Fourier Transform (FFT), which is based on the Stockham formulation. We used the pseudo-codes provided by Govindaraju et al. [9] to implement the FFT kernels. The first set of kernels load the data from global memory, compute an R-point FFT, and write the results back to global memory. The kernels are invoked several times and during each iteration of the outer loop, values from R different FFTs are combined together to generate a larger size FFT. For the first few invocations of these kernels, global memory writes cannot be coalesced, which decreases the performance. This is the same subscripting expression that we discussed in Section 3. Through symbolic evaluation we can determine the fraction of noncoalesced accesses and adjust CYCmem accordingly.\nThe second set of the FFT kernels improves the data reuse by keeping intermediate results in shared memory. They also write the results in proper order to global memory to avoid poor global memory coalescing. For this experiment, each set of kernels includes different radix sizes of 2, 4, and 16. Larger radices reduce the total number of iterations required to combine the results of smaller size FFTs. Meanwhile, larger radix sizes also consume more GPU resources. For example, both global and shared memory versions for radix-16 increase the use of registers substantially. Consequently local arrays are spilled to global memory, resulting in an increase in global memory traffic. Spilling local arrays into global memory also increases the number of stall points in the kernel and the average non-blocking cycles, NBCavg , is reduced accordingly. The number of active warps, WLPmax, is also reduced as each thread uses more registers. Reduction in both NBCavg and WLPmax makes global memory latency blatant for radix-16 kernels based on Eq. (6). These effects are reflected in both predicted and measured performance numbers in Fig. 8."
    }, {
      "heading" : "4.2 SIMD Divergence and Bank Conflicts",
      "text" : "The third benchmark that we use is the prefix sum scan kernel, which computes partial sums of all prefixes of an array. Unlike the other two benchmarks, computation is not distributed uniformly to threads. In mapping the algorithm to parallel threads, the treelike structure of the computation has been divided into discrete steps containing different amounts of computation separated by barrier synchronizations. Threads determine what to do by computing branch conditions and array indices from their thread ID. How computation is assigned to threads and the resulting branch behavior affects performance.\nWe start with a simple version of the scan kernel (Init), where thread t is responsible for the computation that produces array element 2t + 1. For a thread-block size of T, the kernel loads data from global memory, computes partial sums in log T + 1 steps, propagates the partial sums to all array elements in another round of log T + 1 steps, and saves the results to global memory. Subsets of the threads in a block are turned off for each step of execution, but in this organization the active threads are distributed throughout all warps for most execution steps, leading to an increase in compute latency (toward useless work).\nBy reassigning computation to different threads, we can group threads that take the same control flow path into the same warp, thus eliminating branch divergence except during the steps where fewer than one warp of threads runs. The new kernel (Div) has a lower compute latency with regard to pure computational cycles, but as the regrouped threads issue more simultaneous accesses to the same shared memory bank, increased latency for shared memory accesses results in a small overall latency increase from the initial version for some thread-block sizes.\nNext, the shared memory bank conflicts are removed (by padding shared memory arrays) for both of the above versions. The performance rises for the kernel with reduced branch divergence (Div B). For the initial version performance degrades after the array layout is changed (Init B) as the latency of conflicting shared memory bank accesses is less than the compute latency of extra address calculation instructions.\nFigure 9 summarizes the predicted and measured performance numbers for different versions that we discussed above. For each kernel configuration we tried thread-block sizes of 64, 128 and 256. Half the threads become superfluous after each step of computation in the first half of the scan kernel, yet they still must consume execution cycles to participate in barrier synchronization. As a result, thread-blocks of larger sizes are expected to pay a slightly larger penalty for synchronization in these kernels. In addition, with larger thread-blocks fewer independent thread-blocks are active simultaneously during the last stages of tree-like computation; WLPeffect drops below the level that is required to hide the pipeline latency. Consistently, Fig. 9 shows the rise in pipeline latency for the threadblock size of 256. The results in Fig. 9 verify the accuracy of the proposed performance model in capturing the effect of SIMD divergence and shared memory bank conflicts."
    }, {
      "heading" : "4.3 Data-Dependent Conditions and Memory Accesses",
      "text" : "Finally, we applied our performance model to sparse matrix-vector multiplication kernels [2], known for indirect and irregular memory accesses. For this set of kernels, computation distribution and thread mapping can affect memory bandwidth and SIMD utilization.\nWe start with a version (Global) in which one thread is allocated to each row of the matrix. Based on the number of nonzero elements per row, this version can introduce extra compute latency into the computation, as not all SIMD cycles are used efficiently.\nIn another version of the kernel (Shared), the array that stores the starting position of each row (in the dense representation of the sparse matrix) is loaded into shared memory and is reused across a thread-block.\nThe third implementation (Consecutive) uses multiple threads (a half-warp size) to compute each row. Consecutive threads access consecutive nonzero elements to promote coalesced memory accesses and possibly reduce the effect of control flow divergence on compute latency of the kernel. Each thread computes the partial product for one nonzero element. A parallel sum reduction is used to compute the final result for each row. Memory accesses are coa-\nlesced in this version if the first element of the array (which stores the starting position of each row) is well-aligned.\nTo guarantee coalesced accesses, in a new implementation (Coalesced), a few threads load the first few unaligned memory accesses before proceeding to accessing the aligned portion of the loads.\nThe warp latency computed for each of the above four kernels is parameterized over factors that are determined by structural properties of the input matrix, e.g., the trip count of the main loop for the computation of each row is determined by the number of nonzero elements of the row and the thread mapping scheme. As a results, we generate a light-weighted backward slice of the kernels that includes statements that their execution reveals partial structural properties of the matrix. Statistics were collected by running these micro-kernels to examine one warp on each GPU streaming multiprocessor. The instrumentation cost for each kernel, which is mainly dominated by the micro-kernel launch time, is in the order of a few microseconds. Based on the results collected from kernel instrumentation, we specialize the parametric warp latency for each input set.\nFigure 10 shows the predicted and measured execution times for two sparse matrices from the University of Florida Sparse Matrix Collection [5]. Notice that in this experiment, we conservatively designate a portion of memory accesses as uncoalesced accesses. However, the model is capable of capturing the trends and relative merit of code versions, as shown in Figure 10."
    }, {
      "heading" : "5. Conclusions",
      "text" : "We have presented a compiler-based approach to application performance modeling on GPU architectures. Our model is equipped with an efficient symbolic evaluation module to determine the effects of the structural conditions and complex memory access expressions on the performance of a GPU kernel. Our approach combines the effects of different performance factors into a coherent framework. In cases where it cannot statically determine performance information, a parametric latency is derived which can be customized later, according to the kernel inputs. In the case of datadependent conditions or access patterns, it employs a light-weight dynamic instrumentation approach to specialize the parametric latency.\nOur model allows a compiler to determine the relative merits of parallel kernel configurations without running all the variations. More importantly, the model identifies the bottlenecks and can guide the the compiler through the optimization process.\nWe validated our performance model for the matrix multiply, prefix sum scan, FFT, and sparse matrix-vector benchmarks. These benchmarks exhibit challenging conditional and memory access patterns. Our evaluation shows that there is good agreement between predicted and observed performance rankings for the various tuning versions of these kernels and that the model captures the effect of all major performance factors for GPU architecture."
    }, {
      "heading" : "Acknowledgments",
      "text" : "We would like to acknowledge the support of the Gigascale Systems Research Center, funded under the Focus Center Research Program. Experiments were also made possible by NSF CNS grant 05-51665 and the CUDA Center of Excellence, sponsored by NVIDIA Corporation. This work was also supported in part by the NSF award 0837719. In addition, we wish to thank Mrs. Laurie Talkington for her help in editing this paper."
    } ],
    "references" : [ {
      "title" : "Optimizing Sparse Matrix-Vector multiplication on GPUs",
      "author" : [ "M. Baskaran", "R. Bordawekar" ],
      "venue" : "IBM Research Report,",
      "citeRegEx" : "2",
      "shortCiteRegEx" : "2",
      "year" : 2008
    }, {
      "title" : "Analytical Performance Prediction on Multicomputers",
      "author" : [ "M. Clement", "M. Quinn" ],
      "venue" : "In ACM/IEEE Conference on Supercomputing,",
      "citeRegEx" : "3",
      "shortCiteRegEx" : "3",
      "year" : 1993
    }, {
      "title" : "Efficiently Computing Static Single Assignment Form and the Control Dependence Graph",
      "author" : [ "R. Cytron", "J. Ferrante", "B.K. Rosen", "M.N. Wegman", "F.K. Zadeck" ],
      "venue" : "ACM Trans. Program. Lang. Syst., pages 451–490",
      "citeRegEx" : "4",
      "shortCiteRegEx" : null,
      "year" : 1991
    }, {
      "title" : "Understanding the Efficiency of GPU Algorithms for Matrix-matrix Multiplication",
      "author" : [ "K. Fatahalian", "J. Sugerman", "P. Hanrahan" ],
      "venue" : "In Conference on Graphics Hardware,",
      "citeRegEx" : "6",
      "shortCiteRegEx" : "6",
      "year" : 2004
    }, {
      "title" : "The Program Dependence Graph and its Use in Optimization",
      "author" : [ "J. Ferrante", "K.J. Ottenstein", "J.D. Warren" ],
      "venue" : "ACM Trans. Program. Lang. Syst., pages 319–349",
      "citeRegEx" : "7",
      "shortCiteRegEx" : null,
      "year" : 1987
    }, {
      "title" : "A Memory Model for Scientific Algorithms on Graphics Processors",
      "author" : [ "N.K. Govindaraju", "S. Larsen", "J. Gray", "D. Manocha" ],
      "venue" : "In ACM/IEEE Conference on Supercomputing,",
      "citeRegEx" : "8",
      "shortCiteRegEx" : "8",
      "year" : 2006
    }, {
      "title" : "High performance discrete Fourier transforms on graphics processors",
      "author" : [ "N.K. Govindaraju", "B. Lloyd", "Y. Dotsenko", "B. Smith", "J. Manferdelli" ],
      "venue" : "In ACM/IEEE Conference on Supercomputing,",
      "citeRegEx" : "9",
      "shortCiteRegEx" : "9",
      "year" : 2008
    }, {
      "title" : "An model for a GPU Architecture with Memorylevel and Thread-level Parallelism Awareness",
      "author" : [ "S. Hong", "H. Kim" ],
      "venue" : "In International Symposium on Computer Architecture,",
      "citeRegEx" : "10",
      "shortCiteRegEx" : "10",
      "year" : 2009
    }, {
      "title" : "Automatic Tuning Matrix Multiplication Performance on Graphics Hardware",
      "author" : [ "C. Jiang", "M. Snir" ],
      "venue" : "In International Conference on Parallel Architectures and Compilation Techniques,",
      "citeRegEx" : "11",
      "shortCiteRegEx" : "11",
      "year" : 2005
    }, {
      "title" : "Performance Predictions for General-Purpose Computation on GPUs",
      "author" : [ "W. Liu", "W. Muller-Wittig", "B. Schmidt" ],
      "venue" : "In International Conference on Parallel Processing,",
      "citeRegEx" : "12",
      "shortCiteRegEx" : "12",
      "year" : 2007
    }, {
      "title" : "Cross-architecture Performance Predictions for Scientific Applications Using Parameterized Models",
      "author" : [ "G. Marin", "J. Mellor-Crummey" ],
      "venue" : "In International conference on Measurement and modeling of computer systems,",
      "citeRegEx" : "14",
      "shortCiteRegEx" : "14",
      "year" : 2004
    }, {
      "title" : "Scalable Parallel Programming with CUDA",
      "author" : [ "J. Nickolls", "I. Buck", "M. Garland", "K. Skadron" ],
      "venue" : "Queue, 6(2):40–53",
      "citeRegEx" : "16",
      "shortCiteRegEx" : null,
      "year" : 2008
    }, {
      "title" : "Fast and Effective Orchestration of Compiler Optimizations for Automatic Performance Tuning",
      "author" : [ "Z. Pan", "R. Eigenmann" ],
      "venue" : "In International Symposium on Code Generation and Optimization,",
      "citeRegEx" : "18",
      "shortCiteRegEx" : "18",
      "year" : 2006
    }, {
      "title" : "Program Optimization Space Pruning for a Multithreaded GPU",
      "author" : [ "S. Ryoo", "C.I. Rodrigues", "S.S. Stone", "S.S. Baghsorkhi", "S. Ueng", "J.A. Stratton", "W.W. Hwu" ],
      "venue" : "In International Symposium on Code Generation and Optimization,",
      "citeRegEx" : "19",
      "shortCiteRegEx" : "19",
      "year" : 2008
    }, {
      "title" : "Exploring the Multi GPU Design Space",
      "author" : [ "D. Schaa", "D. Kaeli" ],
      "venue" : "In International Symposium on Parallel and Distributed Processing,",
      "citeRegEx" : "20",
      "shortCiteRegEx" : "20",
      "year" : 2009
    }, {
      "title" : "Tuning High Performance Kernels through Empirical Compilation",
      "author" : [ "D.B. Whalley" ],
      "venue" : "In International Conference on Parallel Processing,",
      "citeRegEx" : "21",
      "shortCiteRegEx" : "21",
      "year" : 2005
    } ],
    "referenceMentions" : [ {
      "referenceID" : 11,
      "context" : "With the introduction of CUDA [17] and OpenCL [15], developers now have the programming and architectural features to quickly port programs to a platform with a massively parallel, GPU-based coprocessor [16].",
      "startOffset" : 203,
      "endOffset" : 207
    }, {
      "referenceID" : 13,
      "context" : "[19] demonstrated a very large configuration space even for relatively small kernels.",
      "startOffset" : 0,
      "endOffset" : 4
    }, {
      "referenceID" : 15,
      "context" : "Despite significant research to develop models and frameworks for predicting performance of applications [21, 14, 3, 18], most of it applies to non-GPU architecture.",
      "startOffset" : 105,
      "endOffset" : 120
    }, {
      "referenceID" : 10,
      "context" : "Despite significant research to develop models and frameworks for predicting performance of applications [21, 14, 3, 18], most of it applies to non-GPU architecture.",
      "startOffset" : 105,
      "endOffset" : 120
    }, {
      "referenceID" : 1,
      "context" : "Despite significant research to develop models and frameworks for predicting performance of applications [21, 14, 3, 18], most of it applies to non-GPU architecture.",
      "startOffset" : 105,
      "endOffset" : 120
    }, {
      "referenceID" : 12,
      "context" : "Despite significant research to develop models and frameworks for predicting performance of applications [21, 14, 3, 18], most of it applies to non-GPU architecture.",
      "startOffset" : 105,
      "endOffset" : 120
    }, {
      "referenceID" : 9,
      "context" : "Previous studies on performance estimation [12, 8, 6] and tuning [11] for GPUs were constrained by the programming environment and the necessity of mapping algorithms to existing GPU features.",
      "startOffset" : 43,
      "endOffset" : 53
    }, {
      "referenceID" : 5,
      "context" : "Previous studies on performance estimation [12, 8, 6] and tuning [11] for GPUs were constrained by the programming environment and the necessity of mapping algorithms to existing GPU features.",
      "startOffset" : 43,
      "endOffset" : 53
    }, {
      "referenceID" : 3,
      "context" : "Previous studies on performance estimation [12, 8, 6] and tuning [11] for GPUs were constrained by the programming environment and the necessity of mapping algorithms to existing GPU features.",
      "startOffset" : 43,
      "endOffset" : 53
    }, {
      "referenceID" : 8,
      "context" : "Previous studies on performance estimation [12, 8, 6] and tuning [11] for GPUs were constrained by the programming environment and the necessity of mapping algorithms to existing GPU features.",
      "startOffset" : 65,
      "endOffset" : 69
    }, {
      "referenceID" : 13,
      "context" : "[19] used Pareto-optimal curves to prune the optimization space of general-purpose applications on GPUs.",
      "startOffset" : 0,
      "endOffset" : 4
    }, {
      "referenceID" : 7,
      "context" : "A more recent work [10] proposes an analytical model to capture a rough estimate of the cost of memory operations.",
      "startOffset" : 19,
      "endOffset" : 23
    }, {
      "referenceID" : 7,
      "context" : "Neither of these approaches [10, 19] take into account performance factors such as diverging control flow, memory bank conflicts and SIMD pipeline delays.",
      "startOffset" : 28,
      "endOffset" : 36
    }, {
      "referenceID" : 13,
      "context" : "Neither of these approaches [10, 19] take into account performance factors such as diverging control flow, memory bank conflicts and SIMD pipeline delays.",
      "startOffset" : 28,
      "endOffset" : 36
    }, {
      "referenceID" : 14,
      "context" : "[20] focuses on how to predict the execution time for a multi-GPU system, knowing the execution time for a single GPU.",
      "startOffset" : 0,
      "endOffset" : 4
    }, {
      "referenceID" : 4,
      "context" : "For this purpose, we revisited the program dependence graph (PDG) [7], an intermediate program representation, for the purpose of performance evaluation.",
      "startOffset" : 66,
      "endOffset" : 69
    }, {
      "referenceID" : 13,
      "context" : "Another contribution of this work compared to the previous work [19, 10] is that we measure each performance factor in isolation (through symbolic evaluation or dynamic instrumentation) and later combine them to model the overall performance.",
      "startOffset" : 64,
      "endOffset" : 72
    }, {
      "referenceID" : 7,
      "context" : "Another contribution of this work compared to the previous work [19, 10] is that we measure each performance factor in isolation (through symbolic evaluation or dynamic instrumentation) and later combine them to model the overall performance.",
      "startOffset" : 64,
      "endOffset" : 72
    }, {
      "referenceID" : 4,
      "context" : "The PDG provides a coherent framework to explicitly represent control and data dependences in the program [7].",
      "startOffset" : 106,
      "endOffset" : 109
    }, {
      "referenceID" : 2,
      "context" : "We perform traditional scalar analysis such as induction variable detection and forward substitution based on an SSA[4] form on the PDG.",
      "startOffset" : 116,
      "endOffset" : 119
    }, {
      "referenceID" : 0,
      "context" : "Finally, we applied our performance model to sparse matrix-vector multiplication kernels [2], known for indirect and irregular memory accesses.",
      "startOffset" : 89,
      "endOffset" : 92
    } ],
    "year" : 2009,
    "abstractText" : "This paper presents an analytical model to predict the performance of general-purpose applications on a GPU architecture. The model is designed to provide performance information to an auto-tuning compiler and assist it in narrowing down the search to the more promising implementations. It can also be incorporated into a tool to help programmers better assess the performance bottlenecks in their code. We analyze each GPU kernel and identify how the kernel exercises major GPU microarchitecture features. To identify the performance bottlenecks accurately, we introduce an abstract interpretation of a GPU kernel, work flow graph, based on which we estimate the execution time of a GPU kernel. We validated our performance model on the NVIDIA GPUs using CUDA (Compute Unified Device Architecture). For this purpose, we used data parallel benchmarks that stress different GPU microarchitecture events such as uncoalesced memory accesses, scratch-pad memory bank conflicts, and control flow divergence, which must be accurately modeled but represent challenges to the analytical performance models. The proposed model captures full system complexity and shows high accuracy in predicting the performance trends of different optimized kernel implementations. We also describe our approach to extracting the performance model automatically from a kernel code.",
    "creator" : "dvips(k) 5.97 Copyright 2008 Radical Eye Software"
  }
}