{
  "name" : "acm_10.1145##1454115.1454152.pdf",
  "metadata" : {
    "source" : "CRF",
    "title" : "Mars: A MapReduce Framework on Graphics Processors",
    "authors" : [ "Bingsheng He", "Wenbin Fang", "Qiong Luo", "Naga K. Govindaraju", "Tuyong Wang" ],
    "emails" : [ "saven@cs.ust.hk", "wenbin@cs.ust.hk", "luo@cs.ust.hk", "nagag@microsoft.com", "tuyong@staff.sina.com.cn" ],
    "sections" : [ {
      "heading" : null,
      "text" : "Categories and Subject Descriptors D.1.3 [Programming Techniques]: Concurrent Programming— Parallel programming; D.3.3 [Programming Languages]: Language Constructs and Features—Frameworks; I.3.1 [COMPUTER GRAPHICS]: Hardware Architecture—Graphics processors, parallel processing\nGeneral Terms Design, Performance\nKeywords MapReduce, Graphics Processor, GPGPU, Multi-core processors, Web Analysis, Data parallelism"
    }, {
      "heading" : "1. INTRODUCTION",
      "text" : "Search engines and other web server applications routinely perform data processing tasks, for example, indexing web pages and counting access frequency. Due to the time criticalness of these tasks in day-to-day operations and the vast amount of data, high performance is essential [9]. For instance, www.sina.com.cn deploys tens of high-end Dell servers just to serve hourly updates of web stats such as the top ten hottest web pages. Furthermore, the complexity of these tasks and the heterogeneity of available computing resources makes it desirable to provide a generic framework for developers to implement these tasks correctly, efficiently, and easily.\nThe MapReduce framework is a successful paradigm to support such data processing applications [9]. It was originally proposed by Google for the ease of development of web search applications on a large number of machines. This framework provides two primitive operations (1) a map function to process input key/value pairs and to generate intermediate key/value pairs, and (2) a reduce function to merge all intermediate pairs associated with the same key. With a MapReduce framework, developers can implement their application logic using the two primitives. The MapReduce runtime will automatically distribute and execute the task on multiple machines [9] or multiple processors in a single machine [27]. Thus, this framework reduces the complexity of parallel programming so that the developer can easily exploit the parallelism in the underlying computing resources for complex tasks. Encouraged by the success of the CPU-based MapReduce frameworks, we develop Mars, a MapReduce framework on graphics processors, or GPUs.\nGPUs can be regarded as massively parallel processors with 10x faster computation and 10x higher memory bandwidth than CPUs [1]. Moreover, GPU performance is improving at a rate higher than Moore’s law for CPUs. As the programmability of the GPU improves, several GPGPU (General-Purpose computing on GPUs) languages such as NVIDIA CUDA [24] are introduced so that developers can write GPU programs without the knowledge of the graphics rendering pipeline. Nevertheless, since GPUs are traditionally designed as special-purpose co-processors for gaming applications, their languages lack support for some basic programming constructs, e.g., variable-length data types, as well as more complex functions such as recursion. Additionally, GPU architectural details are highly vendor-specific and programmers have limited access to these details. All these factors make the GPU programming a difficult task in general and more so for complex tasks such as web data analysis. Therefore, we propose to develop a MapReduce framework on the GPU so that programmers can easily harness the GPU computation power for their data processing tasks.\nCompared with CPUs, the hardware architecture of GPUs differs significantly. For instance, current GPUs have over one hundred SIMD (Single Instruction Multiple Data) processors whereas current multi-core CPUs offer a much smaller number of cores. Moreover, most GPUs do not support atomic operations or locks. Due to\nthe architectural differences, we identify the following three technical challenges in implementing the MapReduce framework on the GPU. First, the synchronization overhead in the runtime system of the framework must be low so that the system can scale to hundreds of processors. Second, due to the lack of dynamic thread scheduling on current GPUs, it is essential to allocate work evenly across threads on the GPU to exploit its massive thread parallelism. Third, the core tasks of MapReduce programs, including string processing, file manipulation and concurrent reads and writes, are unconventional to GPUs and must be handled efficiently.\nWith these challenges in mind, we design and implement Mars, our MapReduce framework on the GPU. Mars provides a small set of APIs (Application Programming Interfaces) that are similar to those of CPU-based MapReduce. Our runtime system utilizes a large number of GPU threads for Map or Reduce tasks, and automatically assigns each thread a small number of key/value pairs to work on. As a result, the massive thread parallelism on the GPU is well utilized. To avoid any conflict between concurrent writes, we have developed a lock-free scheme with low runtime overhead on the massive thread parallelism of the GPU. This scheme guarantees the correctness of parallel execution with little synchronization overhead. Additionally, since web data analysis tasks heavily involve text processing, we have developed an efficient string library for our APIs.\nWe have implemented Mars on a PC with an NVIDIA GeForce 8800 GPU (G80) and an Intel quad-core CPU. To evaluate Mars, we pick six common tasks in web server applications including web search, web document processing, and web log analysis. These tasks are String Match (SM), Inverted Index (II), Similarity Score (SS), Matrix Multiplication (MM), Page View Count (PVC), and Page View Rank (PVR). We implemented these tasks using Mars as well as using Phoenix [27], the state-of-the-art MapReduce framework for multi-core CPUs. For these six tasks, the amount of source code written by the developer using Mars is comparable to that using Phoenix. Our results show that Mars achieves a 1.5-16 times performance improvement over Phoenix.\nOrganization: The remainder of the paper is organized as follows. We give a brief overview of the GPU, prior work on GPGPU and MapReduce in Section 2. We present our design and implementation of Mars in Section 3. In Section 4, we present our experimental results. Finally, we conclude this paper and outline our future work in Section 5."
    }, {
      "heading" : "2. PRELIMINARIES AND OVERVIEW",
      "text" : "In this section, we introduce the GPU architecture and discuss the related work on GPGPU, and review the MapReduce framework."
    }, {
      "heading" : "2.1 Graphics Processors (GPUs)",
      "text" : "Due to the high computation power and rapidly increasing programmability, GPUs have become an attractive co-processor for general purpose computing [1]. For more details on the GPU and its programming techniques, we refer the reader to a recent book edited by Nguyen [22].\nFollowing the previous work [16, 28], we model the GPU as a many-core processor, as shown in Figure 1. The GPU consists of many SIMD multi-processors, and supports thousands of concurrent threads. GPU threads have low context-switch and low creation time as compared to CPU threads. The threads on each multiprocessor are organized into thread groups. Threads within a thread group share the computation resources such as registers on a multiprocessor. A thread group is divided into multiple schedule units that are dynamically scheduled on the multiprocessor. We\nadopt the metric occupancy to measure the resource utilization on the GPU [23]. The occupancy is the ratio of active schedule units to the maximum number of schedule units supported on the GPU. A low occupancy indicates that the computation resources of the GPU are under-utilized.\nThe device memory of current GPUs is of both high bandwidth and high access latency. For example, the device memory of the NVIDIA G80 has a bandwidth of 86 GB/sec and latency of around 200 cycles. Due to the SIMD property, the GPU can apply coalesced access to exploit the spatial locality of memory accesses among threads: When the threads in a thread group access consecutive memory addresses, these memory accesses are grouped into one."
    }, {
      "heading" : "2.2 GPGPU",
      "text" : "GPGPU has recently emerged in various applications, such as FFT [17], matrix operations [18, 19], embedded system design [10], bioinformatics [21], databases [12, 13, 16], and distributed computing projects including Folding@home [11] and Seti@home [29]. Previously, GPGPU developers used graphics APIs such as OpenGL [25] and DirectX [4] to map applications to the graphics rendering mechanism. They need the knowledge of graphics rending pipelines. Recently, several GPGPU languages including AMD CTM [2] and NVIDIA CUDA [24] have been proposed by GPU vendors. They usually expose a general-purpose, massively multithreaded parallel computing architecture and provide a programming environment similar to multi-threaded C/C++. High-level programming frameworks such as Accelerator [30] and Brook [5] are also developed to better facilitate GPGPU programming. We can use these frameworks to develop our MapReduce runtime on the GPU to save our implementation effort. With the MapReduce framework, the user does not require the knowledge of a specific programming model such as the streaming programming model in Brook. For efficiency, we used CUDA to implement our framework.\nWe now briefly survey the work that developed GPGPU primitives as building blocks for various applications. For additional information on the state-of-the-art GPGPU techniques, we refer the reader to a recent survey by Owens et al. [26]. Govindaraju et al. [12] presented novel GPU-based algorithms for the bitonic sort. Sengupta et al. [28] proposed the segmented scan primitive. He et al. [15] proposed a multi-pass scheme to optimize the scatter and the gather operations. He et al. [16] further developed a small set of primitives such as prefix sum and split as basic constructs for query processing algorithms in relational databases. Additionally, CUDPP [14], a CUDA library of data parallel primitives, was released for GPGPU computing. These GPU-based primitives reduce the complexity of GPU programming. However, even with the primitives, developers need to write complex GPU code for data processing tasks. In comparison, our work further simplifies GPU\nprogramming for MapReduce programmers by providing them a higher level and more familiar interface than the primitives."
    }, {
      "heading" : "2.3 MapReduce",
      "text" : "The MapReduce framework [9] is based on two primitives, Map and Reduce, from functional programming. They are defined as follows:\nMap: (k1, v1) → (k2, v2)∗. Reduce: (k2, v2∗) → (k2, v3)∗.\nThe Map function takes an input key/value pair (k1,v1) and outputs a list of intermediate key/value pairs (k2,v2). The Reduce function takes all values associated with the same key and produces a list of key/value pairs. Programmers implement the application logic using these two primitives. The parallel execution of each primitive is managed by the system runtime.\nThe following pseudo code illustrates a program written using MapReduce. This program counts the number of occurrences of each word in a collection of documents [9]. In this program, Map and Reduce are implemented using two other system-provided APIs, EmitIntermediate and Emit, respectively.\nMap(void *doc) { 1: for each word w in doc 2: EmitIntermediate(w, 1); } Reduce(void* word, Iterator values) { 1: int result = 0; 2: for each v in values 3: result += v; 4: Emit(word, result); //output word and its count }\nMapReduce has been applied to various domains such as data mining, machine learning, and bioinformatics. Additionally, several implementations and extensions have been proposed. Hadoop [3] is an open-source MapReduce implementation similar to Google’s. Phoenix [27] is an efficient implementation on multi-core CPUs. Chu et al. [8] applied MapReduce to ten machine learning algorithms on a multi-core CPU. Yang et al. [7] added the merge operation to MapReduce for relational databases. The existing work focuses on the parallelism of multiple CPUs or multiple cores within a single CPU. Since the GPU is a co-processor to the CPU, our framework complements these existing frameworks. Different from Phoenix, our GPU-based framework is lock-free, and is scalable to hundreds of processors on GPUs or future multi-core CPUs. Concurrent to our work, Catanzaro et al. [6] proposed a MapReduce framework on the GPU, but it requires the developer to be aware of GPU programming details such as the thread configuration and the memory hierarchy in the GPU. Recently, Linderman et al. [20] proposed the Merge framework for dynamically scheduling MapReduce tasks among heterogenous processors. Their scheduling method was used for coprocessing between the CPU- and the GPU-based MapReduce frameworks."
    }, {
      "heading" : "3. DESIGN AND IMPLEMENTATION",
      "text" : "In this section, we present our design and implementation for Mars. Our design is guided by the following two goals.\n1) Ease of programming. Ease of programming encourages developers to use the GPU for their tasks.\n2) Performance. The overall performance of our GPU-based MapReduce should be comparable to or better than that of the state-of-the-art CPU counterparts."
    }, {
      "heading" : "3.1 APIs",
      "text" : "Mars provides a small set of APIs. Similar to the existing MapReduce frameworks, Mars has two kinds of APIs, the user-implemented APIs, which the users implement, and the system-provided APIs, which the users can use as library calls. Mars has the following user-implemented APIs. These APIs are implemented with C/C++. We use the void* type so that the developer can manipulate strings and other complex data types conveniently.\n//MAP_COUNT counts result size of the map function. void MAP_COUNT(void *key, void *val, int keySize, int valSize); //The map function. void MAP(void *key, void* val, int keySize, int valSize); //REDUCE_COUNT counts result size of the reduce function. void REDUCE_COUNT(void* key, void* vals, int keySize, int valCount); //The reduce function. void REDUCE(void* key, void* vals, int keySize, int valCount);\nMars has the following four system-provided APIs. The emit functions are used in user-implemented map and reduce functions to output the intermediate/final results.\n//Emit the key size and the value size in MAP_COUNT. void EMIT_INTERMEDIATE_COUNT(int keySize, int valSize); //Emit an intermediate result in MAP. void EMIT_INTERMEDIATE(void* key, void* val, int keySize, int valSize); //Emit the key size and the value size in REDUCE_COUNT. void EMIT_COUNT(int keySize, int valSize); //Emit a final result in REDUCE. void EMIT(void *key, void* val, int keySize, int valSize);\nOverall, the APIs in Mars are similar to those in the existing MapReduce frameworks such as Hadoop [3] and Phoenix [27]. The major difference is that we need two APIs in Mars to implement the functionality of each CPU-based API. One is to count the size of results, and the other one is to output the results. This is because the GPU does not support atomic operations, and the Mars runtime uses a two-step design for the result output. We describe this twostep design in Section 3.3.\nThe following pseudo code illustrates the map for implementing the word count application using Mars. Instead of processing a document, each map task on the GPU processes one line in a document. For each word, the EMIT_INTERMIDIATE_COUNT function emits a pair of the length of the word string and the size of an integer. Correspondingly, the EMIT_INTERMIDIATE function emits the intermediate results of the word and the count of one.\n//key is a line in the document. //val is the line ID. MAP_COUNT(key, val, keySize, valSize){ 1: for each word w in key 2: EMIT_INTERMIDIATE_COUNT(w.length, sizeof(int)); } MAP (key, val, keySize, valSize) { 1: for each word w in key 2: EMIT_INTERMIDIATE (w, 1); }"
    }, {
      "heading" : "3.2 System Workflow and Configuration",
      "text" : "Figure 2 illustrates the work flow of Mars. Similar to the CPUbased MapReduce framework, Mars has two stages, Map and Reduce. Before starting each stage, Mars initializes thread configuration including the number of thread groups and the number of threads per thread group on the GPU.\nIn the map stage, the split operator divides the input key/value pairs into multiple chunks such that the number of chunks is equal to the number of threads. A GPU thread is responsible for only one chunk. Thus, the threads in the map stage are load-balanced. After the map stage is finished, we sort the intermediate key/value pairs so that the pairs with the same key are stored consecutively.\nIn the reduce stage, the split operator divides the sorted intermediate key/value pairs into multiple chunks of similar sizes. The key/value pairs with the same key belong to the same chunk. The number of chunks is equal to the number of threads. The thread with a larger thread ID is responsible for a chunk with larger keys. This ensures that the output of the reduce stage is sorted by the key. The threads in the reduce stage are usually load-balanced unless there are skews in the lengths of the value lists. Dynamic load balancing scheme is not applicable, because current GPUs do not support dynamic thread scheduling. As the last step, the final output from all threads is stored into a single buffer.\nAlgorithm 1 describes the work flow of Mars in more detail. The operations in Lines 1–3 and 7 are done by the scheduler. The scheduler is responsible for preparing the data inputs, invoking the map and the reduce stages on the GPU and returning the results to the user.\nAlgorithm 1 Mars, the MapReduce framework on the GPU 1: Prepare input key/value pairs in the main memory and store\nthem into input arrays. 2: Initialize the parameters in the run-time configuration (Table\n1). 3: Copy the input arrays from the main memory to the GPU de-\nvice memory. 4: Start the map stage on the GPU and store the intermediate\nkey/value pairs into arrays. 5: If noSort is F , sort the intermediate result. 6: If noReduce is F , start the reduce stage on the GPU and gen-\nerate the final results. Otherwise, the intermediate results are the final results. 7: Copy the final results from the GPU device memory to the main memory.\nCompared with the existing CPU-based MapReduce frameworks [9, 27], Mars has two major simplifications due to the limitation\nof the GPU. First, Mars specifies the thread configuration and assigns the tasks to the GPU threads statically, because current GPUs do not support dynamic thread scheduling. Second, for efficiency, Mars relies on the CPU to preprocess raw input data into key/value pairs, because the GPU has no direct access to disk files.\nTable 1 summarizes the configuration parameters of Mars. We provide these parameters to allow the programmers to tune the system for efficiency if they choose to. For instance, if the programmer knows that the application requires no Reduce, he/she can set noReduce to true. All parameters have default values. The first two parameters are set to false by default. We discuss the default thread configuration in Section 3.4."
    }, {
      "heading" : "3.3 Implementation Details",
      "text" : "Since the GPU does not support dynamic memory allocation on the device memory during the execution of the GPU code, we use arrays as the main data structure in Mars. The input data, the intermediate result and the final result are stored in three kinds of arrays, i.e., the key array, the value array and the directory index. The directory index consists of an entry of <key offset, key size, value offset, value size> for each key/value pair. Given a directory index entry, we fetch the key or the value at the corresponding offset in the key array or the value array.\nWith the array structure, we allocate the space on the device memory for the input data as well as for the result output before executing the GPU program. However, the sizes of the output from the map and the reduce stages are unknown. Moreover, write conflicts occur when multiple threads write results to the shared output array, because most GPUs do not provide hardware-supported atomic operations or locks. To address these two problems, we adopt the previous lock-free output scheme of relational joins [16] and implement a two-step output scheme for the map and the reduce stages. Since the output scheme for the map stage is similar to that for the reduce stage, we present the scheme for the map stage only.\nFirst, each map task outputs three counts, i.e., the number of intermediate results, the total size of keys (in bytes) and the total size of values (in bytes) generated by the map task. Based on key sizes (or value sizes) of all map tasks, the runtime system computes a prefix sum on these sizes and produces an array of write locations. A write location is the start location in the output array for the corresponding map task to write. Based on the number of intermediate results, the runtime system computes a prefix sum and produces an array of start locations in the output directory index for the corresponding map task. Through these prefix sums, we also know the sizes of the arrays for the intermediate result. Thus, the runtime allocates arrays in the device memory with the exact size for storing the intermediate results.\nSecond, each map task outputs the intermediate key/value pairs to the output array and updates the directory index. Since each map has its deterministic and non-overlapping positions to write to, the write conflicts are avoided.\nThis two-step scheme does not require the hardware support of atomic functions. It is suitable for the massive thread parallelism on the GPU. However, it doubles the map computation in the worst case. The overhead of this scheme is application dependent, and is usually much smaller than that in the worst case. For example, this overhead is negligible in the matrix multiplication in our study, since MAP_COUNT simply emits the size without multiplication."
    }, {
      "heading" : "3.4 Optimization Techniques",
      "text" : "3.4.1 Memory Optimizations We use two memory optimizations reducing the number of mem-\nory requests in order to improve the memory bandwidth utilization. Coalesced accesses. We utilize the GPU feature of coalesced accesses to improve the memory performance. We design the memory accesses of each thread to the data arrays according to the coalesced access pattern when applicable. Suppose there are T threads in total and the number of key/value pairs is N in the map stage. Thread i processes the (i + T · k )th (k=0,..,N/T ) key/value pair. Due to the SIMD property of the GPU, the memory addresses from the threads within a thread group are consecutive and these accesses are coalesced into one. Figure 3 illustrates the map stage with and without the coalesced access optimization.\nAccesses using built-in vector types. Accessing the values in the device memory can be costly, because the data values are often of different sizes and the accesses are hardly coalesced. Fortunately, GPUs such as G80 support built-in vector types such as char4 and int4. Reading built-in vectors fetches the entire vector in a single memory request. Compared with reading char or int, the number of memory requests is greatly reduced and the memory performance is improved.\n3.4.2 Other Optimizations in Mars Thread parallelism. The thread configuration, i.e., the number\nof thread groups and the number of threads per thread group, is related to multiple factors including, (1) the hardware configuration such as the number of multiprocessors and the on-chip computation resources such as the number of registers on each multiprocessor, (2) the computation characteristics of the map and the reduce tasks, e.g., they are memory- or computation-intensive.\nSince the map and the reduce functions are implemented by the developer, and their costs are unknown to the runtime system, it is difficult to find the optimal setting for the thread configuration at run time. Fortunately, CUDA provides an off-line calculator [23]\nfor computing the multiprocessor occupancy given a CUDA program. For the program (either the map task or the reduce task), the calculator takes the number of threads per thread group and the number of registers used per thread as input, and outputs the occupancy and the number of active thread groups per multiprocessor. The number of registers used per thread is obtained using the NVCC compiler of CUDA.\nWith the calculator, we iterate the number of threads per group in multiples of 32 (the schedule unit size) ranging from 32 to 512 (the maximum number of threads per thread group), until the occupancy is higher than a predefined threshold. Thus, we get the number of threads per thread group and the number of thread groups. In practice, we set the occupancy threshold to be 2/3 so that the GPU is sufficiently busy, and each thread group receives adequate computation resources.\nHandling variable-sized types. The variable-sized types are supported with the directory index. If two key/value pairs need to be swapped, we swap their corresponding entries in the directory index without modifying the key and the value arrays. This choice is to save the swapping cost since the directory entries are typically much smaller than the key/value pairs. Even though swapping changes the order of entries in the directory index, the array layout is preserved and therefore accesses to the directory index can still be coalesced after swaps.\nSince strings are a typical variable-sized type, and string processing is common in web data analysis tasks, we develop a GPU-based string manipulation library. The operations in the library include strcmp, strcat, memset and so on. The APIs of these operations are consistent with those in C/C++ library on the CPU. The difference is that we use simple algorithms for these GPU-based string operations, since they usually handle small strings within a map or a reduce task. In addition, we use char4 to implement strings to optimize the memory performance.\nHashing. Hashing is used in the sort algorithm to store the results with the same key value consecutively. In that case, we do not need the results with the key values in their strict ascending/decreasing order. We use the hashing technique that hashes a key into a 32-bit integer, and we sort the records according to their hash values. When we compare two records, we first compare their hash values. Only when their hash values are the same, we fetch their keys and compare them. Given a good hash function, the probability of comparing the keys is low.\nFile manipulation. Currently, the GPU cannot directly access the data in the hard disk. Thus, we perform the file manipulation with the assistance of the CPU in three phases. First, we perform the file I/O on the CPU and load the file data into a buffer in the main memory. To reduce the I/O stall, we use multiple threads to perform the I/O task. Second, we perform the preprocessing on the buffered data and obtain the input key/value pairs. Finally, the input key/value pairs are copied to the GPU device memory."
    }, {
      "heading" : "4. EXPERIMENTAL EVALUATION",
      "text" : "In this section, we evaluate our GPU-based MapReduce framework in comparison with its CPU-based counterpart."
    }, {
      "heading" : "4.1 Experimental Setup",
      "text" : "Our experiments were performed on a PC with a G80 GPU and an Intel Core2 Quad processor running Linux Fedora 7.0. The hard drive is a 160G SATA magnetic hard disk. The GPU consists of 16 SIMD multi-processors, each of which has 8 processors running at 1.35GHz. In contrast, the CPU has four cores running at 2.4GHz. The main memory is 2GB, and the device memory of the GPU is 768MB. The GPU uses a PCI-E bus to transfer data be-\ntween the main memory and the device memory with a theoretical bandwidth of 4 GB/sec. Based on our measurements, the device memory of G80 achieves a bandwidth of around 69.2 GB/sec and 34.5 GB/sec with and without coalesced access optimization, respectively, whereas the quad-core CPU has 5.6 GB/sec.\nTo evaluate the efficiency of our framework, we compared Mars with Phoenix [27], the state-of-the-art MapReduce framework on multi-core CPUs. Phoenix uses Pthreads to implement its runtime system. In our experiment, the number of cores used in Phoenix is set to four, i.e., the number of cores in the CPU. Moreover, we have applied the design of Mars to the multi-core CPU and implemented a CPU-based Mars for comparison. The CPU-based Mars has the same APIs as its GPU-based counterparts. CUDA allows us to specify the function type of APIs using qualifier “__host__ __device__\" so that these APIs can be called in both the CPUand the GPU-based schemes. Compared with Phoenix, our CPUbased Mars inherits the lock-free design. We believe this design allows our system to scale well on future multi-core CPUs with many cores.\nFor Mars, the sort algorithm was the bitonic sort on the GPU [16]. We used the prefix sum implementation from the CUDA library [24].\nWe run each experiment for five times and report their average value.\nApplications. We have implemented six applications for web data analysis as benchmarks for the MapReduce framework. They represent core computations for different kinds of web data analysis such as web document searching (String Match and Inverted Index), web document processing (Similarity Score and Matrix Multiplication) and web log analysis (Page View Count and Page View Rank). The first two and the fourth applications are those used in the experiments of Phoenix [27]. The third and the fourth applications are common tasks in the web search [31]. The last two are the routines for analyzing the statistics on the web page accesses in www.sina.com.cn.\nTable 2 shows the description and the data sets used in our experiment for each application. We used three data sets for each application (S, M and L) to evaluate the scalability of the MapReduce framework. The values in the matrix or the vector are randomly generated float numbers. The web log entries are randomly generated. All these input data are stored as files in the hard disk.\nWe briefly describe how these applications are implemented using the MapReduce framework.\nString Match (SM): Each Map searches one line in the input\nfile to check whether the target string is in the line. Neither sort or the reduce stage is required.\nInverted Index (II): Each Map processes one line of HTML files. For each link it finds, it outputs an intermediate pair with the link as the key and the position as the value. Sort is required and no reduce stage is required.\nSimilarity Score (SS): It is used in web document clustering. The characteristics of a document are represented using a feature vector. Given two document features, a and b, the similarity score between these two documents is defined to be a· b| a|·| b| . SS computes the pair-wise similarity score for a set of documents. Each Map computes the similarity score for two documents. It outputs the intermediate pair of the score as the key and the pair of the two document IDs as the value. Sort is required and no reduce stage is required.\nMatrix Multiplication (MM): Matrix multiplication is widely applicable to analyze the relationship of two documents. Given two matrices M and N , each Map computes multiplication for a row from M and a column from N . It outputs the pair of the row ID and the column ID as the key and the corresponding result as the value. Neither sort or the reduce stage is required.\nPage View Count (PVC): A log entry is a 3-ary tuple <URL, IP , Cookie>, where URL is the URL of the accessed page; IP is the IP of the host accessing the page; Cookie is the cookie information generated when the page is accessed. This application has two executions of MapReduce. The first one removes the duplicate entries in the web logs. The second one counts the number of page views for each page. In the first MapReduce, each Map takes the pair of a log entry as the key and the size of the entry as value. The sort is to eliminate the redundancy in the web log. Specifically, if more than one log entries have the same information, we keep only one of them. The first MapReduce outputs the result pair of the log entry as key and the size of the line as value. It requires both sort and the reduce stage. The second MapReduce processes the key/value pairs generated from the first MapReduce. The Map outputs the URL as the key and the IP as the value. In the second MapReduce, sort is required and no reduce stage is required.\nPage View Rank (PVR): It finds the top ten URLs that are most frequently accessed. The Map takes the pair of the page access count as the key and the URL as the value, which is also the output of PVC. Sort is required and no reduce stage is required.\nIn summary, these applications have different characteristics. MM and SS are more computation intensive than other applications. PVC has two MapReduces whereas other applications have one. PVC has the reduce stage, while others do not.\nFinally, we show the size of the source code written by the developer using Mars and Phoenix in Table 3. The code size is measured in number of source code lines. Since our CPU-based MapReduce framework has the same implementation as its GPU-based counterpart, both implementations have the same code size. Programming with Mars uses our own string manipulation library while programming with Phoenix uses the standard string library in C/C++. In general, the application with Mars has a similar code size as that with Phoenix. The Map and Reduce functions in Mars are simpler than those in Phoenix. Thus, the code size by the developer with Mars may be shorter than that with Phoenix.\n4.2 Results on String Library\nFigure 4 shows the performance comparison of the string libraries in C/C++ and Mars, denoted as “CPU\" and “GPU\", respectively. The number of string operations is eight million. The average string length is 16. The string operations on the CPU are performed using multiple concurrent threads to exploit the multicore computation capability. The measurements on the GPU with accessing data using char and char4 are denoted as “non-opt\" and “opt\", respectively. The optimized GPU implementation achieves 2-9x speedup over the CPU implementation.\nDifferent string manipulations have different performance comparison between the CPU and the GPU. For the memory intensive operations such as strcpy, strcat and memset, the non-optimized GPU implementation can be slower than the CPU implementation. In contrast, the optimized GPU implementation is much faster than the CPU implementation with a speedup of 2.8-6.8x. For other three comparison-based operations, i.e., strcmp, strchr and strstr, the difference between the optimized and the non-optimized GPU implementation is small, because the memory optimization has little performance impact on these comparison-based operations."
    }, {
      "heading" : "4.3 Results on Mars",
      "text" : "Figure 5 shows the performance speedup of the optimized Mars over Phoenix with the data set size varied. Overall, Mars is around 1.5-16x faster than Phoenix when the data set is large. The speedup varies for the applications with different computation characteristics. For computation-intensive applications such as SS and MM, Mars is over 4x faster than Phoenix. For other simpler applications such as SM, Mars is slightly faster than Phoenix.\nWe next investigate the time breakdown of each application. In Figure 6, we divide the total execution time of a GPU-based application into four components including the time for file I/O, the map stage excluding the sort, the sort after the map and the reduce stage. Note, the measurement of the map stage includes the time for copying the input data into the device memory, and the measurement of the Reduce includes the time for copying the result back to the main memory. The I/O time is dominant for SM and II, and the computation time is insignificant compared with the I/O time. Advanced I/O mechanisms such as using a disk array may greatly improve the overall performance for these two applications. In contrast, the total time of GPU processing including Map, Sort and Reduce is dominant for the other four applications. When the Sort step is required for the applications such as SS, PVC and PVR, the Sort time is a large part of the total execution time. Improving the sorting performance will greatly improve the overall performance of these applications.\nIn the following, we present the results for the performance impact of the hashing, the coalesced accesses and using built-in vector types. Since we obtain similar results for different data sizes, we present the results for the large data sets only.\nWe study the three optimization techniques in order. We first study the performance impact of the coalesced access optimization, because it is orthogonal to the other two optimization techniques. The coalesced access optimization is mainly for the key array and the directory index, where tuples are of a fixed size. In contrast, the built-in vector type and hashing are for the value array with long or variable-sized tuples. Since hashing reduces the number of\naccesses to the value array, we evaluate the hashing technique before evaluating the built-in vector type optimization. Specifically, we evaluate the built-in vector type optimization at the presence of hashing and coalesced access to examine how much further improvement it makes.\nFigure 7 shows the performance speedup of coalesced accesses on the six applications. We define the performance speedup of an optimization technique to be the ratio of the elapsed time without the optimization technique to that with the optimization technique. The measurements were obtained without using built-in vector types or hashing. The coalesced access improves the memory bandwidth utilization, which yields a performance speedup of 1.2- 2.1x.\nFigure 8 shows performance speedup of the hashing technique for II and PVC, where hashing is applicable. We measured these numbers with coalesced access and without using the built-in vector. The hashing technique improves the overall performance by 1.4-4.1x. The performance improvement of the hashing technique on PVC is larger than that on II, because PVC has two invocations of MapReduce.\nFigure 9 shows the performance speedup of accessing data with built-in vector types on the GPU. The measurement is with both hashing and coalesced access optimizations. Using built-in vector types reduces the number of memory requests and improves the bandwidth utilization. It improves the overall performance by 1.09-2.15x. The performance speedup depends on the size of the data accessed in a task. For instance, the performance speedup for MM and PVC is high, because each Map in MM and PVC requires fetching long integer vectors and a web log entry, respectively, and the built-in vector greatly helps. In contrast, the speedup for the\nother applications is small, because fetching data using the built-in vector type is not frequent."
    }, {
      "heading" : "4.4 Results on Multi-Core CPU",
      "text" : "Finally, we investigate our design of Mars on the multi-core CPU. Figure 10 shows the performance speedup of Mars running on the CPU over Phoenix. The overall performance of our CPUbased implementation is comparable to or better than that of Phoenix. There are two possible reasons for this performance speedup. One is that applications written using Phoenix always have a reduce stage whereas ours may not have. The other reason is that Phoenix has lock overhead whereas ours does not. Specifically for II, our CPU-based implementation is 5.4x faster than Phoenix.\nFigure 11 shows the performance speedup of the GPU-based Mars over its CPU-based counterpart. The GPU-based MapReduce framework is up to 3.9x faster than its CPU-based counterpart."
    }, {
      "heading" : "5. CONCLUSION AND FUTURE WORK",
      "text" : "Graphics processors have emerged as a commodity platform for parallel computing. However, the developer requires the knowledge of the GPU architecture and much effort in developing GPU applications. Such difficulty is even more for complex and performancecentric tasks such as web data analysis. Since MapReduce has been successful in easing the development of web data analysis tasks, we propose a GPU-based MapReduce for these applications. With the GPU-based framework, the developer writes their code using the simple and familiar MapReduce interfaces. The runtime on the GPU is completely hidden from the developer by our framework. Moreover, our MapReduce framework yields up to 16 times per-\nformance improvement over the state-of-the-art CPU-based framework.\nWe are interested in extending our MapReduce framework in the following three ways:\n1. Mars currently handles data that can fit into the device memory. We plan to support massive data sets that are larger than the device memory.\n2. We plan to implement our MapReduce framework on AMD GPUs based on Brook+. It is an interesting study to investigate the similarities and differences of designing and implementing the MapReduce framework on AMD and NVIDIA GPUs.\n3. Since we have developed both the CPU- and the GPU-based MapReduce frameworks, we are studying coprocessing techniques between the CPU and the GPU to take advantage of both processors.\nThe code and documentation of our framework can be found at http://www.cse.ust.hk/gpuqp/."
    }, {
      "heading" : "Acknowledgments",
      "text" : "The authors thank the anonymous reviewers for their insightful suggestions. This work was supported by grant 616808 from the Hong Kong Research Grants Council."
    }, {
      "heading" : "6. REFERENCES",
      "text" : "[1] A. Ailamaki, N. K. Govindaraju, S. Harizopoulos, and\nD. Manocha. Query co-processing on commodity processors. In VLDB ’06: Proceedings of the 32nd international conference on Very large data bases, pages 1267–1267. VLDB Endowment, 2006.\n[2] AMD CTM. http://ati.amd.com/products/streamprocessor/, 2007.\n[3] Apache Hadoop. http://lucene.apache.org/hadoop/, 2006. [4] D. Blythe. The direct3d 10 system. ACM Trans. Graph.,\n25(3):724–734, 2006. [5] I. Buck, T. Foley, D. Horn, J. Sugerman, K. Fatahalian,\nM. Houston, and P. Hanrahan. Brook for gpus: stream computing on graphics hardware. ACM Trans. Graph., 23(3):777–786, 2004.\n[6] B. Catanzaro, N. Sundaram, and K. Keutzer. A map reduce framework for programming graphics processors. In Workshop on Software Tools for MultiCore Systems, 2008.\n[7] H. chih Yang, A. Dasdan, R.-L. Hsiao, and D. S. Parker. Map-reduce-merge: simplified relational data processing on large clusters. In SIGMOD ’07: Proceedings of the 2007 ACM SIGMOD international conference on Management of data, pages 1029–1040, New York, NY, USA, 2007. ACM.\n[8] C. Chu, S. Kim, Y. Lin, Y. Yu, G. Bradski, A. Y. Ng, and K. Olukotun. Map-reduce for machine learning on multicore. In NIPS ’07: Proceedings of Twenty-First Annual Conference on Neural Information Processing Systems. Neural Information Processing Systems Foundation, 2007.\n[9] J. Dean and S. Ghemawat. Mapreduce: simplified data processing on large clusters. Commun. ACM, 51(1):107–113, 2008.\n[10] J. Feng, S. Chakraborty, B. Schmidt, W. Liu, and U. D. Bordoloi. Fast schedulability analysis using commodity graphics hardware. 13th IEEE International Conference on Embedded and Real-Time Computing Systems and Applications, 2007.\n[11] Folding@home. http://www.scei.co.jp/folding, 2007. [12] N. Govindaraju, J. Gray, R. Kumar, and D. Manocha.\nGPUTeraSort: high performance graphics co-processor sorting for large database management. In SIGMOD ’06: Proceedings of the 2006 ACM SIGMOD international conference on Management of data, pages 325–336, New York, NY, USA, 2006. ACM.\n[13] N. Govindaraju, B. Lloyd, W. Wang, M. Lin, and D. Manocha. Fast computation of database operations using graphics processors. In SIGMOD ’04: Proceedings of the 2004 ACM SIGMOD international conference on Management of data, pages 215–226, New York, NY, USA, 2004. ACM.\n[14] M. Harris, J. Owens, S. Sengupta, Y. Zhang, and A. Davidson. Cudpp: Cuda data parallel primitives library. 2007.\n[15] B. He, N. K. Govindaraju, Q. Luo, and B. Smith. Efficient gather and scatter operations on graphics processors. In SC ’07: Proceedings of the 2007 ACM/IEEE conference on Supercomputing, pages 1–12, New York, NY, USA, 2007. ACM.\n[16] B. He, K. Yang, R. Fang, M. Lu, N. Govindaraju, Q. Luo, and P. Sander. Relational joins on graphics processors. In SIGMOD ’08: Proceedings of the 2008 ACM SIGMOD international conference on Management of data, pages 511–524, New York, NY, USA, 2008. ACM.\n[17] D. Horn. Lib GPU FFT, 2006. [18] C. Jiang and M. Snir. Automatic tuning matrix multiplication\nperformance on graphics hardware. In PACT ’05: Proceedings of the 14th International Conference on Parallel Architectures and Compilation Techniques, pages 185–196, Washington, DC, USA, 2005. IEEE Computer Society.\n[19] E. S. Larsen and D. McAllister. Fast matrix multiplies using graphics hardware. In Supercomputing ’01: Proceedings of the 2001 ACM/IEEE conference on Supercomputing (CDROM), pages 55–55, New York, NY, USA, 2001. ACM.\n[20] M. D. Linderman, J. D. Collins, H. Wang, and T. H. Meng. Merge: a programming model for heterogeneous multi-core systems. In ASPLOS XIII: Proceedings of the 13th international conference on Architectural support for programming languages and operating systems, pages 287–296, New York, NY, USA, 2008. ACM.\n[21] W. Liu, B. Schmidt, G. Voss, and W. Wittig. Streaming algorithms for biological sequence alignment on gpus. IEEE Transactions on Parallel and Distributed Systems, 18:1270–1281, 2007.\n[22] H. Nguyen. GPU gems 3. Addison-Wesley, 2008. [23] NVIDIA Corp. . CUDA Occupancy Calculator, 2007. [24] NVIDIA CUDA.\nhttp://developer.nvidia.com/object/cuda.html, 2007. [25] OpenGL. http://www.opengl.org/, 2007. [26] J. D. Owens, D. Luebke, N. Govindaraju, M. Harris,\nJ. Kruger, A. E. Lefohn, and T. J. Purcell. A survey of general-purpose computation on graphics hardware. Computer Graphics Forum, 26, 2007.\n[27] C. Ranger, R. Raghuraman, A. Penmetsa, G. Bradski, and C. Kozyrakis. Evaluating mapreduce for multi-core and multiprocessor systems. In HPCA ’07: Proceedings of the 2007 IEEE 13th International Symposium on High Performance Computer Architecture, pages 13–24, Washington, DC, USA, 2007. IEEE Computer Society.\n[28] S. Sengupta, M. Harris, Y. Zhang, and J. D. Owens. Scan primitives for gpu computing. In GH ’07: Proceedings of the 22nd ACM SIGGRAPH/EUROGRAPHICS symposium on Graphics hardware, pages 97–106, Aire-la-Ville, Switzerland, Switzerland, 2007. Eurographics Association.\n[29] SETI@home. http://setiathome.berkeley.edu/, 2007.\n[30] D. Tarditi, S. Puri, and J. Oglesby. Accelerator: using data parallelism to program gpus for general-purpose uses. SIGOPS Oper. Syst. Rev., 40(5):325–335, 2006.\n[31] R. Yates and B. Neto. Modern information retrieval. Addison Wesley, 1 edition, 1999."
    } ],
    "references" : [ {
      "title" : "Query co-processing on commodity processors",
      "author" : [ "A. Ailamaki", "N.K. Govindaraju", "S. Harizopoulos", "D. Manocha" ],
      "venue" : "VLDB ’06: Proceedings of the 32nd international conference on Very large data bases, pages 1267–1267. VLDB Endowment",
      "citeRegEx" : "1",
      "shortCiteRegEx" : null,
      "year" : 2006
    }, {
      "title" : "The direct3d 10 system",
      "author" : [ "D. Blythe" ],
      "venue" : "ACM Trans. Graph., 25(3):724–734",
      "citeRegEx" : "4",
      "shortCiteRegEx" : null,
      "year" : 2006
    }, {
      "title" : "Brook for gpus: stream computing on graphics hardware",
      "author" : [ "I. Buck", "T. Foley", "D. Horn", "J. Sugerman", "K. Fatahalian", "M. Houston", "P. Hanrahan" ],
      "venue" : "ACM Trans. Graph., 23(3):777–786",
      "citeRegEx" : "5",
      "shortCiteRegEx" : null,
      "year" : 2004
    }, {
      "title" : "A map reduce framework for programming graphics processors",
      "author" : [ "B. Catanzaro", "N. Sundaram", "K. Keutzer" ],
      "venue" : "Workshop on Software Tools for MultiCore Systems",
      "citeRegEx" : "6",
      "shortCiteRegEx" : null,
      "year" : 2008
    }, {
      "title" : "Map-reduce-merge: simplified relational data processing on large clusters",
      "author" : [ "H. chih Yang", "A. Dasdan", "R.-L. Hsiao", "D.S. Parker" ],
      "venue" : "Proceedings of the 2007 ACM SIGMOD international conference on Management of data,",
      "citeRegEx" : "7",
      "shortCiteRegEx" : "7",
      "year" : 2007
    }, {
      "title" : "Map-reduce for machine learning on multicore",
      "author" : [ "C. Chu", "S. Kim", "Y. Lin", "Y. Yu", "G. Bradski", "A.Y. Ng", "K. Olukotun" ],
      "venue" : "NIPS ’07: Proceedings of Twenty-First Annual Conference on Neural Information Processing Systems. Neural Information Processing Systems Foundation",
      "citeRegEx" : "8",
      "shortCiteRegEx" : null,
      "year" : 2007
    }, {
      "title" : "Mapreduce: simplified data processing on large clusters",
      "author" : [ "J. Dean", "S. Ghemawat" ],
      "venue" : "Commun. ACM, 51(1):107–113",
      "citeRegEx" : "9",
      "shortCiteRegEx" : null,
      "year" : 2008
    }, {
      "title" : "Fast schedulability analysis using commodity graphics hardware",
      "author" : [ "J. Feng", "S. Chakraborty", "B. Schmidt", "W. Liu", "U.D. Bordoloi" ],
      "venue" : "13th IEEE International Conference on Embedded and Real-Time Computing Systems and Applications",
      "citeRegEx" : "10",
      "shortCiteRegEx" : null,
      "year" : 2007
    }, {
      "title" : "GPUTeraSort: high performance graphics co-processor sorting for large database management",
      "author" : [ "N. Govindaraju", "J. Gray", "R. Kumar", "D. Manocha" ],
      "venue" : "SIGMOD ’06: Proceedings of the 2006 ACM SIGMOD international conference on Management of data, pages 325–336, New York, NY, USA",
      "citeRegEx" : "12",
      "shortCiteRegEx" : null,
      "year" : 2006
    }, {
      "title" : "Fast computation of database operations using graphics processors",
      "author" : [ "N. Govindaraju", "B. Lloyd", "W. Wang", "M. Lin", "D. Manocha" ],
      "venue" : "SIGMOD ’04: Proceedings of the 2004 ACM SIGMOD international conference on Management of data, pages 215–226, New York, NY, USA",
      "citeRegEx" : "13",
      "shortCiteRegEx" : null,
      "year" : 2004
    }, {
      "title" : "Cudpp: Cuda data parallel primitives library",
      "author" : [ "M. Harris", "J. Owens", "S. Sengupta", "Y. Zhang", "A. Davidson" ],
      "venue" : null,
      "citeRegEx" : "14",
      "shortCiteRegEx" : "14",
      "year" : 2007
    }, {
      "title" : "Efficient gather and scatter operations on graphics processors",
      "author" : [ "B. He", "N.K. Govindaraju", "Q. Luo", "B. Smith" ],
      "venue" : "SC ’07: Proceedings of the 2007 ACM/IEEE conference on Supercomputing, pages 1–12, New York, NY, USA",
      "citeRegEx" : "15",
      "shortCiteRegEx" : null,
      "year" : 2007
    }, {
      "title" : "Relational joins on graphics processors",
      "author" : [ "B. He", "K. Yang", "R. Fang", "M. Lu", "N. Govindaraju", "Q. Luo", "P. Sander" ],
      "venue" : "SIGMOD ’08: Proceedings of the 2008 ACM SIGMOD international conference on Management of data, pages 511–524, New York, NY, USA",
      "citeRegEx" : "16",
      "shortCiteRegEx" : null,
      "year" : 2008
    }, {
      "title" : "Automatic tuning matrix multiplication performance on graphics hardware",
      "author" : [ "C. Jiang", "M. Snir" ],
      "venue" : "PACT ’05: Proceedings of the 14th International Conference on Parallel Architectures and Compilation Techniques, pages 185–196, Washington, DC, USA",
      "citeRegEx" : "18",
      "shortCiteRegEx" : null,
      "year" : 2005
    }, {
      "title" : "Fast matrix multiplies using graphics hardware",
      "author" : [ "E.S. Larsen", "D. McAllister" ],
      "venue" : "Supercomputing ’01: Proceedings of the 2001 ACM/IEEE conference on Supercomputing (CDROM), pages 55–55, New York, NY, USA",
      "citeRegEx" : "19",
      "shortCiteRegEx" : null,
      "year" : 2001
    }, {
      "title" : "Merge: a programming model for heterogeneous multi-core systems",
      "author" : [ "M.D. Linderman", "J.D. Collins", "H. Wang", "T.H. Meng" ],
      "venue" : "ASPLOS XIII: Proceedings of the 13th international conference on Architectural support for programming languages and operating systems, pages 287–296, New York, NY, USA",
      "citeRegEx" : "20",
      "shortCiteRegEx" : null,
      "year" : 2008
    }, {
      "title" : "Streaming algorithms for biological sequence alignment on gpus",
      "author" : [ "W. Liu", "B. Schmidt", "G. Voss", "W. Wittig" ],
      "venue" : "IEEE Transactions on Parallel and Distributed Systems, 18:1270–1281",
      "citeRegEx" : "21",
      "shortCiteRegEx" : null,
      "year" : 2007
    }, {
      "title" : "GPU gems 3",
      "author" : [ "H. Nguyen" ],
      "venue" : "Addison-Wesley",
      "citeRegEx" : "22",
      "shortCiteRegEx" : null,
      "year" : 2008
    }, {
      "title" : "A survey of general-purpose computation on graphics hardware",
      "author" : [ "J.D. Owens", "D. Luebke", "N. Govindaraju", "M. Harris", "J. Kruger", "A.E. Lefohn", "T.J. Purcell" ],
      "venue" : "Computer Graphics Forum, 26",
      "citeRegEx" : "26",
      "shortCiteRegEx" : null,
      "year" : 2007
    }, {
      "title" : "Evaluating mapreduce for multi-core and multiprocessor systems",
      "author" : [ "C. Ranger", "R. Raghuraman", "A. Penmetsa", "G. Bradski", "C. Kozyrakis" ],
      "venue" : "HPCA ’07: Proceedings of the 2007 IEEE 13th International Symposium on High Performance Computer Architecture, pages 13–24, Washington, DC, USA",
      "citeRegEx" : "27",
      "shortCiteRegEx" : null,
      "year" : 2007
    }, {
      "title" : "Scan primitives for gpu computing",
      "author" : [ "S. Sengupta", "M. Harris", "Y. Zhang", "J.D. Owens" ],
      "venue" : "GH ’07: Proceedings of the 22nd ACM SIGGRAPH/EUROGRAPHICS symposium on Graphics hardware, pages 97–106, Aire-la-Ville, Switzerland, Switzerland",
      "citeRegEx" : "28",
      "shortCiteRegEx" : null,
      "year" : 2007
    }, {
      "title" : "Accelerator: using data parallelism to program gpus for general-purpose uses",
      "author" : [ "D. Tarditi", "S. Puri", "J. Oglesby" ],
      "venue" : "SIGOPS Oper. Syst. Rev., 40(5):325–335",
      "citeRegEx" : "30",
      "shortCiteRegEx" : null,
      "year" : 2006
    }, {
      "title" : "Modern information retrieval",
      "author" : [ "R. Yates", "B. Neto" ],
      "venue" : "Addison Wesley, 1 edition",
      "citeRegEx" : "31",
      "shortCiteRegEx" : null,
      "year" : 1999
    } ],
    "referenceMentions" : [ {
      "referenceID" : 6,
      "context" : "tasks in day-to-day operations and the vast amount of data, high performance is essential [9].",
      "startOffset" : 90,
      "endOffset" : 93
    }, {
      "referenceID" : 6,
      "context" : "The MapReduce framework is a successful paradigm to support such data processing applications [9].",
      "startOffset" : 94,
      "endOffset" : 97
    }, {
      "referenceID" : 6,
      "context" : "The MapReduce runtime will automatically distribute and execute the task on multiple machines [9] or multiple processors in a single machine [27].",
      "startOffset" : 94,
      "endOffset" : 97
    }, {
      "referenceID" : 19,
      "context" : "The MapReduce runtime will automatically distribute and execute the task on multiple machines [9] or multiple processors in a single machine [27].",
      "startOffset" : 141,
      "endOffset" : 145
    }, {
      "referenceID" : 0,
      "context" : "GPUs can be regarded as massively parallel processors with 10x faster computation and 10x higher memory bandwidth than CPUs [1].",
      "startOffset" : 124,
      "endOffset" : 127
    }, {
      "referenceID" : 19,
      "context" : "We implemented these tasks using Mars as well as using Phoenix [27], the state-of-the-art MapReduce framework for multi-core CPUs.",
      "startOffset" : 63,
      "endOffset" : 67
    }, {
      "referenceID" : 0,
      "context" : "grammability, GPUs have become an attractive co-processor for general purpose computing [1].",
      "startOffset" : 88,
      "endOffset" : 91
    }, {
      "referenceID" : 17,
      "context" : "For more details on the GPU and its programming techniques, we refer the reader to a recent book edited by Nguyen [22].",
      "startOffset" : 114,
      "endOffset" : 118
    }, {
      "referenceID" : 12,
      "context" : "Following the previous work [16, 28], we model the GPU as a many-core processor, as shown in Figure 1.",
      "startOffset" : 28,
      "endOffset" : 36
    }, {
      "referenceID" : 20,
      "context" : "Following the previous work [16, 28], we model the GPU as a many-core processor, as shown in Figure 1.",
      "startOffset" : 28,
      "endOffset" : 36
    }, {
      "referenceID" : 13,
      "context" : "GPGPU has recently emerged in various applications, such as FFT [17], matrix operations [18, 19], embedded system design [10], bioinformatics [21], databases [12, 13, 16], and distributed computing projects including Folding@home [11] and Seti@home [29].",
      "startOffset" : 88,
      "endOffset" : 96
    }, {
      "referenceID" : 14,
      "context" : "GPGPU has recently emerged in various applications, such as FFT [17], matrix operations [18, 19], embedded system design [10], bioinformatics [21], databases [12, 13, 16], and distributed computing projects including Folding@home [11] and Seti@home [29].",
      "startOffset" : 88,
      "endOffset" : 96
    }, {
      "referenceID" : 7,
      "context" : "GPGPU has recently emerged in various applications, such as FFT [17], matrix operations [18, 19], embedded system design [10], bioinformatics [21], databases [12, 13, 16], and distributed computing projects including Folding@home [11] and Seti@home [29].",
      "startOffset" : 121,
      "endOffset" : 125
    }, {
      "referenceID" : 16,
      "context" : "GPGPU has recently emerged in various applications, such as FFT [17], matrix operations [18, 19], embedded system design [10], bioinformatics [21], databases [12, 13, 16], and distributed computing projects including Folding@home [11] and Seti@home [29].",
      "startOffset" : 142,
      "endOffset" : 146
    }, {
      "referenceID" : 8,
      "context" : "GPGPU has recently emerged in various applications, such as FFT [17], matrix operations [18, 19], embedded system design [10], bioinformatics [21], databases [12, 13, 16], and distributed computing projects including Folding@home [11] and Seti@home [29].",
      "startOffset" : 158,
      "endOffset" : 170
    }, {
      "referenceID" : 9,
      "context" : "GPGPU has recently emerged in various applications, such as FFT [17], matrix operations [18, 19], embedded system design [10], bioinformatics [21], databases [12, 13, 16], and distributed computing projects including Folding@home [11] and Seti@home [29].",
      "startOffset" : 158,
      "endOffset" : 170
    }, {
      "referenceID" : 12,
      "context" : "GPGPU has recently emerged in various applications, such as FFT [17], matrix operations [18, 19], embedded system design [10], bioinformatics [21], databases [12, 13, 16], and distributed computing projects including Folding@home [11] and Seti@home [29].",
      "startOffset" : 158,
      "endOffset" : 170
    }, {
      "referenceID" : 1,
      "context" : "Previously, GPGPU developers used graphics APIs such as OpenGL [25] and DirectX [4] to map applications to the graphics rendering mechanism.",
      "startOffset" : 80,
      "endOffset" : 83
    }, {
      "referenceID" : 21,
      "context" : "High-level programming frameworks such as Accelerator [30] and Brook [5] are also developed to better facilitate GPGPU programming.",
      "startOffset" : 54,
      "endOffset" : 58
    }, {
      "referenceID" : 2,
      "context" : "High-level programming frameworks such as Accelerator [30] and Brook [5] are also developed to better facilitate GPGPU programming.",
      "startOffset" : 69,
      "endOffset" : 72
    }, {
      "referenceID" : 8,
      "context" : "[12] presented novel GPU-based algorithms for the bitonic sort.",
      "startOffset" : 0,
      "endOffset" : 4
    }, {
      "referenceID" : 20,
      "context" : "[28] proposed the segmented scan primitive.",
      "startOffset" : 0,
      "endOffset" : 4
    }, {
      "referenceID" : 11,
      "context" : "[15] proposed a multi-pass scheme to optimize the scatter and the gather operations.",
      "startOffset" : 0,
      "endOffset" : 4
    }, {
      "referenceID" : 12,
      "context" : "[16] further developed a small set of primitives such as prefix sum and split as basic constructs for query processing algorithms in relational databases.",
      "startOffset" : 0,
      "endOffset" : 4
    }, {
      "referenceID" : 10,
      "context" : "Additionally, CUDPP [14], a CUDA library of data parallel primitives, was released for GPGPU computing.",
      "startOffset" : 20,
      "endOffset" : 24
    }, {
      "referenceID" : 6,
      "context" : "The MapReduce framework [9] is based on two primitives, Map and Reduce, from functional programming.",
      "startOffset" : 24,
      "endOffset" : 27
    }, {
      "referenceID" : 6,
      "context" : "This program counts the number of occurrences of each word in a collection of documents [9].",
      "startOffset" : 88,
      "endOffset" : 91
    }, {
      "referenceID" : 19,
      "context" : "Phoenix [27] is an efficient implementation on multi-core CPUs.",
      "startOffset" : 8,
      "endOffset" : 12
    }, {
      "referenceID" : 5,
      "context" : "[8] applied MapReduce to ten machine learning algorithms on a multi-core CPU.",
      "startOffset" : 0,
      "endOffset" : 3
    }, {
      "referenceID" : 4,
      "context" : "[7] added the merge operation to MapReduce for relational databases.",
      "startOffset" : 0,
      "endOffset" : 3
    }, {
      "referenceID" : 3,
      "context" : "[6] proposed a MapReduce framework on the GPU, but it requires the developer to be aware of GPU programming details such as the thread configura-",
      "startOffset" : 0,
      "endOffset" : 3
    }, {
      "referenceID" : 15,
      "context" : "[20] proposed the Merge framework for dynamically scheduling MapReduce tasks among heterogenous processors.",
      "startOffset" : 0,
      "endOffset" : 4
    }, {
      "referenceID" : 19,
      "context" : "Overall, the APIs in Mars are similar to those in the existing MapReduce frameworks such as Hadoop [3] and Phoenix [27].",
      "startOffset" : 115,
      "endOffset" : 119
    }, {
      "referenceID" : 6,
      "context" : "[9, 27], Mars has two major simplifications due to the limitation of the GPU.",
      "startOffset" : 0,
      "endOffset" : 7
    }, {
      "referenceID" : 19,
      "context" : "[9, 27], Mars has two major simplifications due to the limitation of the GPU.",
      "startOffset" : 0,
      "endOffset" : 7
    }, {
      "referenceID" : 12,
      "context" : "adopt the previous lock-free output scheme of relational joins [16] and implement a two-step output scheme for the map and the reduce stages.",
      "startOffset" : 63,
      "endOffset" : 67
    }, {
      "referenceID" : 19,
      "context" : "To evaluate the efficiency of our framework, we compared Mars with Phoenix [27], the state-of-the-art MapReduce framework on multi-core CPUs.",
      "startOffset" : 75,
      "endOffset" : 79
    }, {
      "referenceID" : 12,
      "context" : "For Mars, the sort algorithm was the bitonic sort on the GPU [16].",
      "startOffset" : 61,
      "endOffset" : 65
    }, {
      "referenceID" : 19,
      "context" : "The first two and the fourth applications are those used in the experiments of Phoenix [27].",
      "startOffset" : 87,
      "endOffset" : 91
    }, {
      "referenceID" : 22,
      "context" : "The third and the fourth applications are common tasks in the web search [31].",
      "startOffset" : 73,
      "endOffset" : 77
    } ],
    "year" : 2008,
    "abstractText" : "We design and implement Mars, a MapReduce framework, on graphics processors (GPUs). MapReduce is a distributed programming framework originally proposed by Google for the ease of development of web search applications on a large number of commodity CPUs. Compared with CPUs, GPUs have an order of magnitude higher computation power and memory bandwidth, but are harder to program since their architectures are designed as a special-purpose co-processor and their programming interfaces are typically for graphics applications. As the first attempt to harness GPU’s power for MapReduce, we developed Mars on an NVIDIA G80 GPU, which contains over one hundred processors, and evaluated it in comparison with Phoenix, the state-of-the-art MapReduce framework on multi-core CPUs. Mars hides the programming complexity of the GPU behind the simple and familiar MapReduce interface. It is up to 16 times faster than its CPU-based counterpart for six common web applications on a quad-core machine.",
    "creator" : "dvips(k) 5.96 Copyright 2005 Radical Eye Software"
  }
}