{
  "name" : "ieee_5649519.pdf",
  "metadata" : {
    "source" : "CRF",
    "title" : "Fidelity and Scaling of the PARSEC Benchmark Inputs",
    "authors" : [ "Christian Bienia", "Kai Li" ],
    "emails" : [ ],
    "sections" : [ {
      "heading" : "I. INTRODUCTION",
      "text" : "Computer architects need detailed simulations for their microarchitecture designs. However, simulators are typically many orders of magnitude slower than a real machine. Running a set of benchmark applications with realistic inputs on a simulator will far exceed the design time limits, even using thousands of computers. To reduce the number of simulated instructions of a benchmark, a commonly used method is to take a subset of the instructions with statistical sampling, which requires a sophisticated mechanism in the simulator [4], [5], [20], [25]. Another method is to reduce the size of the input for a benchmark [14], [22]. Reduced inputs are easy to use with any simulator, but there is no systematic framework for scaling input sets in a continuous way. Furthermore, there is a lack of understanding of the tradeoffs between accuracy and cost involved when reducing inputs for a given benchmark. We believe a good benchmark suite should provide users with inputs of multiple levels of fidelity, scaling from realistic inputs for execution on real machines down to small inputs for detailed simulations. The key question is how to scale such inputs for a benchmark so that its execution with a scaleddown input produces meaningful performance predictions for computer architects. This paper presents a framework for the input-scaling problem of a benchmark. We view scaled inputs as approximations of the original, full-sized inputs. As the inputs are scaled down, the benchmark becomes increasingly inaccurate. The question of how to create many derivatives of real inputs with varying size and accuracy motivates the following optimization problem: Given a time budget, what is the optimal selection of inputs for a set of benchmark programs? We will show that this optimization problem is the classical multiple-choice knapsack problem (MCKP), which is NP-hard. The formulation of the problem allows us to derive the general guidelines for designing multiple inputs with different levels of fidelity for a benchmark suite. The paper proposes the methodology and implementation of scaled inputs for the Princeton Application Repository for Shared-Memory Computers (PARSEC) [3]. The PARSEC benchmark suite is designed to represent emerging workloads. The current release (version 2.1) consists of 13 multithreaded programs in computer vision, video encoding, physical modeling, financial analytics, content-based search, and data dedu-\nplication. We have used the methodology to design six sets of inputs with different levels of fidelity. The first version of PARSEC was released only two years ago. It has been well adopted by the computer architecture community to evaluate multicore designs and multiprocessor systems. To evaluate the impact of input scaling, we have defined a measure called approximation error. Using this measure, we have analyzed several input sets of PARSEC and shown which reduced inputs are more likely to distort the original characteristics of the PARSEC benchmarks. We furthermore analytically derive a scope for each input which defines the range of architectures for which the input can be expected to be reasonably accurate. Such results are helpful for PARSEC users to understand the implications when creating customized inputs for their simulation time budgets. This paper makes several contributions. First, it presents a novel methodology to analyze how scaled inputs affect the accuracy of a benchmark suite. Second, it formulates the input selection problem for a benchmark as an optimization problem that maximizes the accuracy of a benchmark subject to a time constraint. Third, it describes how the PARSEC inputs have been scaled and shows which parts of the inputs are more likely to distort the original program characteristics. More importantly, it discusses in which situations small input sets might produce highly misleading program behavior. Finally, the paper provides guidelines for users to create their own customized input sets for PARSEC."
    }, {
      "heading" : "A. Optimal Input Selection",
      "text" : "Input scaling can be used to create a continuum of approximations of a real-world input set with decreasing fidelity and instruction count. This allows benchmark users to trade benefit in the form of benchmarking accuracy for lower benchmarking cost as measured by execution or simulation time. This motivates the question what the optimal combination of inputs from a given selection of input approximations is that maximizes the accuracy of the benchmark subject to a time budget. If the time budget is fixed and an optimal solution is desired, the problem assumes the structure of the multiple-choice knapsack problem (MCKP), which is a version of the binary knapsack problem with the addition of disjoint multiple-choice constraints [15], [21]. For a given selection of m benchmark programs with disjoint sets of inputs Ni, i = 1, . . . ,m, we will refer to the approximation error of each respective input j ∈ Ni with the variable ai j ! 0. If we define a solution variable xi j ∈ {0,1} for each input that specifies whether an input has been selected then we can formally define the goal of the optimization problem as follows:\nmin m\n∑ i=1 ∑ j∈Ni ai jxi j (1)\nThe solution of the problem is the set of all xi j that describes which inputs are optimal to take. If we refer to the time each input takes to execute with ti j ! 0 and to the total amount of time available for benchmark runs with T ! 0 then we can describe which solutions are acceptable as follows:\nm\n∑ i=1 ∑ j∈Ni ti jxi j \" T (2)\nLastly, we need to state that exactly one input must be selected for each benchmark program and that we do not allow partial or negative inputs:\n∑ j∈Ni xi j = 1 i= 1, . . . ,m (3a)\nxi j ∈ {0,1} j ∈ Ni, i= 1, . . . ,m (3b)\nMCKP is an NP-hard problem, but it can be solved in pseudopolynomial time through dynamic programming [6], [19]. The most efficient algorithms currently known first solve the linear version of MCKP (LMCKP) that is obtained if the integrality constraint xi j ∈ {0,1} is relaxed to 0 \" xi j \" 1. LMCKP is a variant of of the fractional knapsack problem and can be solved in O(n) time by a greedy algorithm. The initial feasible solution that is obtained that way is used as a starting point to solve the more restrictive MCKP version of the problem with a dynamic programming approach. It keeps refining the current solution in an enumerative fashion by adding new classes until an optimal solution has been found. Such an algorithm can solve even very large data instances within a fraction of a second in practice, as long as the input data is not strongly correlated [19]."
    }, {
      "heading" : "B. Scaling Model",
      "text" : "The most common way to express the asymptotic runtime behavior of a program is to use a function of a single parameter N, which is the total size of the input. This is too simplistic for realworld programs, which usually have inputs that are described by several parameters, each of which may significantly affect the behavior of the programs. This section presents a simple scaling model for reasoning about the effect of input parameters on program behavior. In our simple model, we group the inputs of a program into two components: the linear component and the complex component. The linear component includes the parts that have a linear effect on the execution time of the program such as streamed data or the number of iterations of the outermost loop of the workload. The complex component includes the remaining parts of the input which can have any effect on the program. For example, a fully defined input for a program that operates on a video would be composed of a complex part that determines how exactly to process each frame and a linear part that determines how many frames to process. Our motivation for this distinction is twofold: First, realworld workloads frequently apply complex computational steps which are difficult to analyze in a repetitive fashion that is easy to count and analyze. Second, the two components have different qualitative scaling characteristics because the complex\ninput part often has to remain in a fairly narrow range whereas the linear component can often be chosen rather freely. In the example of the video processing program, the complex input part determining the work for each single frame is limited by the algorithms that are available and need to be within the range of video frame sizes that make sense in practice, which means there is a tight upper bound on the number of processing steps as well as lower and upper bounds on the frame resolution that make sense. These bounds significantly limit the scaling range, and the possible choice among different algorithms make this part of the input difficult to analyze. The number of frames, however, is unconstrained and can practically reach any number. These two components of an input affect the input scaling behavior of the program in different ways, as summarized in Figure 1. The impact of the complex input parts is typically highly dependent on the workload so that few general guidelines can be given. It is common that the asymptotic runtime of the program increases superlinearly but its memory requirements often grow only linearly because most programs only keep the input data in a parsed but essentially unmodified form in memory. This property makes it hard to scale an input using its complex components without skewing it. Complex scaling almost always reduces working set sizes. The linear input components typically do not affect the memory requirements or working set sizes of the program that much because they involve a form of repetition of previous steps. Their strong and direct impact on the execution time of the program make them suitable for input size scaling. Usually, there is no upper limit for linear input scaling, but reducing the input to the point where it includes few if any repetitions can often result in strong scaling artifacts because the individual steps are not exactly the same or not completely independent from each other. For example, if a program takes the output of its previous iteration as the input for its next iteration, it usually results in significant communication between threads. The underlying communication patterns may vary significantly from one iteration to the next. In this case, the number of repetitions included in the input must be large enough to stabilize what type of tasks the program performs on average."
    }, {
      "heading" : "III. PARSEC INPUTS",
      "text" : "This section describes the inputs of PARSEC and how they are scaled. PARSEC offers six input sets. Each set contains exactly one fully defined input for each PARSEC benchmark. An input is composed of all input files required by the program and a predetermined way to invoke the binary. Input sets can be distinguished by the amount of work their inputs contain. This determines what an input set can be used for. Table I gives an overview of the six PARSEC input sets ordered in ascending order by the allowed time budget. The native input set is the closest approximations to realistic inputs, even though it is not authoritative. Only benchmarks\nwith real-world programs using real-world inputs are authoritative [12]. Smaller input sets can be considered increasingly inaccurate approximations of real-world inputs. Users of the benchmark suite should therefore generally use the largest input set possible. The smallest input set which we consider acceptable for at least some performance experiments is simsmall."
    }, {
      "heading" : "A. Scaling of PARSEC Inputs",
      "text" : "PARSEC inputs predominantly use linear input scaling to achieve the large size reduction from real inputs to native and simlarge and a combination of linear and complex scaling to derive the simmedium and simsmall input sets from simlarge. For that reason the differences between real inputs, native and simlarge should be relatively small. The input sets simdev and test were created in a completely different way and should not be used for performance experiments at all. The various inputs suitable for performance measurements are summarized in Table II. Most parts of the complex input components are identical between the input sets simlarge and native. In seven cases at least one part of the complex input component is not identical between the two input sets: Canneal, ferret, fluidanimate, freqmine, raytrace, streamcluster and x264 all have at least one input component that exhibits complex scaling behavior which might affect the program noticeably. However, only in the case of streamcluster could we measure a noticeable and strong impact of that property on the program characteristics. This is because there is a direct, linear relationship between the working set of the program and the selected block size, which can be freely chosen as part of the input and which has also been scaled between input sets. For simlarge the working set corresponding to the block size is 8 MB, which means a working set size between 64 MB and 128 MB can be expected for the native input. In all other cases we expect the differences between simlarge and native to be negligible on contemporary machines. Blackscholes, dedup, swaptions and vips all break their input into small chunks which are processed one after another. Their inputs are the easiest to scale and generally should show little variation. In the case of blackscholes and dedup some impact on the working set sizes should be expected because each input unit can be accessed more than once by the program. The most difficult inputs to scale are the ones of freqmine. They exhibit no linear component, which means that any form of input scaling might alter the characteristics of the workload significantly. Moreover, freqmine parses and stores its input data internally as a frequent-pattern tree (FP-tree) that will be mined during program execution. An FP-tree is a compressed form of the transaction database that can be traversed in multiple ways. This makes the program behavior highly dependent on the exact properties of the input data, which might further amplify the problem.\nThe complex input components of the facesim inputs have not been scaled at all. Doing so would require generating a new face mesh, which is a challenging process. Significant reductions of the mesh resolution can also cause numerical instabilities. The three simulation inputs of facesim are therefore identical and should be considered as belonging to the simlarge input set.\nBesides freqmine three more programs significantly alter their behavior depending on the data received. Dedup builds a database of all unique chunks that are encountered in the input stream. Less redundancy in the input stream will cause larger working sets. Raytrace follows the path of light rays through a scene. Small alterations of the scene or the movement of the camera might cause noticeable changes of the execution or working set sizes. However, in natural scenes with realistic camera movement this effect is likely to be small if the number of light rays is sufficiently large because their fluctuations will average out due to the law of large numbers. Finally, x264 uses\na significantly larger frame size for its native input. Just like vips the program breaks an input frame into smaller chunks of fixed size and processes them one at a time. However, x264must keep some frames in memory after they have been processed because it references them to encode subsequent frames. This property increases working set sizes and the amount of shared data with the frame size and is the reason why we classify the image resolution of the input as a complex input component."
    }, {
      "heading" : "B. General Scaling Artifacts",
      "text" : "One common scaling artifact caused by linear input scaling is an exaggerated warmup effect because the startup cost has to be amortized within a shorter amount of time. Furthermore, the serial startup and shutdown phases of the program will also appear inflated in relation to the parallel phase. This is an inevitable consequence if workloads are to use inputs with working sets comparable real-world inputs but with a significantly reduced execution time - the programs will have\nto initialize and write back a comparable amount of data but will do less work with it. Consequently, all characteristics will be skewed towards the initialization and shutdown phases. In particular the maximum achievable speedup is limited due to Amdahl’s Law if the whole execution of the program is taken into consideration. It is important to remember that this does not reflect real program behavior. The skew should be compensated for by either excluding the serial initialization and shutdown phases and limiting all measurements to the Region-of-Interest (ROI) of the program, which was defined to include only the representative parallel phase, or by measuring the phases of the program separately and manually weighing them correctly. We believe it is safe to assume that the serial initialization and shutdown phases are negligible in the real inputs, which allows us to completely ignore them for experiments. Benchmark users who do not wish to correct measurements in such a way should limit themselves to the native input set, which is a much more realistic description of real program behavior that exhibits these scaling artifacts to a much lesser extent."
    }, {
      "heading" : "C. Scope of PARSEC Inputs",
      "text" : "In this section we will briefly describe what the constraints of the PARSEC simulation inputs are and under which circumstances we can expect to see additional, noticeable scaling artifacts. The most severe limitations are the amount of parallelism and the size of the working sets. The PARSEC simulation inputs were scaled for machines with up to 64 cores and with up to tens of megabytes of cache. These limitations define the scope of these inputs, with smaller inputs having even tighter bounds. If the inputs are used beyond these restrictions noticeable scaling artifacts such as idle CPUs caused by limited parallelism must be expected. The native input set should be suitable for machines far exceeding these limitations.\nReducing the size of an input requires a reduction of the amount of work contained in it which typically affects the amount of parallelism in the input. We have summarized the number of work units in each simulation input set in Table III. This is an upper bound on the number of cores that the input can stress simultaneously. Workloads with noticeably low amounts of work units are bodytrack, ferret, freqmine, swaptions and x264. Ferret processes image queries in parallel, which means that the number of queries in the input limits the amount of cores\nit can use. This can be as little as 16 for simsmall. The amount of parallelism in the simulation input sets of swaptions is comparable. The smallest work unit for the program is a single swaption, only 16 of which are contained in simsmall. X264 uses coarse-grain parallelism that assigns whole frames to individual threads. The number of possible cores the program can use is thus restricted to the number of images in the input, which is only eight in the case of simsmall. The number of work units that vips can simultaneously process is technically limited to the cumulative size of the output buffers, which can be noticeable on larger CMPs. This limitation has been removed in later versions of vips and will probably disappear in the next version of PARSEC. The amount of parallelism contained in the bodytrack inputs is limited by a vertical image pass during the image processing phase. It was not artificially introduced by scaling, real-world inputs exhibit the same limitation. It is therefore valid to use the simulation inputs on CMPs with more cores than the given limit. The upper bound introduced by input scaling is given by the number of particles, which is nearly two orders of magnitude larger. The natural limitation of parallelism during the image processing phase should only become noticeable on CMPs with hundreds of cores because image processing takes up only a minor part of the total execution time. The bound on parallelism for canneal and fluidanimate is probabilistic and fluctuates during runtime. It is guaranteed to be lower than the one given in Table III but should always be high enough even for extremely large CMPs. Input scaling can also have a noticeable effect on the working sets of a workload and some reduction should be expected in most cases. However, the impact is significant in the cases of ‘unbounded’ workloads [3], which are canneal, dedup, ferret, freqmine and raytrace. A workload is unbounded if it has the qualitative property that its demand for memory and thus working sets is not limited in practice. It should therefore never fully fit into a conventional cache. Any type of input that requires less than all of main memory must be considered scaled down. For example, raytrace moves a virtual camera through a scene which is then visualized on the screen. Scenes can reach any size, and given enough time each part of it can be displayed multiple times and thus create significant reuse. This means the entire scene forms a single, large working set which can easily reach a size of many gigabytes. A scaled-down working set should generally not fit into a cache unless its unscaled equivalent would also fit. Unfortunately larger working sets also affect program behavior on machines with smaller caches because the miss rate for a given cache keeps growing with the working set if the cache cannot fully contain it. We therefore do not give exact bounds on cache sizes as we did with parallelism, an impact on cache miss rates must be expected for all cache sizes. Instead we will account for this effect by including the cache behavior for a range of cache sizes in the aproximation error.\nIV. VALIDATION OF PARSEC INPUTS\nThis section addresses the issue of accuracy of smaller input sets. We will first describe our methodology and then report the approximation error of the input sets relative to the entire PARSEC benchmark suite."
    }, {
      "heading" : "A. Methodology",
      "text" : "An ideal benchmark suite should consist of a diverse selection of representative real-world programs with realistic inputs. As described in Section II, an optimal selection of inputs should minimize the deviation of the program behavior for a target time\nlimit while maintaining the diversity of the entire benchmark suite. Thus, analyzing and quantifying program behavior is the fundamental challenge in measuring differences between benchmarks and their inputs. We view program behavior as an abstract, high-dimensional feature space of potentially unlimited size. It manifests itself in a specific way such that it can be measured in the form of characteristics when the program is executed on a given architecture. We can think of this process as taking samples from the behavior space at specific points defined by a particular architecture-characteristic pair. Given enough samples an image of the program behavior emerges. We chose a set of characteristics and measured them for the PARSEC simulation inputs on a particular architecture. We then processed the data with Principal Component Analysis (PCA) to automatically eliminate highly correlated data. The result is a description of the program and input behavior that is free of redundancy. We define approximation error as the dissimilarity between different inputs for the same program, as mentioned in Section II. One can measure it by computing the pairwise distances of the data points in PCA space. We will use approximation error as the basic unit to measure how accurate a scaled input is for its program. To visualize the approximation error of all benchmark inputs we use a dendrogram which shows the similarity or dissimilarity of the various inputs with respect to each other. This methodology to analyze program characteristics is the common method for similarity analysis, but its application to analyze approximation errors is new. Measuring characteristics on an ideal architecture is frequently used to focus on program properties that are inherent to the algorithm implementation and not the architecture [2], [3], [24]. PCA and hierarchical clustering have been in use for years as an objective way to quantify similarity [9], [10], [13], [18], [23]. 1) Program Characteristics: For our analysis of the program behavior we chose a total of 73 characteristics that were measured for each of the 39 simulation inputs of PARSEC 2.1, yielding a total of 2,847 sample values that were considered. Our study focuses on the parallel behavior of the multithreaded programs relevant for studies of CMPs. The characteristics we chose encode information about the instruction mix, working sets and sharing behavior of each program as follows:\n• Instruction Mix 25 characteristics that describe the breakdown of instruction types relative to the total amount of instructions executed by the program • Working Sets 8 characteristics encoding the working set sizes of the program by giving the miss rate for different cache sizes • Sharing 40 characteristics describing how many lines of the total cache are shared and how intensely the program reads or writes shared data\nThe working set and sharing characteristics were measured for a total of 8 different cache sizes ranging from 1 MBytes to 128 MBytes to include information about a range of possible cache architectures. This approach guarantees that unusual changes in the data reuse behavior due to varying cache sizes or input scaling are captured by the data. The range of cache sizes that we considered has been limited to realistic sizes to make sure that the results of our analysis will not be skewed towards unrealistic architectures. 2) Experimental Setup: To collect the characteristics of the input sets we simulate an ideal machine that can complete all\ninstructions within one cycle using Simics. We chose an ideal machine architecture because we are interested in properties inherent to the program, not in characteristics of the underlying architecture. The binaries which we used are the official precompiled PARSEC 2.1 binaries that are publicly available on the PARSEC website. The compiler used to generate the precompiled binaries was gcc 4.4.0. We simulated an 8-way CMP with a single cache hierarchy level that is shared between all threads. The cache is 4-way associative with 64 byte lines. The capacity of the cache was varied from 1 MB to 128 MB to obtain information about the working set sizes with the corresponding sharing behavior. Only the Region-of-Interest (ROI) of the workloads was characterized. 3) Principal Component Analysis: Principal Component Analysis (PCA) is a mathematical method to transform a number of possibly correlated input vectors into a smaller number of uncorrelated vectors. These uncorrelated vectors are called the principal components (PC). We employ PCA in our analysis because PCA is considered the simplest way to reveal the variance of high-dimensional data in a low dimensional form. To compute the principal components of the program characteristics, the data is first mean-centered and normalized so it is comparable with each other. PCA is then used to reduce the number of dimensions of the data. The resulting principal components have decreasing variance, with the first PC containing the most amount of information and the last one containing the least amount. We use the Kaiser’s Criterion to eliminate PCs which do not contain any significant amount of information in an objective way. Only the top PCs with eigenvalues greater than one are kept, which means that the resulting data is guaranteed to be uncorrelated but to still contain most of the original information. 4) Approximation Error: All PARSEC inputs are scaleddown versions of a single real-world input, which means the more similar an inputs is to a bigger reference input for the same program the smaller is its approximation error. After the data has been cleaned up with PCA, this similarity between any two PARSEC inputs can be measured in a straightforward manner by calculating the Euclidean distance (or L2) between them. Inputs with similar characteristics can furthermore be grouped into increasingly bigger clusters with hierarchical clustering. This method assigns each input set to an initial cluster. It then merges the two most similar clusters repeatedly until all input sets are contained in a single cluster. The resulting structure can be visualized with a dendrogram. Inputs which merge early in the dendrogram are very similar. The later inputs merge the more dissimilar they are. Inputs for the same workload which preserve its characteristics with respect to other programs in the suite should fully merge before they join with inputs from any other benchmarks. Ideally all inputs for the same workload form their own complete clusters early on before they merge with clusters formed by inputs of any other workloads. 5) Limitations: We express all approximation errors relative to simlarge, the largest simulation input. While it would be interesting to know how simlarge compares to native or even real-world inputs, this information is of limited practical value because it is infeasible to use even bigger inputs for most computer architecture studies. For the most part, benchmark users are stuck with inputs of fairly limited size no matter how big their approximation error is. Time constraints also limit the scope of this study because we believe the more detailed behavior space exploration which becomes possible with simulation\nis more important than a more accurate reference point which would be feasible with experiments on real machines.\nB. Validation Results\nWe studied the chosen characteristics of the inputs with PCA. The results of this comparison are summarized by the dendrogram in Figure 2. The dendrogram shows that the inputs of most workloads form their own, complete clusters before they merge with inputs of other programs. That means that the inputs preserve the characteristics of the program with respect to the rest of the suite. These workloads are dedup, canneal, vips, x264, freqmine, fluidanimate, bodytrack, swaptions and facesim. The inputs for the benchmarks blackscholes, raytrace, streamcluster and ferret merge with clusters formed by inputs of other programs before they can form their own, complete cluster. This indicates that the input scaling process skewed the inputs in a way that made the region in the characteristics space that corresponds to the workload overlap with the characteristics space of a different benchmark. This is somewhat less of an issue for ferret, which simply overlaps with fluidanimate before its inputs can fully merge. However, three inputs belonging to the simsmall input set merge significantly later than all other inputs. These are the simsmall inputs for blackscholes, raytrace and streamcluster. This indicates that these inputs not only start to be atypical for their workloads, they even become atypical for the entire suite. It is important to emphasize that this increase in diversity is not desirable because it is an artificial byproduct of input scaling which does not represent real-world program behavior. In the case of streamcluster the working sets change significantly as its inputs are scaled, as we explained in the last section. It is also worth mentioning which inputs merge late. While forming their own clusters first, the inputs within the clusters for dedup, canneal, x264 and freqmine have a distance to each other in the dendrogram which is larger than half of the maximum distance observed between any data points for the entire suite. In these cases there is still a significant amount of difference between inputs for the same workload, even though the inputs as a whole remain characteristic for their program. The same data is also presented in Figure 3. It shows directly what the distances between the three simulation inputs for each workload are without considering other inputs that might be in the same region of the PCA space. The figure shows the approximation error ai j of the simulation inputs, which is simply the distance from simlarge in our case. We have explained that we chose simlarge as our reference point because it typically is the best input that is feasible to use for microarchitectural simulations. It is worth mentioning that the data in Figure 3 follows the triangle inequality - the cumulative distance from simsmall to simmedium and then from simmedium to simlarge is never less than the distance from simsmall to simlarge. The figure shows that the inputs for bodytrack, dedup, facesim, fluidanimate, swaptions and vips have an approximation error that is below average, which means they have a high degree of fidelity. This list includes nearly all benchmarks whose inputs could be scaled with linear input scaling. The inputs with the highest fidelity are the ones for facesim. This is not surprising considering that the simulation inputs for that workload have not been scaled at all and are, in fact, identical. The small differences between the inputs that can be observed are caused by background activity on the simulated machine. The inputs for blackscholes, canneal and freqmine have a very high approximation error. These are workloads where\nlinear input scaling has a direct effect on their working sets or which are very difficult to scale. V. INPUT SET SELECTION PARSEC is one of few benchmark suites which offers multiple scaled-down input versions for each workload that were derived from a single real-world input. This requires users to select appropriate inputs for their simulation study. This section discusses how to make this decision in practice. As mentioned in Section II-A, designing or selecting an input set is an optimization problem which has the structure of the classical multiple-choice knapsack problem. In practice, the simulation time budget T is often somewhat flexible. Thus, we can simplify the problem to the fractional knapsack problem, for which a simple greedy heuristic based on the benefit-cost ratio (BCR) leads to the optimal solution. With this approach we first determine the optimal order in which to select the inputs, then we implicitly size the simulation time budget so that there is no need to take fractional inputs. We furthermore express the input selection problem as a selection of upgrades over simsmall to prevent the pathological case where the greedy heuristic chooses no input at all for a given benchmark program. The cost in our case is the increase in instructions, which is a reasonable approximation of simulation time. The task of the greedy algorithms is thus to maximize error reduction relative to the increase of instructions for each input upgrade over simsmall. More formally, the benefit-cost ratio of upgrading from input k to input l of benchmark i is BCRi(k, l) =− ail−aik til−tik . We use the negative value because the metric is derived from the reduction of the approximation error, which is a positive benefit. The values for the variables aik are simply the distances of the respective inputs from the corresponding reference inputs of the simlarge input set, which we give in Figure 3. The values for the cost tik can be measured directly by executing the workloads with the desired inputs and counting the instructions. We show all relevant BCRs in Figure 4. As can be expected, the data shows diminishing returns for upgrading to a more accurate input set: Making the step from simsmall to simmedium is always more beneficial than making the step from simmedium to simlarge.\nAs can be seen from the data, if simulation cost is considered there are three obvious candidates which are interesting for an upgrade: Using simmedium instead of simsmall is highly attractive for the workloads blackscholes, canneal and raytrace. The benchmarks blackscholes and canneal are furthermore interesting for another upgrade to the simlarge inputs, raytrace to a much lesser extent. The next tier of workloads with an attractive BCR is formed by bodytrack, dedup, ferret, fluidanimate, streamcluster and swaptions. These workloads also show an increased benefit-cost ratio for an upgrade from simsmall to simmedium. An interesting fact is that it is more attractive to upgrade blackscholes, canneal and raytrace to simlarge first before upgrading any other inputs to simmedium. This is primarily due to the fact that the inputs for these programs contain significantly fewer instructions than those of the other benchmarks. Benchmark users should furthermore verify that all selected inputs are used within their scope as defined in Section III-C. If this is not the case it might be necessary to create custom benchmark inputs, which we discuss in the next section."
    }, {
      "heading" : "VI. CUSTOMIZING INPUT SETS",
      "text" : "The input sets of the PARSEC release are scaled for a wide range of evaluation or simulation cases. However, for specific purposes one may want to consider designing their own input sets based on the methodology proposed in this paper. This section presents a guideline for customizing inputs for more parallelism, larger working sets or higher communication intensity."
    }, {
      "heading" : "A. More Parallelism",
      "text" : "The amount of work units available in an input can typically be directly controlled with the linear component of the input. In almost all cases, the amount of parallelism can be increased significantly so that enough concurrency is provided by the input to allow the workload to stress CMPs with hundreds of cores. However, it is important to remember that the amount of work units contained in an input are at best only potential parallelism. It is likely that not all workloads will be able to scale well to processors with hundreds of cores. We describe some technical limitations in Section III-C."
    }, {
      "heading" : "B. Larger Working Sets",
      "text" : "It is straightforward to create massive working sets with PARSEC. The standard input sets already provide fairly big working sets, but as mentioned in Section III, linear input scaling was used to aggressively reduce the input sizes of the simulation inputs. This can significantly reduce working set sizes if the outer-most loop has a direct impact on the amount of data that will be reused, which is especially true for benchmarks with unbounded working sets. The general approach to obtain a larger working set with a PARSEC program is to first use complex input scaling to increase the amount of data that the program keeps in memory and then guaranteeing enough reuse of the data by linear input scaling. Our experience shows that it is easy to underestimate the impact of increasing working set sizes on execution time. It is known that program execution time grows at least linearly with the program’s memory requirements because each item in memory has to be touched at least once. However, most programs use algorithms with complexities higher than linear, which means increasing problem sizes may lead to a prohibitively long execution time. For example, increasing the working set size of an algorithm which runs in O(N logN) time and requires O(N) memory by a factor of eight will result in a 24-fold increase of execution time. If the simulation of this workload took originally two weeks, it would now take nearly a full year for a single run - more than most researchers are willing to wait."
    }, {
      "heading" : "C. Higher Communication Intensity",
      "text" : "The most common approach to increase communication intensity is to reduce the size of the work units for threads while keeping the total amount of work constant. For example, the communication intensity of fluidanimate can be increased by reducing the volume of a cell because communication between threads happens at the borders between cells. However, this is not always possible in a straightforward manner because the size of a work unit might be determined by the parallel algorithm or it might be hardwired in the program so that it cannot be chosen easily. The communication intensity is limited in nearly all lockbased parallel programs. Communication among threads requires synchronization, which is already an expensive operation by itself that can quickly become a bottleneck for the achievable speedup. Programs with high communication intensity are typically limited by a combination of synchronization overhead, lock contention or load imbalance, which means that parallel programs have to be written with the goal to reduce communication to acceptable levels. The PARSEC benchmarks are no exception to this rule."
    }, {
      "heading" : "VII. RELATED WORK",
      "text" : "Closely related work falls into three categories [26]: reduced inputs, truncated execution, and sampling. A popular method to reduce the number of simulated instructions of a benchmark is called reduced inputs. The test and train input sets of the SPEC CPU2006 benchmark suite are sometimes used as a reduced version of its authoritative ref input set. MinneSPEC [14] and SPEClite [22] are two alternative input sets for the SPEC CPU2000 suite that provide reduced inputs suitable for simulation. Our work goes beyond previous work by proposing a framework and employing a continuous scaling method to create multiple inputs suitable for performance studies with varying degrees of fidelity and simulation cost.\nTruncated execution takes a single block of instructions for simulation, typically from the beginning (or close to the beginning) of the program. This method has been shown to be inaccurate [26]. Sampling is a statistical simulation method that provides an alternative to reduced inputs. It selects small subsets of an instruction stream for detailed simulation [4], [5], [20], [25]. These sampling methods choose brief instruction sequences either randomly or based on some form of behavior analysis. This can happen either offline or during simulation via fast forwarding. Statistically sampled simulation can be efficient and accurate [26], but it requires a sophisticated mechanism built into simulators. The importance of limiting simulation cost while preserving accuracy has motivated studies that compare sampling with reduced inputs. Haskins et al. concluded that both approaches have their uses [11]. Eeckhout et al. showed that which method was superior depended on the benchmark [7]. Finally, Yi et al. concluded that sampling should generally be preferred over reduced inputs [26]. These comparisons however did not consider that the accuracy of either method is a function of the input size. Our work provides the framework to allow benchmark users to decide for themselves how much accuracy they are willing to give up for faster simulations. Another approach is statistical simulation [8], [16], [17]. The fundamental concept of statistical simulation is to generate a new, synthetic instruction stream from a benchmark program with the same statistical properties and characteristics. These statistical properties have to be derived by first simulating a workload in sufficient detail. The statistical image obtained that way is then fed to a random instruction trace generator which drives the statistical simulator."
    }, {
      "heading" : "VIII. CONCLUSIONS",
      "text" : "We have developed a framework to scale input sets for a benchmark suite. Our approach considers that benchmark inputs are approximations of real-world inputs that have varying degrees of fidelity and cost. By employing concepts of mathematical approximation theory and scientific modeling we have provided the methodology to allow benchmark creators and users to reason about the inherent accuracy and cost tradeoffs in a systematic way. We have shown that the problem of choosing the best input size for a benchmark can be solved in an optimal way by expressing it as the multiple-choice knapsack optimization problem. The inputs can then be selected by standard algorithms so that benchmarking accuracy is maximized for a given time budget. For practical situations the problem can be further simplified so that it can be solved optimally with a simple greedy heuristic. We have quantified the approximation errors of multiple scaled input sets of the PARSEC benchmark suite and have suggested a sequence of input upgrades for users to achieve higher simulation accuracies for their simulation time budgets. We have also analyzed the constraints of the PARSEC simulation inputs to provide users with the scope of architectures for which the inputs exhibit reasonably accurate behavior. We have also given guidelines for users to create their own input sets for PARSEC benchmark programs with a scope more fitting for their specific simulation purpose. The proposed scaling model is used to categorize the various input parameters of the PARSEC benchmarks, which gives users a better understanding of the input creation process and its impact on program behavior."
    } ],
    "references" : [ {
      "title" : "The Scientific Method of Choosing Model Fidelity",
      "author" : [ "M.P. Bailey", "W.G. Kemple" ],
      "venue" : "In Proceedings of the 24th Conference on Winter Simulation,",
      "citeRegEx" : "1",
      "shortCiteRegEx" : "1",
      "year" : 1992
    }, {
      "title" : "PARSEC vs. SPLASH-2: A Quantitative Comparison of Two Multithreaded Benchmark Suites on Chip- Multiprocessors",
      "author" : [ "C. Bienia", "S. Kumar", "K. Li" ],
      "venue" : "In Proceedings of the 2008 International Symposium on Workload Characterization,",
      "citeRegEx" : "2",
      "shortCiteRegEx" : "2",
      "year" : 2008
    }, {
      "title" : "The PARSEC Benchmark Suite: Characterization and Architectural Implications",
      "author" : [ "C. Bienia", "S. Kumar", "J.P. Singh", "K. Li" ],
      "venue" : "In Proceedings of the 17th International Conference on Parallel Architectures and Compilation Techniques,",
      "citeRegEx" : "3",
      "shortCiteRegEx" : "3",
      "year" : 2008
    }, {
      "title" : "Reverse State Reconstruction for Sampled Microarchitectural Simulation",
      "author" : [ "P.D. Bryan", "M.C. Rosier", "T.M. Conte" ],
      "venue" : "International Symmposium on Performance Analysis of Systems and Software,",
      "citeRegEx" : "4",
      "shortCiteRegEx" : "4",
      "year" : 2007
    }, {
      "title" : "Reducing State Loss For Effective Trace Sampling of Superscalar Processors",
      "author" : [ "T. Conte", "M. Ann", "H. Kishore", "N. Menezes" ],
      "venue" : "In Proceedings of the 1996 International Conference on Computer Design ,",
      "citeRegEx" : "5",
      "shortCiteRegEx" : "5",
      "year" : 1996
    }, {
      "title" : "Exact Methods for the Knapsack Problem and its Generalizations",
      "author" : [ "K. Dudzinski", "S. Walukiewicz" ],
      "venue" : "European Journal of Operations Research,",
      "citeRegEx" : "6",
      "shortCiteRegEx" : "6",
      "year" : 1987
    }, {
      "title" : "Selecting a Reduced but Representative Workload. In Middleware Benchmarking: Approaches, Results, Experiences",
      "author" : [ "L. Eeckhout", "A. Georges", "K.D. Bosschere" ],
      "venue" : "OOSPLA workshop,",
      "citeRegEx" : "7",
      "shortCiteRegEx" : "7",
      "year" : 2003
    }, {
      "title" : "Statistical Simulation: Adding Efficiency to the Computer Designer’s Toolbox",
      "author" : [ "L. Eeckhout", "S. Nussbaum", "J.E. Smith", "K.D. Bosschere" ],
      "venue" : "IEEE Micro,",
      "citeRegEx" : "8",
      "shortCiteRegEx" : "8",
      "year" : 2003
    }, {
      "title" : "Quantifying the Impact of Input Data Sets on Program Behavior and its Applications",
      "author" : [ "L. Eeckhout", "H. Vandierendonck", "K.D. Bosschere" ],
      "venue" : "Journal of Instruction-Level Parallelism,",
      "citeRegEx" : "9",
      "shortCiteRegEx" : "9",
      "year" : 2003
    }, {
      "title" : "SPEC as a Performance Evaluation Measure",
      "author" : [ "R. Giladi", "N. Ahituv" ],
      "venue" : null,
      "citeRegEx" : "10",
      "shortCiteRegEx" : "10",
      "year" : 1995
    }, {
      "title" : "Techniques for Accurate, Accelerated Processor Simulation: Analysis of Reduced Inputs and Sampling",
      "author" : [ "J. Haskins", "K. Skadron", "A. KleinOsowski", "D.J. Lilja" ],
      "venue" : "Technical report,",
      "citeRegEx" : "11",
      "shortCiteRegEx" : "11",
      "year" : 2002
    }, {
      "title" : "Computer Architecture: A Quantitative Approach",
      "author" : [ "J.L. Hennessy", "D.A. Patterson" ],
      "venue" : null,
      "citeRegEx" : "12",
      "shortCiteRegEx" : "12",
      "year" : 2003
    }, {
      "title" : "Measuring Benchmark Similarity Using Inherent Program Characteristics",
      "author" : [ "A. Joshi", "A. Phansalkar", "L. Eeckhout", "L.K. John" ],
      "venue" : "IEEE Transactions on Computers,",
      "citeRegEx" : "13",
      "shortCiteRegEx" : "13",
      "year" : 1995
    }, {
      "title" : "MinneSPEC: A New SPEC Benchmark Workload for Simulation-Based Computer Architecture Research",
      "author" : [ "A. KleinOsowski", "D.J. Lilja" ],
      "venue" : "Computer Architecture Letters,",
      "citeRegEx" : "14",
      "shortCiteRegEx" : "14",
      "year" : 2002
    }, {
      "title" : "The 0-1 Knapsack Problem with Multiple-Choice Constraints",
      "author" : [ "R.M. Nauss" ],
      "venue" : "European Journal of Operations Research,",
      "citeRegEx" : "15",
      "shortCiteRegEx" : "15",
      "year" : 1978
    }, {
      "title" : "Modeling Superscalar Processors via Statistical Simulation",
      "author" : [ "S. Nussbaum", "J.E. Smith" ],
      "venue" : "In Proceedings of the 2001 International Conference on Parallel Architectures and Compilation Techniques,",
      "citeRegEx" : "16",
      "shortCiteRegEx" : "16",
      "year" : 2001
    }, {
      "title" : "Statistical Simulation of Symmetric Multiprocessor Systems",
      "author" : [ "S. Nussbaum", "J.E. Smith" ],
      "venue" : "In Proceedings of the 35th Annual Simulation Symposium,",
      "citeRegEx" : "17",
      "shortCiteRegEx" : "17",
      "year" : 2002
    }, {
      "title" : "Analysis of Redundancy and Application Balance in the SPEC CPU2006 Benchmark Suite",
      "author" : [ "A. Phansalkar", "A. Joshi", "L.K. John" ],
      "venue" : "Proceedings of the 34th Annual International Symposium on Computer Architecture,",
      "citeRegEx" : "18",
      "shortCiteRegEx" : "18",
      "year" : 2007
    }, {
      "title" : "A Minimal Algorithm for the Multiple-Choice Knapsack Problem",
      "author" : [ "D. Pisinger" ],
      "venue" : "European Journal of Operational Research,",
      "citeRegEx" : "19",
      "shortCiteRegEx" : "19",
      "year" : 1994
    }, {
      "title" : "Automatically Characterizing Large-Scale Program Behavior",
      "author" : [ "T. Sherwood", "E. Perelman", "G. Hamerly", "B. Calder" ],
      "venue" : "In Proceedings of the 10th International Conference on Architectural Support for Programming Languages and Operating Systems,",
      "citeRegEx" : "20",
      "shortCiteRegEx" : "20",
      "year" : 2002
    }, {
      "title" : "The Multiple-Choice Knapsack Problem",
      "author" : [ "P. Sinha", "A.A. Zoltners" ],
      "venue" : "Operations Research,",
      "citeRegEx" : "21",
      "shortCiteRegEx" : "21",
      "year" : 1979
    }, {
      "title" : "SPEClite: Using Representative Samples to Reduce SPEC CPU2000 Workload",
      "author" : [ "R. Todi" ],
      "venue" : "In Proceedings of the 2001 IEEE International Workshop of Workload Characterization,",
      "citeRegEx" : "22",
      "shortCiteRegEx" : "22",
      "year" : 2001
    }, {
      "title" : "Many Benchmarks Stress the Same Bottlenecks",
      "author" : [ "H. Vandierendonck", "K. De Bosschere" ],
      "venue" : "In Workshop on Computer Architecture Evaluation Using Commercial Workloads,",
      "citeRegEx" : "23",
      "shortCiteRegEx" : "23",
      "year" : 2004
    }, {
      "title" : "The SPLASH-2 Programs: Characterization and Methodological Considerations",
      "author" : [ "S.C. Woo", "M. Ohara", "E. Torrie", "J.P. Singh", "A. Gupta" ],
      "venue" : "In Proceedings of the 22nd International Symposium on Computer Architecture,",
      "citeRegEx" : "24",
      "shortCiteRegEx" : "24",
      "year" : 1995
    }, {
      "title" : "SMARTS: Accelerating Microarchitecture Simulation via Rigorous Statistical Sampling",
      "author" : [ "R.E. Wunderlich", "T.F. Wenisch", "B. Falsafi", "J.C. Hoe" ],
      "venue" : "In Proceedings of the 30th Annual International Symposium on Computer Architecture,",
      "citeRegEx" : "25",
      "shortCiteRegEx" : "25",
      "year" : 2003
    }, {
      "title" : "Characterizing and Comparing Prevailing Simulation Techniques",
      "author" : [ "J.J. Yi", "S.V. Kodakara", "R. Sendag", "D.J. Lilja", "D.M. Hawkins" ],
      "venue" : "In Proceedings of the 11th International Symposium on High-Performance Computer Architecture,",
      "citeRegEx" : "26",
      "shortCiteRegEx" : "26",
      "year" : 2005
    } ],
    "referenceMentions" : [ {
      "referenceID" : 3,
      "context" : "To reduce the number of simulated instructions of a benchmark, a commonly used method is to take a subset of the instructions with statistical sampling, which requires a sophisticated mechanism in the simulator [4], [5], [20], [25].",
      "startOffset" : 211,
      "endOffset" : 214
    }, {
      "referenceID" : 4,
      "context" : "To reduce the number of simulated instructions of a benchmark, a commonly used method is to take a subset of the instructions with statistical sampling, which requires a sophisticated mechanism in the simulator [4], [5], [20], [25].",
      "startOffset" : 216,
      "endOffset" : 219
    }, {
      "referenceID" : 19,
      "context" : "To reduce the number of simulated instructions of a benchmark, a commonly used method is to take a subset of the instructions with statistical sampling, which requires a sophisticated mechanism in the simulator [4], [5], [20], [25].",
      "startOffset" : 221,
      "endOffset" : 225
    }, {
      "referenceID" : 24,
      "context" : "To reduce the number of simulated instructions of a benchmark, a commonly used method is to take a subset of the instructions with statistical sampling, which requires a sophisticated mechanism in the simulator [4], [5], [20], [25].",
      "startOffset" : 227,
      "endOffset" : 231
    }, {
      "referenceID" : 13,
      "context" : "Another method is to reduce the size of the input for a benchmark [14], [22].",
      "startOffset" : 66,
      "endOffset" : 70
    }, {
      "referenceID" : 21,
      "context" : "Another method is to reduce the size of the input for a benchmark [14], [22].",
      "startOffset" : 72,
      "endOffset" : 76
    }, {
      "referenceID" : 2,
      "context" : "The paper proposes the methodology and implementation of scaled inputs for the Princeton Application Repository for Shared-Memory Computers (PARSEC) [3].",
      "startOffset" : 149,
      "endOffset" : 152
    }, {
      "referenceID" : 0,
      "context" : "Our concepts and definitions follow the terms commonly used in the fields of mathematical approximation theory and scientific modeling [1].",
      "startOffset" : 135,
      "endOffset" : 138
    }, {
      "referenceID" : 14,
      "context" : "If the time budget is fixed and an optimal solution is desired, the problem assumes the structure of the multiple-choice knapsack problem (MCKP), which is a version of the binary knapsack problem with the addition of disjoint multiple-choice constraints [15], [21].",
      "startOffset" : 254,
      "endOffset" : 258
    }, {
      "referenceID" : 20,
      "context" : "If the time budget is fixed and an optimal solution is desired, the problem assumes the structure of the multiple-choice knapsack problem (MCKP), which is a version of the binary knapsack problem with the addition of disjoint multiple-choice constraints [15], [21].",
      "startOffset" : 260,
      "endOffset" : 264
    }, {
      "referenceID" : 5,
      "context" : ",m (3b) MCKP is an NP-hard problem, but it can be solved in pseudopolynomial time through dynamic programming [6], [19].",
      "startOffset" : 110,
      "endOffset" : 113
    }, {
      "referenceID" : 18,
      "context" : ",m (3b) MCKP is an NP-hard problem, but it can be solved in pseudopolynomial time through dynamic programming [6], [19].",
      "startOffset" : 115,
      "endOffset" : 119
    }, {
      "referenceID" : 18,
      "context" : "Such an algorithm can solve even very large data instances within a fraction of a second in practice, as long as the input data is not strongly correlated [19].",
      "startOffset" : 155,
      "endOffset" : 159
    }, {
      "referenceID" : 11,
      "context" : "Only benchmarks with real-world programs using real-world inputs are authoritative [12].",
      "startOffset" : 83,
      "endOffset" : 87
    }, {
      "referenceID" : 2,
      "context" : "However, the impact is significant in the cases of ‘unbounded’ workloads [3], which are canneal, dedup,",
      "startOffset" : 73,
      "endOffset" : 76
    }, {
      "referenceID" : 1,
      "context" : "Measuring characteristics on an ideal architecture is frequently used to focus on program properties that are inherent to the algorithm implementation and not the architecture [2], [3], [24].",
      "startOffset" : 176,
      "endOffset" : 179
    }, {
      "referenceID" : 2,
      "context" : "Measuring characteristics on an ideal architecture is frequently used to focus on program properties that are inherent to the algorithm implementation and not the architecture [2], [3], [24].",
      "startOffset" : 181,
      "endOffset" : 184
    }, {
      "referenceID" : 23,
      "context" : "Measuring characteristics on an ideal architecture is frequently used to focus on program properties that are inherent to the algorithm implementation and not the architecture [2], [3], [24].",
      "startOffset" : 186,
      "endOffset" : 190
    }, {
      "referenceID" : 8,
      "context" : "PCA and hierarchical clustering have been in use for years as an objective way to quantify similarity [9], [10], [13], [18], [23].",
      "startOffset" : 102,
      "endOffset" : 105
    }, {
      "referenceID" : 9,
      "context" : "PCA and hierarchical clustering have been in use for years as an objective way to quantify similarity [9], [10], [13], [18], [23].",
      "startOffset" : 107,
      "endOffset" : 111
    }, {
      "referenceID" : 12,
      "context" : "PCA and hierarchical clustering have been in use for years as an objective way to quantify similarity [9], [10], [13], [18], [23].",
      "startOffset" : 113,
      "endOffset" : 117
    }, {
      "referenceID" : 17,
      "context" : "PCA and hierarchical clustering have been in use for years as an objective way to quantify similarity [9], [10], [13], [18], [23].",
      "startOffset" : 119,
      "endOffset" : 123
    }, {
      "referenceID" : 22,
      "context" : "PCA and hierarchical clustering have been in use for years as an objective way to quantify similarity [9], [10], [13], [18], [23].",
      "startOffset" : 125,
      "endOffset" : 129
    }, {
      "referenceID" : 25,
      "context" : "Closely related work falls into three categories [26]: reduced inputs, truncated execution, and sampling.",
      "startOffset" : 49,
      "endOffset" : 53
    }, {
      "referenceID" : 13,
      "context" : "MinneSPEC [14] and SPEClite [22] are two",
      "startOffset" : 10,
      "endOffset" : 14
    }, {
      "referenceID" : 21,
      "context" : "MinneSPEC [14] and SPEClite [22] are two",
      "startOffset" : 28,
      "endOffset" : 32
    }, {
      "referenceID" : 25,
      "context" : "This method has been shown to be inaccurate [26].",
      "startOffset" : 44,
      "endOffset" : 48
    }, {
      "referenceID" : 3,
      "context" : "It selects small subsets of an instruction stream for detailed simulation [4], [5], [20], [25].",
      "startOffset" : 74,
      "endOffset" : 77
    }, {
      "referenceID" : 4,
      "context" : "It selects small subsets of an instruction stream for detailed simulation [4], [5], [20], [25].",
      "startOffset" : 79,
      "endOffset" : 82
    }, {
      "referenceID" : 19,
      "context" : "It selects small subsets of an instruction stream for detailed simulation [4], [5], [20], [25].",
      "startOffset" : 84,
      "endOffset" : 88
    }, {
      "referenceID" : 24,
      "context" : "It selects small subsets of an instruction stream for detailed simulation [4], [5], [20], [25].",
      "startOffset" : 90,
      "endOffset" : 94
    }, {
      "referenceID" : 25,
      "context" : "Statistically sampled simulation can be efficient and accurate [26], but it requires a sophisticated mechanism built into simulators.",
      "startOffset" : 63,
      "endOffset" : 67
    }, {
      "referenceID" : 10,
      "context" : "concluded that both approaches have their uses [11].",
      "startOffset" : 47,
      "endOffset" : 51
    }, {
      "referenceID" : 6,
      "context" : "showed that which method was superior depended on the benchmark [7].",
      "startOffset" : 64,
      "endOffset" : 67
    }, {
      "referenceID" : 25,
      "context" : "concluded that sampling should generally be preferred over reduced inputs [26].",
      "startOffset" : 74,
      "endOffset" : 78
    }, {
      "referenceID" : 7,
      "context" : "Another approach is statistical simulation [8], [16], [17].",
      "startOffset" : 43,
      "endOffset" : 46
    }, {
      "referenceID" : 15,
      "context" : "Another approach is statistical simulation [8], [16], [17].",
      "startOffset" : 48,
      "endOffset" : 52
    }, {
      "referenceID" : 16,
      "context" : "Another approach is statistical simulation [8], [16], [17].",
      "startOffset" : 54,
      "endOffset" : 58
    } ],
    "year" : 2010,
    "abstractText" : "A good benchmark suite should provide users with inputs that have multiple levels of fidelity for different use cases such as running on real machines, register level simulations, or gate-level simulations. Although input reduction has been explored in the past, there is a lack of understanding how to systematically scale input sets for a benchmark suite. This paper presents a framework that takes the novel view that benchmark inputs should be considered approximations of their original, full-sized inputs. It formulates the input selection problem for a benchmark as an optimization problem that maximizes the accuracy of the benchmark subject to a time constraint. The paper demonstrates how to use the proposed methodology to create several simulation input sets for the PARSEC benchmarks and how to quantify and measure their approximation error. The paper also shows which parts of the inputs are more likely to distort their original characteristics. Finally, the paper provides guidelines for users to create their own customized input sets.",
    "creator" : null
  }
}