{
  "name" : "ieee_7013051.pdf",
  "metadata" : {
    "source" : "META",
    "title" : "Fast Sparse Matrix-Vector Multiplication on GPUs for Graph Applications",
    "authors" : [ "Arash Ashari", "Naser Sedaghati", "John Eisenlohr", "Srinivasan Parthasarathy", "P. Sadayappan" ],
    "emails" : [ "ashari@cse.ohio-state.edu", "sedaghat@cse.ohio-state.edu", "eisenloh@cse.ohio-state.edu", "srini@cse.ohio-state.edu", "saday@cse.ohio-state.edu" ],
    "sections" : [ {
      "heading" : "I. INTRODUCTION",
      "text" : "In the last decade, there has been a significant increase in the use of many-core throughput-oriented architectures in scientific computing and data analytics. In particular, with the emergence of GPU APIs such as OpenCL [16] and CUDA [19] [8], scientists and analysts from a broad range of disciplines have begun to leverage GPUs. For instance, Sparse MatrixVector Multiplication (SpMV), a core kernel that finds use in a host of scientific [11] and graph analytic [28] domains, has received much attention within the community.\nGPUs are very well suited for dense matrix computations, but several challenges are faced in achieving high performance for sparse matrix computations. In the case of SpMV (y = y + Ax), the sparsity and irregularity of the matrix A raises multiple challenges: a) irregular and non-coalesced accesses to both matrix A and vector x, b) load imbalance among threads and warps, and c) thread divergence at the warp level.\nA number of efforts [1], [4], [5], [18], [27], [28] have sought to address these challenges. The well-maintained highperformance libraries, cuSPARSE [10] and CUSP [4], [5], [9], are two of the most widely-used CUDA libraries and support different sparse matrix formats (e.g. Diagonal (DIA),\nELLPACK (ELL), Compressed Sparse Row (CSR), Coordinate (COO), and Hybrid (HYB), which combines ELL and COO). The representation of the sparse matrix affects the performance of SpMV on GPUs, but none of the above formats is consistently superior. The best performing representation depends on the structure of non-zero elements in the matrix.\nCSR is the most compact format for unstructured sparse matrices, and is the predominantly used representation for sequential and parallel computing on CPUs. It is the main format employed in widely used scientific libraries such as PETSc [2], [3] and Hypre [12]. However, most efforts at efficient SpMV for GPUs [1], [4], [5], [18], [27], [28] have sought the use of alternate representations for sparse matrices in order to address one or more of the above challenges. Although alternate formats may improve the performance of SpMV on GPUs, they generally impose two overheads: 1) a higher space requirement than CSR, and 2) higher set-up time than CSR, for creation of the sparse matrix in the alternate format.\nThe preprocessing time for alternate formats can be very significant, being one or two orders of magnitude higher than the time for actually performing an SpMV. A high set-up cost is acceptable in application contexts where it can be amortized over repeated SpMVs using the same sparse matrix or a sequence of sparse matrices with identical sparsity structure. However, a very high preprocessing overhead is unacceptable in scenarios where the structure of the sparse matrix changes quite frequently. Such is often the case for adaptive graph applications, where a graph is represented as an adjacency matrix, and many common operations on graph data structures are expressed using sparse-matrix operations [15].\nIn this paper, we focus on efficient SpMV for dynamic graph applications, where the sparsity structure of the matrix changes frequently. Instead of using an alternative format to CSR, we devise an approach that builds on top of the standard CSR, using additional meta-data whose creation imposes low overhead in terms of both space and time. The new adaptive SpMV method built on CSR, called ACSR, addresses the thread divergence, while avoiding redundant computation and data transfer needed by alternative formats that use padding. It also avoids the excessive synchronization overhead due to reduction/atomic operations with formats like COO.\nACSR groups rows of the sparse matrix into different bins, based on the number of non-zero elements in the rows, and launches bin-specific SpMV kernels. For bins containing rows with a large number of non-zero elements, a special master kernel is invoked, whose purpose is to decrease thread divergence and load imbalance. The master kernel perform no computation, but leverages the dynamic parallelism functionality on recent NVIDIA GPUs (compute capability ≥ 3.5) to launch a grid per row, tailoring the requested resources to the number of non-zeros in the row. This adaptive approach also improves coalescing for bins with a moderate number of non-zero elements per row, while achieving almost perfect coalescing for bins with a large number of non-zeros, because threads of the same warp access contiguous memory. The approach thus leverages the sparsity characteristics of the matrix, applies dynamic parallelism, but does not actually reformat the matrix.\nOn an NVIDIA GTX Titan, over a range of power law matrices, the CUDA implementation of ACSR achieves an average speedup 2.09× (2.34×) for single (double) precision data over the most commonly used CSR kernel. It is also consistently faster than the popular HYB format, while avoiding the 33% average padding overhead of HYB. The average preprocessing overhead for HYB on the set of studies matrices is equivalent to 21 SpMV operations, while the overhead for ACSR is less than 3 SpMV operations. The benefits of ACSR are also evaluated in the context of three graph mining algorithms that commonly process large power-law graphs: PageRank, HITS and RWR. The use of ACSR as the SpMV kernel reduces the total run time of these algorithms when compared to use of CSR or HYB formats with NVIDIA cuSPARSE and CUSP libraries.\nThe rest of the paper is organized as follows: Section II reviews existing SpMV formats. In Section III, we describe the ACSR format. Section IV describes the evaluation methodology and Section V presents the results. Section VI evaluates the use of ACSR in graph mining algorithms, and Section VII assesses an adaptation of ACSR for efficient handling of dynamic graphs. An extension of ACSR for a multi-GPU context is presented in Section VIII. We discuss related works in Section IX and conclude in Section X."
    }, {
      "heading" : "II. BACKGROUND",
      "text" : "In this paper, we target the SpMV problem y = y + Ax where y and x are one-dimensional dense vectors and A is a two-dimensional sparse matrix. Many formats have been proposed for representing sparse matrices so that only the non-zero elements are stored. These formats and associated SpMV algorithms save memory and computational time. Bell and Garland [4], [5], Vuduc [25], and Ashari et al. [1] have reviewed some of the existing formats. In this section, we provide a brief review of sparse matrix representations. We use the following example of a sparse matrix to illustrate different sparse matrix formats. The matrix A has 4 rows and 6 columns, but only 10 of the 24 matrix elements has a non-zero value.\nA = ⎡ ⎢⎢⎣ 0 A 0 B 0 0 0 0 C 0 D 0\nE F G 0 H I\n0 0 0 J 0 0\n⎤ ⎥⎥⎦ (1)\nThe Coordinate (COO) format is the simplest compact representation for sparse matrices. A sparse matrix is represented by three vectors – a vector of non-zero values, and vectors that hold the corresponding column and row indices of the non-zero elements. The Compressed Sparse Row (CSR) format is more space-efficient than COO. It does not explicitly\nstore the row indices of the non-zero elements. Instead, the non-zero elements in each row are stored contiguously in a vector, along with a vector that maintains the offset for the first of each row’s elements in the vector. The CSR representation of A is shown in Figure 1(a). Non-zero elements of row i and the corresponding column indices are located respectively in the data and column index vectors at index r : RowOffset [i] ≤ r < RowOffst [i+ 1]. The ELLPACK (ELL) [23] representation is similar to CSR, but each row is zero-padded so that all rows occupy the same size as the one with the largest number of non-zero elements.\nTo perform SpMV on a matrix in COO format, each thread computes the product of a non-zero element of the matrix and the corresponding element in vector x. To generate the final dot product of a row of the matrix by the vector, a reduction step accumulates the partial products. This operation requires atomic access to the result element and causes serialization that imposes a performance penalty. The overhead is alleviated to some extent by use of efficient segmented reduction [5], where threads in a warp span multiple rows and each thread handles multiple non-zero elements of a row.\nWith the CSR format, one approach (Scalar-CSR) is to make each thread responsible for calculating the product of a matrix row with the vector x. But this kernel suffers from thread divergence and uncoalesced access to the sparse matrix elements. An alternate approach (Vector-CSR [5]) improves performance by having all threads of a warp collectively process a row. But this algorithm wastes resources when rows have far fewer non-zero elements than a warp size. In the most recent and efficient implementation of Vector-CSR in the cuSPARSE [10] and CUSP [9] libraries, the idea of segmented reduction is employed, where threads of a warp span multiple rows when the average number of non-zeros per row is small.\nHybrid COO-ELL (HYB) [5] is a hybrid format that uses a combination of COO and ELL. The matrix representation has two distinct parts: the ELL part and the COO part. The ELL part is used for rows whose non-zero count is less than or equal to some chosen threshold k. The ELL part is represented as a full dense row × k matrix. Rows with fewer than k non-zero elements are zero-padded. If a row has more than k non-zeros, the remaining elements are placed in the COO part. A heuristic is used for selecting k as the maximum value such that there are at least R = max(4096, M\n3 ) rows with k or more non-zero elements, in a matrix with M non-zero elements. Figure 1(b) shows the HYB format for matrix A, with k = 2."
    }, {
      "heading" : "III. ADAPTIVE CSR (ACSR) FORMAT",
      "text" : "The main challenge with CSR-based approaches for SpMV is that a fixed number of threads are assigned to each row. This works well for matrices with low standard deviation in the number of non-zeros per row. However, execution is unbalanced for matrices with high deviation, where warps working on rows with few non-zeros finish much earlier compared with those that are assigned to rows with many nonzeros. For load-balanced execution with matrices with high deviation (i.e., highly varying sparsity across different rows), different number of threads should work on different rows. In other words, careful consideration of the matrix sparsity is required when distributing work (i.e., rows) across different threads. This is especially the case for power-law matrices that constitute a very important class of real-world matrices. They have a small number of rows with a huge number of non-zeros (the long tail in Figure 3). Such wide rows have proven to be the bottleneck when the SpMV kernel assigns fixed number of threads to each row.\nIn order to address the load imbalance issue for such matrices, we develop Adaptive CSR (ACSR) – an adaptive scheme that is based on the CSR matrix representation but considers the sparsity of the rows of the matrix when choosing the number of threads. Because it is based on the CSR format, ACSR imposes very low preprocessing overhead (meta-data generation, data transformation, etc.). ACSR combines two separate mechanisms: row binning and dynamic parallelism. It uses row-binning to place matrix rows into bins so that rows within any bin have roughly the same number of nonzeros (within a factor of two). This grouping of rows into bins enables processing by bin-specific kernel variants that reduce thread divergence. The binning also helps isolate the bottleneck long-tail rows to be processed by a different mechanism that exploits dynamic parallelism capabilities of modern GPUs, where kernels can be dynamically launched from within an executing kernel. Dynamic parallelism is supported by recent NVIDIA GPUS (i.e. Kepler) with device compute capability of 3.5 or higher.\nAlgorithm 1: ACSR, the Driver\ninput : CSR matrix A: (values, col idx, row off), Vector: x, Vector: y, BinMax, RowMax, ThreadLoad output: Vector: y\nbegin if (this is the first iteration) then\nforeach row r do bi ← bi ∪ {r}: 2 i−1 ≤ nnz(r) ≤ 2i;\nn← max(i): size(bi) > 0; G1 ← {bn, bn−1, ..., bk}:∑\nn i=k count(bi) ≤ RowMax;\nand k ≥ BinMax;\nG2 ← {b1, b2, ..., bk−1};\nforeach bi ∈ G2 do SpMVi <<< gridbi >>> (bi); // Launch a bin-specific kernel; Algorithm 2\nDP Parent <<< gridG1 >>> (G1); // Launch the parent kernel for rows in G1;Algorithm 3"
    }, {
      "heading" : "A. ACSR: Binning",
      "text" : "The standard vector-CSR algorithm involves the cooperative handling of each row by a set of threads in a warp. The size of a thread-group to handle each row is set to be\na perfect power of two close to μ, the average number of non-zeros per row in the matrix. For rows that have fewer non-zeros than the thread-group size, load imbalance exists during execution. With ACSR, this load imbalance problem is addressed by grouping matrix rows into bins as follows: Bin1 contains all rows with 1 or 2 non-zeros, Bin2 all rows with 3 or 4 non-zeros, Bin3 the rows with number of non-zeros in the range 5-8, and so on. Bin-specific kernels are used for rows in each bin, with the size of thread-group cooperating on each row in a bin being customized for that bin size.\nThe row-binning idea is illustrated by Figure 2. In the example, the sparse matrix is preprocessed to place the rows into three different bins (shown in Figure 2-b). The preprocessing step is done once by scanning the matrix to place each row in the appropriate bin. It is very inexpensive and does not require any movement and restructuring of the matrix data.\nAlgorithm 2: ACSR, Bin-Specific SpMV for Bin-N\ninput : CSR matrix A: (values, col idx, row off), Vector: x, Vector: y, Vector: BIN #N Rows output: Vector y\n// 2N−1 (N = 1, 2, ...) threads work on each row (vector size) for Bin N\nbegin tid← thread index; lid← tid% 32; // lane index vid← tid / 32; // vector (warp) index sum← 0; row ← BIN #N Rows[lid]; row idx← row off [row]; next row idx← row off [row + 1]; for (i = row idx + vid, i < next row idx, i+ = 2N−1) do\nsum+ = values[i] × x[column indices[i]];\n// Intra vector reduction (example using shuffle) for (i = N , i > 0, i−−) do\nsum+ = shfl down(sum, i);\n// After reduction, the first thread has the final result. if (vid == 0) then\ny[row] + = sum;\nAfter extracting the bins, a separate bin-specific kernel is launched for each bin to perform SpMV for the rows assigned to that bin. For example, three separate kernels (BIN1, BIN2, BIN3) are invoked for the three bins that are found for the example sparse matrix (shown in Figure 2-b). Consequently, since rows 2, 5 and 7 are assigned to the second bin, they are processed by the BIN2 kernel. However, it is noteworthy that, as described in Algorithm 1, bins are partitioned into two separate groups: bins whose rows have large average number of non-zeros (G1), and those whose rows have small average non-zeros (G2). The partitioning is done to enable effective utilization of dynamic parallelism, as described in the next subsection. The number of rows in G1 is limited by the parameter RowMax, to stay within the limits on the maximum number of simultaneous dynamically launched kernels supported by the GPU. If dynamic parallelism is not enabled (i.e., binning-only) or not supported on the target device (e.g., NVIDIA Fermi), group G2 will contain all the bins (i.e., RowMax = 0).\nEach bin has a unique pre-defined range for the number of non-zero elements and that range is used at the time of preprocessing. Each bin-specific kernel (and thus the rows that are mapped to that bin) also has a pre-defined dimensionality\n(i.e., number of threads in a group that cooperatively processes a row). For example, if a bin contains rows with number of non-zeros in the range of [1..2] (first bin in Figure 2-b), then the assigned kernel (BIN1) utilizes only one thread to work on each row. Similarly, if a bin contains rows with number of nonzeros in the range of [33..64], then the number of cooperating threads per row is 32. Generally, bin i covers the range of [2i−1 + 1 .. 2i], for i > 0. For simplicity (and consistency with CSR-Vector [5]), the bin ranges have been chosen to be powers of two.\nThe generated kernels require a final reduction step where the threads that have worked on the same row accumulate the computed partial results, as with CSR-Vector [5]. The reduction operation is intra-warp and does not require interwarp synchronizations (i.e., can be done by a shuffle instruction on NVIDIA Kepler GPUs). Pseudocode for the bin-specific kernel for bin “N” is shown in Algorithm 2.\nAlgorithm 3: ACSR, Dynamic Parallelism Parent Kernel\ninput : CSR matrix A: (values, col idx, row off), Vector: x, Vector: y, Vector: G1 Rows output: Vector: y\nbegin tid← the thread global ID in the grid; if tid < size(G1 Rows) then\nrow ← G1 Rows[tid]; row idx← row off [row]; next row idx← row off [row + 1]; NNZ ← next row idx− row idx; bSize← NNZ/ThreadLoad; str ← a CUDA stream; SpMV <<< 1, bSize, str >>> (argv) where: // SpMV is the row specific kernel; Algorithm 4 begin\nargv[0] : values[row idx..next row idx); argv[1] : col idx[row idx..next row idx); argv[2] : NNZ; argv[3] : x; argv[4] : y;"
    }, {
      "heading" : "B. ACSR: Dynamic Parallelism",
      "text" : "Dynamic parallelism is a new feature in NVIDIA GPUs (compute capability 3.5 or higher) that enables threads on the\nAlgorithm 4: ACSR, Row Specific SpMV\ninput : CSR Row n: (values, column indices,NNZ), Vector: x output: row y: pointer to y[n]\nbegin tid← thread index; lid← tid% 32; // lane index vid← tid / 32; // vector (warp) index numThreads← number of threads per current row; SD[0..31]← 0; // shared memory sum← 0; for (i = tid, i < nnz, i+ = numThreads) do\nsum+ = values[i] × x[column indices[i]];\n// Intra vector reduction (example using shuffle) for (i = N , i > 0, i−−) do\nsum+ = shfl down(sum, i);\nif (lid == 0) then SD[vid]← sum;\nSynchronize () // wait till all vectors reach here // Inter vector reduction that is be done only by first warp\nsum← ∑32\ni=0 SD[i]\nif (tid == 0) then row y ← sum;\ndevice to launch a new grid without having to return to the host. The control mechanism between the thread and the new grid is a parent-and-child relationship. Figure 2-c shows an example of dynamic parallelism in which the host launches a grid on the device (the parent grid) and each thread in this grid launches a new grid with an arbitrary size (i.e. ROW0 to ROW7, each working on a different row of the example matrix). The parent-child thread block relationship ensures that the parent thread block does not exit before all children threads finish.\nWe leverage dynamic parallelism to further improve the adaptivity of ACSR. In order to have an efficient dynamic parallelism, it is not beneficial to launch a parent kernel (plus the new child kernels) for the bins with small average number of non-zeros per row (group G2 in Algorithm 1). Doing so will not create enough compute work for the new child kernels (i.e. due to rows having few non-zeros each). Thus, after creating the G1 and G2 groups (as described in Algorithm 1), and for every bin inside G2, a separate SpMV grid is launched. This bin-specific grid assigns a constant number of threads to each\nrow in the bin. For the remaining bins (group G2), a single parent kernel is launched from the host (shown in Figure 2-d).\nEach thread inside the parent grid works as a parent thread itself and launches a row specific grid of worker threads that do the actual work. Algorithm 3 describes the required steps and how a parent kernel creates and launches worker grids. Algorithm 4 shows the structure of the worker (child) SpMV kernel working on a row. As described by the algorithm, multiple thread groups (i.e. warps) coordinate to perform SpMV on a single row. Consequently, in addition to the intrawarp reduction (seen previously for the bin-specific kernels), a final inter-warp reduction is needed at the end.\nThe size of each worker grid is determined by the number of non-zeros of the corresponding row and a predefined parameter that specifies compute load per thread (i.e. ThreadLoad). This is considered as the thread coarsening knob in our algorithm. Note that parent threads are only used for control purposes and do not perform any actual computations. Also note that the bin partitioning in Algorithm 1 (into G1 and G2) is done using two defined parameters: BinMax, the largest bin index for which we launch a bin specific grid; and RowMax, the largest number of rows for which we launch a row specific grid. As an example, Figure 2-d demonstrates a case where BinMax = 2, RowMax = 16, and there are total of two rows mapped to the third bin (i.e. representing group G1). For this case, bin-specific SpMV kernels are launched for bins BIN1 and BIN2 (that belong to G2) and a parent grid for all rows in bin BIN3.\nFor the NVIDIA GPUs with dynamic parallelism enabled, there is a limit on the number of dynamic kernel invocations; cudaLimitDevRuntimePendingLaunchCount : 2048. We account for such a device-specific limit in the binning mechanism (in Algorithm 1, RowMax is set to this limit). to ensure that the size of G1 (i.e. total number of threads) does not exceed this limit. Failing to meet this constraint (e.g., launching more than 2048 concurrent dynamic kernels) will force the system to reserve memory for pending launches and thus lead to performance degradation.\nThe binning and dynamic parallelism techniques make ACSR most effective on large matrices with a diverse range of non-zero elements in rows. Many real-world matrices (e.g. adjacency graphs in social networks and web communication, circuit simulation, etc.) exhibit the power-law property. Figure 3 shows the distribution (histogram) of power law matrices – the x axis shows the number of non zero elements per row and the y axis shows the probability (frequency) distribution of such rows. As shown in the figure, there is a long tail on the right side of the distribution. These very long rows are a bottleneck when performing SpMV with standard CSR. The\nfigure also shows that there is a very heavy concentration of very small rows. The ACSR algorithm has been designed to handle both these extremes. The bins corresponding to the smaller rows are handled by the bin-specific kernels, while the long rows are effectively processed by dynamic kernel launching."
    }, {
      "heading" : "IV. EVALUATION METHODOLOGY",
      "text" : "The effectiveness of the ACSR algorithm was evaluated on a collection power-law matrices, including those used in previous studies [5], [6], [26], [28]. The matrices are all available from the University of Florida Sparse Matrix Collection [22]. Table I shows characteristics of each matrix: total number of non-zeros, number of rows/columns, mean (μ), standard deviation (σ), and maximum number of non-zeros per row. With the exception of AMZ and DBL, the maximal non-zero per row in these matrices can be seen to be much larger than the mean, and the standard deviation is also larger than the mean. AMZ and DBL do not follow the same trend as the others, and were selected to contrast ACSR performance with non-power-law matrices.\nWe report performance in terms of computation rate (as number of floating point operations per second, or GFLOPs). Each SpMV experiment was repeated 50 times and the average (arithmetic mean) is reported. The experiments were run on three different generations of NVIDIA GPUs, GTX580 (Fermi GF110), TeslaK10 (Kepler GK104s) and GTXTitan (Kepler GK110), each hosted by an Intel Core i7 CPU. Details about the GPUs are provided in Table II. As dynamic parallelism is available only on GPUs with compute capability ≥ 3.5 (only available on the GTXTitan), ACSR with dynamic parallelism is only reported for the T itan GPU. For the others, we only report ACSR with binning. Since the TeslaK10 has two GPUs, we also report dual-GPU performance in Section VIII.\nWe used the NVIDIA compiler (nvcc) version 5.5, with optimizations enabled using -O3. The input vector x was placed in texture memory, which in general improves memory access (i.e., by utilizing the Texture cache on the device). Such a strategy is also employed by the SpMV implementations in cuSPARSE [10] and CUSP [9].\nIn the next section, we first characterize performance against several state-of-the art formats, with a focus on the impact of matrix preprocessing overhead. This is an aspect that is generally not emphasized in most studies, with the implicit assumption being that any one-time preprocessing or auto-tuning overhead will be amortized over a large number of SpMV operations. However, with dynamic graph applications, the number of SpMV operations performed on the same matrix (or matrices with the same non-zero structure) may be relatively small. We then present detailed performance comparisons with matrix formats suitable for dynamic graph applications, i.e., those that impose low preprocessing overheads. As the baseline for comparison, we use the best performance among the HYB and CSR formats (from cuSPARSE [10] and CUSP [9] libraries)."
    }, {
      "heading" : "V. EXPERIMENTAL RESULTS",
      "text" : "We first compare ACSR against various state-of-the-art SpMV implementations, with a focus on preprocessing overheads. Many recently proposed approaches for efficient SpMV either require some preprocessing of the matrix to change the format (for example, sort the rows in increasing order of number of non-zeros) or to perform some auto-tuning to find the best parameters for the algorithm. Many studies do not report such one-time preprocessing overheads, but they can be very significant, especially when the number of SpMV operations to be performed on a matrix is not very large.\nWe compare different algorithms, reporting both preprocessing time and SpMV time. This enables an assessment of the number of SpMV invocations required for other formats to outperform ACSR. Table III shows speed-up of ACSR compared to BCCOO [27], BRC [1], TCOO [28], and HYB [5], when performing a single SpMV. The speed-ups are generally very high, due to the much higher preprocessing time of other schemes. Figure 4 shows the ratio of preprocessing overhead to the time for one SpMV operation. In case of BRC, TCOO and HYB the preprocessing overhead is the time for data transformation, while for BCCOO it is the time for auto-tuning. For the latter format we compare against the best performance achieved for all matrices. Every matrix we tested achieve its best performance with different settings and this configuration space has more than 300 different settings. Also, in the case of TCOO, we performed an exhaustive search to find the best number of tiles, the input parameter to the algorithm, and time reported here is for the best performance of TCOO. As Figure 4 shows, in the studied formats, preprocessing time is a dominant factor in the overall SpMV time, while for ACSR it is in the order of few SpMVs. On average, the ratio of preprocessing time to SpMV time, is 161k, 87, 3k, 21, and 3, for BCCOO [27], BRC [1], TCOO [28], HYB [5], and ACSR respectively.\nIn Table IV, we show the actual SpMV time, along with how many iterations, n, are needed for other formats to outperform ACSR. To calculate this number, first we model the total time for repeated SpMVs, for example in an iterative solver as:\nT = PT + n× ST (2)\nwhere ST is the execution time of one SpMV calculation and PT is the preprocessing time. For an algorithm A to outperform ACSR, we must have:\nPTA + n× STA ≤ PTACSR + n× STACSR (3)\nSimplifying this inequality, we have:\nn ≥ PTA − PTACSR STACSR − STA\n(4)\nA Ø cell in the table indicates that the format is not able to handle the matrix due to memory limitation. Also, an ∞ entry means that ACSR outperforms the other format for any number of iterations. As the table shows, BCCOO and TCOO outperform ACSR when we use SpMV in a solver that iterates many times. The same is true for BRC, but with fewer iterations. ACSR outperforms HYB, except for matrix AMZ, DBL, and WIK. For AMZ and DBL, due to the small maximum number of non-zeros per row, ACSR does not leverage dynamic parallelism. Later in this section, we show more results comparing ACSR against HYB. We do not have the data on how much padding cost is paid by BCCOO. However, for the matrices we have tested in HYB format, it is 33% of the total number of non-zeros on average. For BRC and TCOO, the space overhead is around 1% and 5%, respectively. ACSR uses the same amount of memory as CSR except for the bin data. Since BCCOO and TCOO are only available for single precision, data in Figure 4 and Tables III and IV are only for single precision computation. The experiments were performed on a GTX Titan GPU.\nIn the case of power-law matrices, in general the HYB format is the best among all the formats in the NVIDIA SpMV library [28]. Therefore we compare ACSR against HYB on different devices. We also compare ACSR against CSR, the\nmost commonly used and most memory-efficient format. Due to space limitations, we do not report our comparison against enhanced CSR [21], but our results show that ACSR always outperforms it.\nFigure 5-top shows GFLOP/s obtained with the different SpMV formats, for single and double precision computation, on a GTX Titan GPU. As the figure shows, ACSR outperforms CSR in all cases. However, there are matrices such as EU2 and WIK, where ACSR is slightly slower than HYB. Table I shows that these are matrices for which the difference between μ and σ is relatively small. For these matrices, the number of nonzeros per row is concentrated around μ. Therefore, with the HYB format, most of the non-zeros fall into a regular ELL section and the COO section has very few elements. Due to the small COO section compared to the large ELL section in the HYB format, performance is high. However, considering padding and transformation cost, ACSR outperforms HYB for these matrices. AMZ and DBL are outliers in our benchmark set, and have max(NNZ) = 10 and 238, respectively. No row in the AMZ matrix falls in the dynamic parallelism part of ACSR and only 95 rows in DBL leverage dynamic parallelism, where the row specific grids are very small; therefore we do not achieve an improvement for this matrix over HYB.\nACSR is up to 1.67× and 1.75× (and average 1.18×) faster than the HYB format in single and double precision, respectively. This performance improvement of ACSR is obtained without the average 33% padding cost and transformation time of HYB. The HYB transformation costs 21× SpMV on average while for ACSR it is less than 3 SpMV. Furthermore, due to memory limits and padding applied by HYB, there are matrices which cannot be transformed into the HYB format. ACSR also achieves a maximal speedup of 5.34× and 6.02× (and average 2.09× and 2.34×) over straightforward SpMV for CSR for single and double precision, respectively. Table V shows how many bin specific grids (BS column) and row specific grids (RS column) are launched by ACSR for different matrices.\nThe same experiment was performed a on GTX580 GPU. However, as the compute capability of this GPU is 2.0 and does not support dynamic parallelism, ACSR only leverages binning (i.e., RowMax = 0) on this GPU. Figure 5-center shows results on this GPU. Results on this device are similar to the same results on the GTX Titan with the difference that there are large matrices, such as HOL and UK2, which could not be run because of the memory limit of GTX580. Such cases are shown by Ø (no bar). There is some loss of performance due to the inability to apply dynamic parallelism. On this device, ACSR is up to 1.45× and 1.32× (and average 1.1× and 1.05×) faster than the HYB format in single and double precision, respectively It also achieves a maximal speedup of 6.3× and 5.65× (and average 2.23× and 2×) over the CSR format for single and double precision, respectively. Figure 5- bottom shows GFLOPs obtained for the same experiment on a Tesla K10 with a single GPU."
    }, {
      "heading" : "VI. ACSR IN GRAPH MINING APPLICATION",
      "text" : "Algorithm 5: PageRank Algorithm\ninput : Row normalized adjacency matrix A(n×n), damping factor d, convergence rate output: Vector: PR(n)\nbegin\nPR(0)(i)← 1 n ,∀i ∈ {1..n}; k ← 0; repeat\nPR(k+1) ← (1− d)PR(0) + d(AT × PR(k)) until distance(PR(k+1), PR(k)) > ;\nIn order to illustrate the practical use of the developments reported in this paper, we evaluated ACSR with three well known graph algorithms: PageRank [20], HITS [17] and Random Walk with Restart (RWR) [24]. These algorithms apply the power method to the adjacency matrices of large graphs. Such matrices generally exhibit the power law property. The total run time of these algorithms is dominated by the SpMV calculation that is executed during each iteration until the algorithm converges."
    }, {
      "heading" : "A. PageRank",
      "text" : "PageRank is an iterative algorithm that assigns an initial rank to pages and updates it based on the links between pages until it converges. Algorithm 5 shows pseudocode for the PageRank method. The function distance can be any distance measure; we use Euclidean distance, the most common distance measure. We evaluated performance using different SpMV methods: CSR, HYB, ACSR. We used a damping factor\nd = 0.85 [20]. Figure 6-top shows the speedup of ACSR over CSR and HYB for applying PageRank on power law matrices. It may be seen that ACSR outperforms both CSR and HYB on all matrices, except AMZ. As discussed earlier, AMZ’s structure is better suited to use of the HYB format. For each matrix, the number of iterations for convergence (i.e., the number of SpMV operations performed) is also shown."
    }, {
      "heading" : "B. HITS",
      "text" : "HITS is a link analysis method that assigns two scores, authority and hub, to each web page. If A is the adjacency matrix of a graph G = (V,E), where V represents the set of web pages, and E the set of links between web pages, the authority (a) and hub (b) score vectors are calculated as follows:\nak+1 = AT × hk (5)\nhk+1 = A× ak (6)\nHere k is the iteration index, and a and h are initialized with equal score of 1|V | for all pages. As in [28], we combine the above computations into a single SpMV as follows:\n[ a\nh\n]k+1 = [ 0 AT\nA 0\n] × [ a\nh\n]k (7)\nLike PageRank, the algorithm iterates until both the a and h score vectors converge. We implemented Equation 7 using CSR, HYB and ACSR as the SpMV method and results are shown in Figure 6-center."
    }, {
      "heading" : "C. Random Walk with Restart",
      "text" : "Random Walk with Restart (RWR) [24] is another graph algorithm that calculates the relevance vector ri, between node i and all other nodes in the graph. Vector ri is defined by:\nrk+1i = c(W × r k i ) + (1− c)ei (8)\nHere W is the column-normalized version of the adjacency matrix of the underlying graph, c is a restart probability (similar to damping factor in PageRank), and ei is a column vector with ei[i] = 1 and ei[j] = 0; ∀j = i. RWR is also an iterative method, and its total time is dominated by SpMV. Figure 6-bottom shows speedup in RWR algorithm using ACSR over using CSR and HYB on power law matrices.\nFor all the algorithms, Euclidean distance was used as the convergence measure, with = 10−6. In recording the time, the time for copying data to the device was not included. HYB data transformation cost was also not included. The average speedups are shown in the rightmost set of bars of Figure 6 (AVG) for the three applications."
    }, {
      "heading" : "VII. ACSR WITH DYNAMIC GRAPHS",
      "text" : "In many applications such as web mining and analytics on social communication networks, the graph that defines the network is subject to changes over time. Therefore, the sparse adjacency matrix that encodes the graph changes accordingly. Algorithms like page ranking receive the updated matrix and iterate on the new matrix to update their rank/score. Compared\nto a “cold start” with a graph, where an initial guess of the iterated solution vector must be used, as the page connectivity graph evolves, the previous page rank vector can be used as the initial guess for the updated matrix. Doing so reduces the number of iterative steps to convergence. Thus the number of SpMV operations per page rank calculation in a dynamic setting is lower than that in a static setting, often just tens of iterations. In these scenarios, SpMV formats that require high preprocessing costs are not suitable for use. Since ACSR does not incur a high preprocessing cost and works directly on top of CSR data, it is very attractive for such applications.\nUpdates to dynamic graphs can be transmitted in two ways: 1) the complete updated matrix, or 2) just the changes to the previous matrix. In the first case, SpMV algorithms which transform the matrix need to redo this step each time the matrix is updated. For this model, due to the very low preprocessing overhead, as shown in the previous section, ACSR outperforms other algorithms. In the second case, other formats must first apply the change to the matrix, and then perform the transformation. This also incurs the cost of copying the updated matrix to the device again. For the dynamic update scenario, we develop an approach that works on top of CSR format and copies only update information to the device. Therefore it reduces the updating cost as well.\nFor the incremental approach, some additional memory is reserved at the end of each CSR row, to be used when nonzeros get added to the row. A matrix update is defined by specifying the rows to be updated, and for each row, which\ncolumns are to be added or deleted. This information is copied to the device and a device kernel applies the changes to the matrix. We have implemented this kernel, with one thread being responsible for updating a row. To avoid intra-warp thread divergence, we assign a warp to each row, but only the first thread of the warp performs the update. This thread first deletes columns of the delete list from the row, and compresses (shifts columns) the row to fill up the deleted spaces. Then, it extends the row by adding columns from the insert list. The kernel assumes that the delete and insert column lists are sorted.\nTo test the effectiveness of this kernel, we synthetically generated changes on large power law matrices. We randomly selected 10% of the rows to be updated. Scanning the columns of a row, we either remove a column or add another column to the row, each with equal probability. The total number of nonzeros in the matrix is thus kept nearly constant. We encode the changes into an array of rows to be updated, a list of columns to be deleted and a list of columns to be added, both in CSR format. This data is copied to the device and the matrix is updated accordingly.\nIn this experiment, PageRank is run till it converges in iteration k. Then the matrix is changed by 10% as described above, and PageRank is applied to the new matrix, but starting off with PRk+1 set to the converged PRk from the previous time epoch. This is repeated 10 times. With ACSR, after the first time period, instead of copying the complete updated matrix to device, only the change list is copied and the update to the matrix is performed on the device. In contrast, for CSR and HYB, each time that matrix is changed, the complete updated matrix needs to be copied to device. With the HYB format, there is also an additional cost for re-transforming the matrix. Figure 7-top shows the speedup for matrix FLI, which is a representative of our test set. The different sets of bars show the speedup trend over the time epochs. The speed-up in all later time periods is larger than the first time period, because the cost of copying the complete matrix for ACSR is only paid in the first time period. It may also be observed that fewer iterations are needed for convergence in later steps, making the preprocessing and copying overheads more significant.\nThe same experiment was performed on all the other\nmatrices. Figure 7-bottom shows the average speed-up across all time points, corresponding to the right-most set of bars for FLI in Figure 7-top. Comparing speed-up in this figure with Figure 6-top, it can be seen that the performance improvement from use of ACSR with PageRank on dynamic graphs is more significant than with static graphs."
    }, {
      "heading" : "VIII. DIVIDING WORK AMONG MULTIPLE GPUS",
      "text" : "In this section, we evaluate multi-GPU execution of sparse matrix-vector multiplication using the ACSR algorithm. We report performance on a dual-GPU NVIDIA Tesla K10, with two GPU devices on the same card. In order to leverage dynamic parallelism, we require GPUs with compute capability ≥ 3.5; but Tesla K10 has compute capability 3.0. Therefore we were constrained to evaluating only the row-binning benefits of ACSR but not the leveraging of dynamic parallelism. By extending the number of bins in the long tail, we can simulate the behavior of ACSR with static/hard-coded parallelism. The partitioning algorithm for ACSR is a simple division of each bin among GPUs. For two GPUs, we simply map half of the rows in each bin to each device. Each GPU is thus responsible for computing half the results. Such a partitioning approach can be used with any number of GPUs\nPerformance results for single and double precision are shown in Figure 8. This approach on average achieves 1.64X and 1.68X improvement over ACSR on a single GPU, for single and double precision respectively. As the figure shows, there are cases in which ACSR scaled perfectly, e.g. (AMZ, EU2, HOL, IN2, and LJ2). However, there are cases for which using two GPUs does not double the performance of using a single GPU. In order to achieve perfect scaling using multiple GPUs, first there must be enough workload (both computation and memory access) to saturate all GPUs. Then the division algorithm must apportion such tasks equally among GPUs. Our partitioning algorithms respects the second requirement, but in cases where there is not sufficient workload, perfect scaling cannot be achieved. The matrices ENR, FLI , INT , and Y OT are examples with insufficient workload on each GPU to saturate available resources and hide data latency. In fact, for matrices ENR and INT the workload is smaller than required to saturate a single GPU of the Tesla K10\n(see Table I.) In these cases, using multi-GPU not only does not improve performance, but adds the overhead of synchronizing two GPUs. Excluding these matrices, partitioning across two GPUs on average results in 1.79X and 1.80X improvement over ACSR on a single GPU, for single and double precision respectively."
    }, {
      "heading" : "IX. RELATED WORK",
      "text" : "The numerical linear algebra community has developed many data storage formats and algorithms for performing the SpMV operation. The different formats often represent tradeoffs between initial preprocessing overhead and performance of repeated SpMV. Further, different representations may be preferable for matrices from different application domains because of differing sparsity characteristics. In this section, we briefly discuss a number of approaches that have been developed for efficient execution on GPUs.\nCSR and COO are the most commonly used formats. However other formats achieve higher performance in some scenarios. For example, Bell and Garland [5] demonstrate that DIA is the superior format for structural matrices which have non-zeros on only a few diagonals. For blocked diagonal matrices, such as those which arise in structured grid computations with many degrees of freedom, Godwin et al. [14] show that CDS outperforms DIA. If the sparse matrix is symmetric, PKT [4] is the best format, but it is not optimized for SpMV. In the case of general blocked sparse matrices, formats such as BCSR and BELLPACK [7] are superior. For unstructured matrices, formats such as ELL, HYB [5], BRC [1], BCCOO [27] and TCOO [28] have been shown to be effective. However, many of these formats require very significant preprocessing time.\nAs with ACSR, Feng et al. [13] also group rows based on non-zero count. They propose the use of Compressed Sparse Row with Segmented Interleave Combination (SIC), to put rows into 3 segments and combine data in each segment by interleaving rows into blocks. Since their implementation was not available, it was not feasible to perform an experimental performance comparison with ACSR. However, as is the case with several other schemes experimentally evaluated in this paper (BCCOO [27], BRC [1], TCOO [28]), the approach of Feng et al. [13] also requires expensive preprocessing operations such as sorting and re-formatting. A critical difference between ACSR and most proposed SpMV approaches is that it\nuses the standard CSR representation and thus incurs minimal preprocessing overheads. A low preprocessing overhead is very important for dynamic graph applications where the graph dynamically evolves over time and changes the sparse matrix structure, so that the number of SpMV applications with a fixed matrix sparsity structure is relatively low. The performance results demonstrate that ACSR is preferable to previous SpMV approaches for such applications."
    }, {
      "heading" : "X. CONCLUSION",
      "text" : "This paper describes ACSR, a fast adaptive approach to sparse matrix-vector multiplication on GPUs, well suited for graph processing applications. A significant benefit of the proposed algorithm is that it works with data in CSR format, the most memory efficient and commonly used format for general sparse matrices. ACSR does not require any data transformation, and its preprocessing is limited to efficient scanning of row-lengths to determine the workload of different bins. The ACSR SpMV implementation was demonstrated to outperform state of the art implementations from the NVIDIA CUSP and cuSPARSE libraries, using both the base CSR format and the HYB format.\nACSR is very well suited for processing of large powerlaw matrices, commonly encountered with adjacency graphs in social networks and web communication. For such matrices, the cost of reformatting the matrix, and memory padding cost are often relatively high. Further, applications which process such matrices often have to deal with sparsity structure that is dynamically changing at a slow rate. ACSR is the especially advantageous for such contexts, since such adaptations can be easily incorporated incrementally with a very low overhead. The benefits of ACSR were demonstrated using several data analytics applications that repeatedly use sparse matrix-vector multiplication."
    }, {
      "heading" : "ACKNOWLEDGMENT",
      "text" : "We thank the anonymous reviewers for their suggestions that helped improve the quality of this paper. We also thank Xintian Yang [28], and Shengen Yan [27] for providing us with the source codes of their implementations. This work was supported in part by the National Science Foundation through awards ACI-0904549, CCF-1217353, IIS-1111118, and CCF1240651."
    } ],
    "references" : [ {
      "title" : "An efficient two-dimensional blocking mechanism for sparse matrix-vector multiplication on gpus",
      "author" : [ "A. Ashari", "N. Sedaghati", "J. Eisenlohr", "P. Sadayappan" ],
      "venue" : "International conference on supercomputing, ICS",
      "citeRegEx" : "1",
      "shortCiteRegEx" : null,
      "year" : 2014
    }, {
      "title" : "J",
      "author" : [ "S. Balay" ],
      "venue" : "Brown, , K. Buschelman, V. Eijkhout, W. D. Gropp, D. Kaushik, M. G. Knepley, L. C. McInnes, B. F. Smith, and H. Zhang. PETSc users manual. Technical Report ANL-95/11 - Revision 3.4, Argonne National Laboratory",
      "citeRegEx" : "2",
      "shortCiteRegEx" : null,
      "year" : 2013
    }, {
      "title" : "and H",
      "author" : [ "S. Balay", "J. Brown", "K. Buschelman", "W.D. Gropp", "D. Kaushik", "M.G. Knepley", "L.C. McInnes", "B.F. Smith" ],
      "venue" : "Zhang. PETSc Web page",
      "citeRegEx" : "3",
      "shortCiteRegEx" : null,
      "year" : 2013
    }, {
      "title" : "Efficient sparse matrix-vector multiplication on CUDA",
      "author" : [ "N. Bell", "M. Garland" ],
      "venue" : "NVIDIA Technical Report NVR-2008-004, NVIDIA Corporation",
      "citeRegEx" : "4",
      "shortCiteRegEx" : null,
      "year" : 2008
    }, {
      "title" : "Implementing sparse matrix-vector multiplication on throughput-oriented processors",
      "author" : [ "N. Bell", "M. Garland" ],
      "venue" : "Conference on High Performance Computing Networking, Storage and Analysis",
      "citeRegEx" : "5",
      "shortCiteRegEx" : null,
      "year" : 2009
    }, {
      "title" : "Layered label propagation: A multiresolution coordinate-free ordering for compressing social networks",
      "author" : [ "P. Boldi", "M. Rosa", "M. Santini", "S. Vigna" ],
      "venue" : "CoRR, abs/1011.5425",
      "citeRegEx" : "6",
      "shortCiteRegEx" : null,
      "year" : 2010
    }, {
      "title" : "Model-driven autotuning of sparse matrix-vector multiply on GPUs",
      "author" : [ "J.W. Choi", "A. Singh", "R.W. Vuduc" ],
      "venue" : "In ACM SIGPLAN Symp. Principles and Practice of Parallel Programming (PPoPP),",
      "citeRegEx" : "7",
      "shortCiteRegEx" : "7",
      "year" : 2010
    }, {
      "title" : "Toward a new metric for ranking high performance computing systems",
      "author" : [ "J. Dongarra", "M.A. Heroux" ],
      "venue" : "UTK EECS Tech Report and Sandia National Labs Report SAND2013-4744,",
      "citeRegEx" : "11",
      "shortCiteRegEx" : "11",
      "year" : 2013
    }, {
      "title" : "hypre: A library of high performance preconditioners",
      "author" : [ "R. Falgout", "U. Yang" ],
      "venue" : "P. Sloot, A. Hoekstra, C. Tan, and J. Dongarra, editors, Computational Science ICCS 2002, volume 2331 of Lecture Notes in Computer Science, pages 632–641. Springer Berlin Heidelberg",
      "citeRegEx" : "12",
      "shortCiteRegEx" : null,
      "year" : 2002
    }, {
      "title" : "Optimization of sparse matrix-vector multiplication with variant csr on gpus",
      "author" : [ "X. Feng", "H. Jin", "R. Zheng", "K. Hu", "J. Zeng", "Z. Shao" ],
      "venue" : "In Parallel and Distributed Systems (ICPADS),",
      "citeRegEx" : "13",
      "shortCiteRegEx" : "13",
      "year" : 2011
    }, {
      "title" : "High-performance sparse matrix-vector multiplication on gpus for structured grid computations",
      "author" : [ "J. Godwin", "J. Holewinski", "P. Sadayappan" ],
      "venue" : "Proceedings of the 5th Annual Workshop on General Purpose Processing with Graphics Processing Units, GPGPU-5",
      "citeRegEx" : "14",
      "shortCiteRegEx" : null,
      "year" : 2012
    }, {
      "title" : "editors",
      "author" : [ "J. Kepner", "J. Gilbert" ],
      "venue" : "Graph Algorithms in the Language of Linear Algebra. Society for Industrial and Applied Mathematics",
      "citeRegEx" : "15",
      "shortCiteRegEx" : null,
      "year" : 2011
    }, {
      "title" : "Authoritative sources in a hyperlinked environment",
      "author" : [ "J.M. Kleinberg" ],
      "venue" : "J. ACM,",
      "citeRegEx" : "17",
      "shortCiteRegEx" : "17",
      "year" : 1999
    }, {
      "title" : "Efficient sparse matrixvector multiplication on x86-based many-core processors",
      "author" : [ "X. Liu", "M. Smelyanskiy", "E. Chow", "P. Dubey" ],
      "venue" : "International conference on supercomputing, pages 273–282",
      "citeRegEx" : "18",
      "shortCiteRegEx" : null,
      "year" : 2013
    }, {
      "title" : "Scalable parallel programming with cuda",
      "author" : [ "J. Nickolls", "I. Buck", "M. Garland", "K. Skadron" ],
      "venue" : "ACM Queue, 6(2):40–53",
      "citeRegEx" : "19",
      "shortCiteRegEx" : null,
      "year" : 2008
    }, {
      "title" : "The pagerank citation ranking: Bringing order to the web",
      "author" : [ "L. Page", "S. Brin", "R. Motwani", "T. Winograd" ],
      "venue" : "Technical Report 1999-66,",
      "citeRegEx" : "20",
      "shortCiteRegEx" : "20",
      "year" : 1999
    }, {
      "title" : "Efficient sparse matrix-vector multiplication on cache-based gpus",
      "author" : [ "I. Reguly", "M. Giles" ],
      "venue" : "Innovative Parallel Computing (InPar), pages 1–12",
      "citeRegEx" : "21",
      "shortCiteRegEx" : null,
      "year" : 2012
    }, {
      "title" : "Random walk with restart: Fast solutions and applications",
      "author" : [ "H. Tong", "C. Faloutsos", "J.-Y. Pan" ],
      "venue" : "Knowl. Inf. Syst.,",
      "citeRegEx" : "24",
      "shortCiteRegEx" : "24",
      "year" : 2008
    }, {
      "title" : "Automatic performance tuning of sparse matrix kernels",
      "author" : [ "R.W. Vuduc" ],
      "venue" : "PhD thesis,",
      "citeRegEx" : "25",
      "shortCiteRegEx" : "25",
      "year" : 2004
    }, {
      "title" : "Optimization of sparse matrix-vector multiplication on emerging multicore platforms",
      "author" : [ "S. Williams", "L. Oliker", "R.W. Vuduc", "J. Shalf", "K.A. Yelick", "J. Demmel" ],
      "venue" : "Parallel Computing, 35(3):178–194",
      "citeRegEx" : "26",
      "shortCiteRegEx" : null,
      "year" : 2009
    }, {
      "title" : "yaspmv: Yet another spmv framework on gpus",
      "author" : [ "S. Yan", "C. Li", "Y. Zhang", "H. Zhou" ],
      "venue" : "Proceedings of the 19th ACM SIGPLAN Symposium on Principles and Practice of Parallel Programming, PPoPP ’14, pages 107–118, New York, NY, USA",
      "citeRegEx" : "27",
      "shortCiteRegEx" : null,
      "year" : 2014
    }, {
      "title" : "Fast sparse matrix-vector multiplication on gpus: implications for graph mining",
      "author" : [ "X. Yang", "S. Parthasarathy", "P. Sadayappan" ],
      "venue" : "Proc. VLDB Endow.,",
      "citeRegEx" : "28",
      "shortCiteRegEx" : "28",
      "year" : 2011
    } ],
    "referenceMentions" : [ {
      "referenceID" : 14,
      "context" : "In particular, with the emergence of GPU APIs such as OpenCL [16] and CUDA [19] [8], scientists and analysts from a broad range of disciplines have begun to leverage GPUs.",
      "startOffset" : 75,
      "endOffset" : 79
    }, {
      "referenceID" : 7,
      "context" : "For instance, Sparse MatrixVector Multiplication (SpMV), a core kernel that finds use in a host of scientific [11] and graph analytic [28] domains, has received much attention within the community.",
      "startOffset" : 110,
      "endOffset" : 114
    }, {
      "referenceID" : 21,
      "context" : "For instance, Sparse MatrixVector Multiplication (SpMV), a core kernel that finds use in a host of scientific [11] and graph analytic [28] domains, has received much attention within the community.",
      "startOffset" : 134,
      "endOffset" : 138
    }, {
      "referenceID" : 0,
      "context" : "A number of efforts [1], [4], [5], [18], [27], [28] have sought to address these challenges.",
      "startOffset" : 20,
      "endOffset" : 23
    }, {
      "referenceID" : 3,
      "context" : "A number of efforts [1], [4], [5], [18], [27], [28] have sought to address these challenges.",
      "startOffset" : 25,
      "endOffset" : 28
    }, {
      "referenceID" : 4,
      "context" : "A number of efforts [1], [4], [5], [18], [27], [28] have sought to address these challenges.",
      "startOffset" : 30,
      "endOffset" : 33
    }, {
      "referenceID" : 13,
      "context" : "A number of efforts [1], [4], [5], [18], [27], [28] have sought to address these challenges.",
      "startOffset" : 35,
      "endOffset" : 39
    }, {
      "referenceID" : 20,
      "context" : "A number of efforts [1], [4], [5], [18], [27], [28] have sought to address these challenges.",
      "startOffset" : 41,
      "endOffset" : 45
    }, {
      "referenceID" : 21,
      "context" : "A number of efforts [1], [4], [5], [18], [27], [28] have sought to address these challenges.",
      "startOffset" : 47,
      "endOffset" : 51
    }, {
      "referenceID" : 3,
      "context" : "The well-maintained highperformance libraries, cuSPARSE [10] and CUSP [4], [5], [9], are two of the most widely-used CUDA libraries and support different sparse matrix formats (e.",
      "startOffset" : 70,
      "endOffset" : 73
    }, {
      "referenceID" : 4,
      "context" : "The well-maintained highperformance libraries, cuSPARSE [10] and CUSP [4], [5], [9], are two of the most widely-used CUDA libraries and support different sparse matrix formats (e.",
      "startOffset" : 75,
      "endOffset" : 78
    }, {
      "referenceID" : 1,
      "context" : "It is the main format employed in widely used scientific libraries such as PETSc [2], [3] and Hypre [12].",
      "startOffset" : 81,
      "endOffset" : 84
    }, {
      "referenceID" : 2,
      "context" : "It is the main format employed in widely used scientific libraries such as PETSc [2], [3] and Hypre [12].",
      "startOffset" : 86,
      "endOffset" : 89
    }, {
      "referenceID" : 8,
      "context" : "It is the main format employed in widely used scientific libraries such as PETSc [2], [3] and Hypre [12].",
      "startOffset" : 100,
      "endOffset" : 104
    }, {
      "referenceID" : 0,
      "context" : "However, most efforts at efficient SpMV for GPUs [1], [4], [5], [18], [27], [28] have sought the use of alternate representations for sparse matrices in order to address one or more of the above challenges.",
      "startOffset" : 49,
      "endOffset" : 52
    }, {
      "referenceID" : 3,
      "context" : "However, most efforts at efficient SpMV for GPUs [1], [4], [5], [18], [27], [28] have sought the use of alternate representations for sparse matrices in order to address one or more of the above challenges.",
      "startOffset" : 54,
      "endOffset" : 57
    }, {
      "referenceID" : 4,
      "context" : "However, most efforts at efficient SpMV for GPUs [1], [4], [5], [18], [27], [28] have sought the use of alternate representations for sparse matrices in order to address one or more of the above challenges.",
      "startOffset" : 59,
      "endOffset" : 62
    }, {
      "referenceID" : 13,
      "context" : "However, most efforts at efficient SpMV for GPUs [1], [4], [5], [18], [27], [28] have sought the use of alternate representations for sparse matrices in order to address one or more of the above challenges.",
      "startOffset" : 64,
      "endOffset" : 68
    }, {
      "referenceID" : 20,
      "context" : "However, most efforts at efficient SpMV for GPUs [1], [4], [5], [18], [27], [28] have sought the use of alternate representations for sparse matrices in order to address one or more of the above challenges.",
      "startOffset" : 70,
      "endOffset" : 74
    }, {
      "referenceID" : 21,
      "context" : "However, most efforts at efficient SpMV for GPUs [1], [4], [5], [18], [27], [28] have sought the use of alternate representations for sparse matrices in order to address one or more of the above challenges.",
      "startOffset" : 76,
      "endOffset" : 80
    }, {
      "referenceID" : 11,
      "context" : "Such is often the case for adaptive graph applications, where a graph is represented as an adjacency matrix, and many common operations on graph data structures are expressed using sparse-matrix operations [15].",
      "startOffset" : 206,
      "endOffset" : 210
    }, {
      "referenceID" : 3,
      "context" : "Bell and Garland [4], [5], Vuduc [25], and Ashari et al.",
      "startOffset" : 17,
      "endOffset" : 20
    }, {
      "referenceID" : 4,
      "context" : "Bell and Garland [4], [5], Vuduc [25], and Ashari et al.",
      "startOffset" : 22,
      "endOffset" : 25
    }, {
      "referenceID" : 18,
      "context" : "Bell and Garland [4], [5], Vuduc [25], and Ashari et al.",
      "startOffset" : 33,
      "endOffset" : 37
    }, {
      "referenceID" : 0,
      "context" : "[1] have reviewed some of the existing formats.",
      "startOffset" : 0,
      "endOffset" : 3
    }, {
      "referenceID" : 4,
      "context" : "The overhead is alleviated to some extent by use of efficient segmented reduction [5], where threads in a warp span multiple rows and each thread handles multiple non-zero elements of a row.",
      "startOffset" : 82,
      "endOffset" : 85
    }, {
      "referenceID" : 4,
      "context" : "An alternate approach (Vector-CSR [5]) improves performance by having all threads of a warp collectively process a row.",
      "startOffset" : 34,
      "endOffset" : 37
    }, {
      "referenceID" : 4,
      "context" : "Hybrid COO-ELL (HYB) [5] is a hybrid format that uses a combination of COO and ELL.",
      "startOffset" : 21,
      "endOffset" : 24
    }, {
      "referenceID" : 4,
      "context" : "For simplicity (and consistency with CSR-Vector [5]), the bin ranges have been chosen to be powers of two.",
      "startOffset" : 48,
      "endOffset" : 51
    }, {
      "referenceID" : 4,
      "context" : "The generated kernels require a final reduction step where the threads that have worked on the same row accumulate the computed partial results, as with CSR-Vector [5].",
      "startOffset" : 164,
      "endOffset" : 167
    }, {
      "referenceID" : 0,
      "context" : "next row idx); argv[1] : col idx[row idx.",
      "startOffset" : 19,
      "endOffset" : 22
    }, {
      "referenceID" : 1,
      "context" : "next row idx); argv[2] : NNZ; argv[3] : x; argv[4] : y;",
      "startOffset" : 19,
      "endOffset" : 22
    }, {
      "referenceID" : 2,
      "context" : "next row idx); argv[2] : NNZ; argv[3] : x; argv[4] : y;",
      "startOffset" : 34,
      "endOffset" : 37
    }, {
      "referenceID" : 3,
      "context" : "next row idx); argv[2] : NNZ; argv[3] : x; argv[4] : y;",
      "startOffset" : 47,
      "endOffset" : 50
    }, {
      "referenceID" : 4,
      "context" : "The effectiveness of the ACSR algorithm was evaluated on a collection power-law matrices, including those used in previous studies [5], [6], [26], [28].",
      "startOffset" : 131,
      "endOffset" : 134
    }, {
      "referenceID" : 5,
      "context" : "The effectiveness of the ACSR algorithm was evaluated on a collection power-law matrices, including those used in previous studies [5], [6], [26], [28].",
      "startOffset" : 136,
      "endOffset" : 139
    }, {
      "referenceID" : 19,
      "context" : "The effectiveness of the ACSR algorithm was evaluated on a collection power-law matrices, including those used in previous studies [5], [6], [26], [28].",
      "startOffset" : 141,
      "endOffset" : 145
    }, {
      "referenceID" : 21,
      "context" : "The effectiveness of the ACSR algorithm was evaluated on a collection power-law matrices, including those used in previous studies [5], [6], [26], [28].",
      "startOffset" : 147,
      "endOffset" : 151
    }, {
      "referenceID" : 20,
      "context" : "Matrix ACSR versus: BCCOO [27] BRC [1] TCOO [28] HYB [5]",
      "startOffset" : 26,
      "endOffset" : 30
    }, {
      "referenceID" : 0,
      "context" : "Matrix ACSR versus: BCCOO [27] BRC [1] TCOO [28] HYB [5]",
      "startOffset" : 35,
      "endOffset" : 38
    }, {
      "referenceID" : 21,
      "context" : "Matrix ACSR versus: BCCOO [27] BRC [1] TCOO [28] HYB [5]",
      "startOffset" : 44,
      "endOffset" : 48
    }, {
      "referenceID" : 4,
      "context" : "Matrix ACSR versus: BCCOO [27] BRC [1] TCOO [28] HYB [5]",
      "startOffset" : 53,
      "endOffset" : 56
    }, {
      "referenceID" : 20,
      "context" : "Table III shows speed-up of ACSR compared to BCCOO [27], BRC [1], TCOO [28], and HYB [5], when performing a single SpMV.",
      "startOffset" : 51,
      "endOffset" : 55
    }, {
      "referenceID" : 0,
      "context" : "Table III shows speed-up of ACSR compared to BCCOO [27], BRC [1], TCOO [28], and HYB [5], when performing a single SpMV.",
      "startOffset" : 61,
      "endOffset" : 64
    }, {
      "referenceID" : 21,
      "context" : "Table III shows speed-up of ACSR compared to BCCOO [27], BRC [1], TCOO [28], and HYB [5], when performing a single SpMV.",
      "startOffset" : 71,
      "endOffset" : 75
    }, {
      "referenceID" : 4,
      "context" : "Table III shows speed-up of ACSR compared to BCCOO [27], BRC [1], TCOO [28], and HYB [5], when performing a single SpMV.",
      "startOffset" : 85,
      "endOffset" : 88
    }, {
      "referenceID" : 20,
      "context" : "On average, the ratio of preprocessing time to SpMV time, is 161k, 87, 3k, 21, and 3, for BCCOO [27], BRC [1], TCOO [28], HYB [5], and ACSR respectively.",
      "startOffset" : 96,
      "endOffset" : 100
    }, {
      "referenceID" : 0,
      "context" : "On average, the ratio of preprocessing time to SpMV time, is 161k, 87, 3k, 21, and 3, for BCCOO [27], BRC [1], TCOO [28], HYB [5], and ACSR respectively.",
      "startOffset" : 106,
      "endOffset" : 109
    }, {
      "referenceID" : 21,
      "context" : "On average, the ratio of preprocessing time to SpMV time, is 161k, 87, 3k, 21, and 3, for BCCOO [27], BRC [1], TCOO [28], HYB [5], and ACSR respectively.",
      "startOffset" : 116,
      "endOffset" : 120
    }, {
      "referenceID" : 4,
      "context" : "On average, the ratio of preprocessing time to SpMV time, is 161k, 87, 3k, 21, and 3, for BCCOO [27], BRC [1], TCOO [28], HYB [5], and ACSR respectively.",
      "startOffset" : 126,
      "endOffset" : 129
    }, {
      "referenceID" : 21,
      "context" : "In the case of power-law matrices, in general the HYB format is the best among all the formats in the NVIDIA SpMV library [28].",
      "startOffset" : 122,
      "endOffset" : 126
    }, {
      "referenceID" : 20,
      "context" : "4: Ratio of preprocessing time to SpMV for BCCOO [27], BRC [1], TCOO [28], HYB [5], and ACSR in log10 scale.",
      "startOffset" : 49,
      "endOffset" : 53
    }, {
      "referenceID" : 0,
      "context" : "4: Ratio of preprocessing time to SpMV for BCCOO [27], BRC [1], TCOO [28], HYB [5], and ACSR in log10 scale.",
      "startOffset" : 59,
      "endOffset" : 62
    }, {
      "referenceID" : 21,
      "context" : "4: Ratio of preprocessing time to SpMV for BCCOO [27], BRC [1], TCOO [28], HYB [5], and ACSR in log10 scale.",
      "startOffset" : 69,
      "endOffset" : 73
    }, {
      "referenceID" : 4,
      "context" : "4: Ratio of preprocessing time to SpMV for BCCOO [27], BRC [1], TCOO [28], HYB [5], and ACSR in log10 scale.",
      "startOffset" : 79,
      "endOffset" : 82
    }, {
      "referenceID" : 20,
      "context" : "TABLE IV: SpMV time for BCCOO [27], BRC [1], TCOO [28], HYB [5], and ACSR.",
      "startOffset" : 30,
      "endOffset" : 34
    }, {
      "referenceID" : 0,
      "context" : "TABLE IV: SpMV time for BCCOO [27], BRC [1], TCOO [28], HYB [5], and ACSR.",
      "startOffset" : 40,
      "endOffset" : 43
    }, {
      "referenceID" : 21,
      "context" : "TABLE IV: SpMV time for BCCOO [27], BRC [1], TCOO [28], HYB [5], and ACSR.",
      "startOffset" : 50,
      "endOffset" : 54
    }, {
      "referenceID" : 4,
      "context" : "TABLE IV: SpMV time for BCCOO [27], BRC [1], TCOO [28], HYB [5], and ACSR.",
      "startOffset" : 60,
      "endOffset" : 63
    }, {
      "referenceID" : 16,
      "context" : "Due to space limitations, we do not report our comparison against enhanced CSR [21], but our results show that ACSR always outperforms it.",
      "startOffset" : 79,
      "endOffset" : 83
    }, {
      "referenceID" : 15,
      "context" : "In order to illustrate the practical use of the developments reported in this paper, we evaluated ACSR with three well known graph algorithms: PageRank [20], HITS [17] and Random Walk with Restart (RWR) [24].",
      "startOffset" : 152,
      "endOffset" : 156
    }, {
      "referenceID" : 12,
      "context" : "In order to illustrate the practical use of the developments reported in this paper, we evaluated ACSR with three well known graph algorithms: PageRank [20], HITS [17] and Random Walk with Restart (RWR) [24].",
      "startOffset" : 163,
      "endOffset" : 167
    }, {
      "referenceID" : 17,
      "context" : "In order to illustrate the practical use of the developments reported in this paper, we evaluated ACSR with three well known graph algorithms: PageRank [20], HITS [17] and Random Walk with Restart (RWR) [24].",
      "startOffset" : 203,
      "endOffset" : 207
    }, {
      "referenceID" : 21,
      "context" : "As in [28], we combine the above computations into a single SpMV as follows: [ a",
      "startOffset" : 6,
      "endOffset" : 10
    }, {
      "referenceID" : 15,
      "context" : "6: ACSR Speedup relative to CSR and HYB for PageRank [20], HITS [17], and RWR [24] on GTX Titan, single and double precision (SP and DP).",
      "startOffset" : 53,
      "endOffset" : 57
    }, {
      "referenceID" : 12,
      "context" : "6: ACSR Speedup relative to CSR and HYB for PageRank [20], HITS [17], and RWR [24] on GTX Titan, single and double precision (SP and DP).",
      "startOffset" : 64,
      "endOffset" : 68
    }, {
      "referenceID" : 17,
      "context" : "6: ACSR Speedup relative to CSR and HYB for PageRank [20], HITS [17], and RWR [24] on GTX Titan, single and double precision (SP and DP).",
      "startOffset" : 78,
      "endOffset" : 82
    }, {
      "referenceID" : 17,
      "context" : "Random Walk with Restart (RWR) [24] is another graph algorithm that calculates the relevance vector ri, between node i and all other nodes in the graph.",
      "startOffset" : 31,
      "endOffset" : 35
    }, {
      "referenceID" : 4,
      "context" : "For example, Bell and Garland [5] demonstrate that DIA is the superior format for structural matrices which have non-zeros on only a few diagonals.",
      "startOffset" : 30,
      "endOffset" : 33
    }, {
      "referenceID" : 3,
      "context" : "If the sparse matrix is symmetric, PKT [4] is the best format, but it is not optimized for SpMV.",
      "startOffset" : 39,
      "endOffset" : 42
    }, {
      "referenceID" : 6,
      "context" : "In the case of general blocked sparse matrices, formats such as BCSR and BELLPACK [7] are superior.",
      "startOffset" : 82,
      "endOffset" : 85
    }, {
      "referenceID" : 4,
      "context" : "For unstructured matrices, formats such as ELL, HYB [5], BRC [1], BCCOO [27] and TCOO [28] have been shown to be effective.",
      "startOffset" : 52,
      "endOffset" : 55
    }, {
      "referenceID" : 0,
      "context" : "For unstructured matrices, formats such as ELL, HYB [5], BRC [1], BCCOO [27] and TCOO [28] have been shown to be effective.",
      "startOffset" : 61,
      "endOffset" : 64
    }, {
      "referenceID" : 20,
      "context" : "For unstructured matrices, formats such as ELL, HYB [5], BRC [1], BCCOO [27] and TCOO [28] have been shown to be effective.",
      "startOffset" : 72,
      "endOffset" : 76
    }, {
      "referenceID" : 21,
      "context" : "For unstructured matrices, formats such as ELL, HYB [5], BRC [1], BCCOO [27] and TCOO [28] have been shown to be effective.",
      "startOffset" : 86,
      "endOffset" : 90
    }, {
      "referenceID" : 9,
      "context" : "[13] also group rows based on non-zero count.",
      "startOffset" : 0,
      "endOffset" : 4
    }, {
      "referenceID" : 20,
      "context" : "However, as is the case with several other schemes experimentally evaluated in this paper (BCCOO [27], BRC [1], TCOO [28]), the approach of Feng et al.",
      "startOffset" : 97,
      "endOffset" : 101
    }, {
      "referenceID" : 0,
      "context" : "However, as is the case with several other schemes experimentally evaluated in this paper (BCCOO [27], BRC [1], TCOO [28]), the approach of Feng et al.",
      "startOffset" : 107,
      "endOffset" : 110
    }, {
      "referenceID" : 21,
      "context" : "However, as is the case with several other schemes experimentally evaluated in this paper (BCCOO [27], BRC [1], TCOO [28]), the approach of Feng et al.",
      "startOffset" : 117,
      "endOffset" : 121
    }, {
      "referenceID" : 9,
      "context" : "[13] also requires expensive preprocessing operations such as sorting and re-formatting.",
      "startOffset" : 0,
      "endOffset" : 4
    }, {
      "referenceID" : 21,
      "context" : "We also thank Xintian Yang [28], and Shengen Yan [27] for providing us with the source codes of their implementations.",
      "startOffset" : 27,
      "endOffset" : 31
    }, {
      "referenceID" : 20,
      "context" : "We also thank Xintian Yang [28], and Shengen Yan [27] for providing us with the source codes of their implementations.",
      "startOffset" : 49,
      "endOffset" : 53
    } ],
    "year" : 2014,
    "abstractText" : "Sparse matrix-vector multiplication (SpMV) is a widely used computational kernel. The most commonly used format for a sparse matrix is CSR (Compressed Sparse Row), but a number of other representations have recently been developed that achieve higher SpMV performance. However, the alternative representations typically impose a significant preprocessing overhead. While a high preprocessing overhead can be amortized for applications requiring many iterative invocations of SpMV that use the same matrix, it is not always feasible – for instance when analyzing large dynamically evolving graphs. This paper presents ACSR, an adaptive SpMV algorithm that uses the standard CSR format but reduces thread divergence by combining rows into groups (bins) which have a similar number of non-zero elements. Further, for rows in bins that span a wide range of non zero counts, dynamic parallelism is leveraged. A significant benefit of ACSR over other proposed SpMV approaches is that it works directly with the standard CSR format, and thus avoids significant preprocessing overheads. A CUDA implementation of ACSR is shown to outperform SpMV implementations in the NVIDIA CUSP and cuSPARSE libraries on a set of sparse matrices representing power-law graphs. We also demonstrate the use of ACSR for the analysis of dynamic graphs, where the improvement over extant approaches is even higher. Keywords—SpMV, GPU, CSR, HYB, ACSR",
    "creator" : null
  }
}