{
  "name" : "acm_10.1145##361219.361220.pdf",
  "metadata" : {
    "source" : "CRF",
    "title" : "AVector Space Model for Automatic Indexing",
    "authors" : [ "G. Salton", "A. Wong" ],
    "emails" : [ ],
    "sections" : [ {
      "heading" : null,
      "text" : "Informat ion Retrieval C.A. M o n t g o m e r y and Language Processing Edi tor\nAVector Space Model for Automatic Indexing G. Salton, A. Wong and C. S. Yang Cornell University"
    }, {
      "heading" : "In a document retrieval, or other pattern matching",
      "text" : "environment where stored entities (documents) are compared with each other or with incoming patterns (search requests), it appears that the best indexing (property) space is one where each entity lies as far away from the others as possible; in these circumstances the value of an indexing system may be expressible as a function of the density of the object space; in particular, retrieval performance may correlate inversely with space density. An approach based on space density computations is used to choose an optimum indexing vocabulary for a collection of documents. Typical evaluation results are shown, demonstating the usefulness of the model.\nKey Words and Phrases: automatic information retrieval, automatic indexing, content analysis, document space\nCR Categories: 3.71, 3.73, 3.74, 3.75\nCopyright © 1975, Association for Computing Machinery, Inc. General permission to republish, but not for profit, all or part of this material is granted provided that ACM's copyright notice is given and that reference is made to the publication, to its date of issue, and to the fact that reprinting privileges were granted by permission of the Association for Computing Machinery.\nThis study was supported in part by the National Science Foundation under grant GN 43505. Authors' addresses: G. Salton and A. Wong, Department of Computer Science, CorneU University, Ithaca, NY 14850; C. S. Yang, Department of Computer Science, The University of Iowa, lowa City, IA, 52240.\n1 Although we speak of documents and index terms, the present development applies to any set of entities identified by weighted property vectors.\nRetrieval performance is often measured by parameters such as recall and precision, reflecting the ratio of relevant items actually retrieved and of retrieved items actually relevant. The question concerning optimum space configurations may then be more conventionally expressed in terms of the relationship between document indexing, on the one hand, and retrieval performance, on the other.\n1. Document Space Configurations\nConsider a document space consisting of documents Di , each identified by one or more index terms Tj; the terms may be weighted according to their importance, or unweighted with weights restricted to 0 and 1.1 A typical three-dimensional index space is shown in Figure 1, where each item is identified by up to three distinct terms. The three-dimensional example may be extended to t dimensions when t different index terms are present. In that case, each document Di is represented by a t-dimensional vector\nD i = ( d a , di., , . . . , d i , ) ,\nd,j representing the weight of the j th term. Given the index vectors for two documents , it is possible to compute a similarity coefficient between them, s ( D i , D j ) , which reflects the degree of similarity in the corresponding terms and term weights. Such a similarity measure might be the inner p roduc t of the two vectors, or alternatively an inverse function of the angle between the corresponding vector pairs; when the term assignment for two vectors is identical, the angle will be zero, producing a max imum similarity measure.\nInstead of identifying each document by a complete vector originating at the 0-point in the coordina te system, the relative distance between the vectors is preserved by normaliz ing all vector lengths to one, and considering the project ion of the vectors onto the envelope of the space represented by the unit sphere. In that case, each documen t may be depicted by a single point whose posit ion is specified by the area where the corresponding documen t vector touches the envelope of the space. Two documents with similar index terms are then represented by points that are very close together in the space, and, in general, the distance between two document points in the space is inversely correlated with the similarity between the corresponding vectors.\nSince the configurat ion of the documen t space is a funct ion of the manner in which terms and term weights are assigned to the various documents of a collection, one may ask whether an op t imum document space configurat ion exists, that is, one which produces an op t imum retrieval performance. 2\nI f nothing special is known about the documents under consideration, one might conjecture that an ideal document space is one where documents that are joint ly relevant to certain user queries are clustered together, thus insuring that they would be retrievable joint ly in response to the cor responding queries. Contrariwise, documents tha t are never wanted simul-\n613 Communications November 1975 of Volume 18 the ACM Number 11\ntaneously would appear well separated in the document space. Such a situation is depicted in Figure 2, where the distance between two x's representing two documents is inversely related to the similarity between the corresponding index vectors.\nWhile the document configuration of Figure 2 may indeed represent the best possible situation, assuming that relevant and nonrelevant items with respect to the various queries are separable as shown, no practical way exists for actually producing such a space, because during the indexing process, it is difficult to anticipate what relevance assessments the user population will provide over the course of time. That is, the optimum configuration is difficult to generate in the absence of a priori knowledge of the complete retrieval history for the given collection.\nIn these circumstances, one might conjecture that the next best thing is to achieve a maximum possible separation between the individual documents in the space, as shown in the example of Figure 3. Specifically, for a collection of n documents, one would want to minimize the function\nr = ~ ~ s(Di, D~), (1) i = l j = l\nwhere s(Di, Dr) is the similarity between documents i and j . Obviously when the function of eq. (1) is minimized, the average similarity between document pairs is smallest, thus guaranteeing that each given document may be retrieved when located sufficiently close to a user query without also necessarily retrieving its neighbors. This insures a high precision search output, since a given relevant item is then retrievable without also retrieving a number of nonrelevant items in its vicinity. In cases where several different relevant items for a given query are located in the same general area of the space, it may then also be possible to retrieve many of the relevant items while rejecting most of the nonrelevant. This produces both high recall and high precision?\nTwo questions then arise: first, is it in fact the case that a separated document space leads to a good retrieval performance, and vice-versa that improved retrieval performance implies a wider separation of the documents in the space; second, is there a practical way of measuring the space separation. In practice, the expression of eq. (1) is difficult to compute, since the number of vector comparisons is proportional to n 2 for a collection of n documents.\nFor this reason, a clustered document space is best considered, where the documents are grouped into classes, each class being represented by a class centroid.\n3 In practice, the best performance is achieved by obtaining for each user a desired recall level (a specified proportion of the relevant items); at that recall level, one then wants to maximize precision by retrieving as few of the nonrelevant items as possible.\n4 A number of well-known clustering methods exist for automatically generating a clustered collection from the term vectors representing the individual documents [l].\n614\nFig. 1. Vector representation of document space.\nY I\nt\nD 3 = (T I \", TZ\" T3\" )\nL /\n/ /\n/ /\n/ /\nT 3\nD I = ( T I , T 2 , T 3 )\n. . . . ~ T 2\n- (T I ' , T I t ' , T ) ' )\nFig. 2. Ideal document space.\n/ r - ~ \\ [ \\ ~ ] Groups of Re levan t - I tems\n\\ /\nX Indiv idual Documen ts\nX x x X X X X X X\nX Indiv idual D o c u m e n t\nCommunications November 1975 of Volume 18 the ACM Number 11\nFig. 4. Clustered document space.\n• Cluster Centroid\nm Main centroid\nof clustering represents most closely the separated space shown for the unclustered case in Figure 3. I f one assumes that documents that are closely related within a single cluster normally exhibit identical relevance characteristics with respect to most user queries, then the best retrieval performance should be obtainable with a clustered space exhibiting tight individual clusters, but large intercluster distances; that is, (a) the average similarity between pairs of documents within a single cluster should be maximized, while simultaneously (b) the average similarity between different cluster centroids is minimized. The reverse obtains for cluster organizations not conducive to good performance where the individual clusters should be loosely defined, whereas the distance between different cluster cefitroids should be small.\nIn the remainder of this study, actual performance figures are given relating document space density to retrieval performance, and conclusions are reached regarding good models for automatic indexing.\nA typical clustered document space is shown in Figure 4, where the various document groups are represented by circles and the centroids by black dots located more or less at the center of the respective clusters. 4 For a given document class K comprising m documents, each element of the centroid C may then be defined as the average weight of the same elements in the corresponding document vectors, that is,\ncj = ( l /m) ~ dij. (2) i = 1\nDiCK\nCorresponding to the centroid of each individual document cluster, a centroid may be defined for the whole document space. This main centroid, represented by a small rectangle in the center of Figure 4, may then be obtained from the individual cluster centroids in the same manner as the cluster centroids are computed from the individual documents. That is, the main centroid of the complete space is simply the weighted average of the various cluster centroids.\nIn a clustered document space, the space density measure consisting of the sum of all pairwise document similarities, introduced earlier as eq. (1), may be replaced by the sum of all similarity coefficients between each document and the main centroid; that is\nQ = ~ s(C*, Di), (3) i = 1\nwhere C* denotes the main centroid. Whereas the computat ion of eq. (1) requires n 2 operations, an evaluation of eq. (3) is proport ional to n whenever s(Di, Dr) is proport ional to the inner product of the corresponding vectors.\nGiven a clustered document space such as the one shown in Figure 4, it is necessary to decide what type\n615\n2. Correlation between Indexing Performance and Space Density\nThe main techniques useful for the evaluation of automatic indexing methods are now well understood. In general, a simple straightforward process can be used as a baseline criterion; for example, the use of certain word stems extracted from documents or document abstracts, weighted in accordance with the frequency of occurrence (fi k) of each term k in document i. This method is known as term-frequency weighting. Recall-precision graphs can be used to compare the performance of this standard process against the output produced by more refined indexing methods. Typically, a recall-precision graph is a plot giving precision figures, averaged over a number of user queries, at ten fixed recall levels, ranging from 0.1 to 1.0 in steps of 0.1. The better indexing method will of course produce higher precision figures at equivalent recall levels.\nOne of the best automatic term weighting procedures evaluated as part of a recent study consisted of multiplying the standard term frequency weight j5 k by a factor inversely related to the document frequency dk of the term (the number of documents in the collection to which the term is assigned). [2] Specifically, if dk is the document frequency of term k, the inverse document frequency IDFk of term k may be defined as [3]:\n(IDF)k = flog2 n 7 -- flog2 dk 7 + 1.\nA term weighting system proportional to (f~k.IDF~) will assign the largest weight to those terms which arise with high frequency in individual documents, but are at the same time relatively rare in the collection as a whole.\nI t was found in the earlier study that the average improvement in recall and precision (average precision\nCommunications November 1975 of Volume 18 the ACM Number 11\nimprovement at the ten fixed recall points) was about 14 percent for the system using inverse document frequencies over the standard term frequency weighting. The corresponding space density measurements are shown in Table I(a) using two different cluster organizations for a collection of 424 documents in aerodynamics:\n(i) Cluster organization A is based on a large number of relatively small clusters, and a considerable amount of overlap between the clusters (each document appears in about two clusters on the average); the clusters are defined from the document-query relevance assessments, by placing into a common class all documents jointly declared relevant to a given user query. (ii) Cluster organization B exhibits fewer classes (83 versus 155) of somewhat larger size (6.6 documents per class on the average versus 5.8 for cluster organization A); there is also much less overlap among the clusters (1.3 clusters per document versus 2.1). The classes are constructed by using a fast automatic tree-search algorithm due to Williamson. [4]\nA number of space density measures are shown in Table I(a) for the two cluster organizations, including the average similarity between the documents and the corresponding cluster centroids (factor x); the average similarity between the cluster centroids and the main centroid; and the average similarity between pairs of cluster centroids (factor y). Since a well-separated\nTable I. Effect of Performance Change on Space Density\nspace corresponds to tight clusters (large x) and large differences between different clusters (small y), the ratio y / x can be used to measure the overall space density [5].\nIt may be seen from Table l(a) that all density measures are smaller for the indexing system based on inverse document frequencies; that is, the documents within individual clusters resemble each other less, and so do the complete clusters themselves. However, the \"spreading out\" of the clusters is greater than the spread of the documents inside each cluster. This accounts for the overall decrease in space density between the two indexing systems. The results of Table I(a) would seem to support the notion that improved recallprecision performance is associated with decreased density in the document space.\nThe reverse proposition, that is, whether decreased performance implies increased space density, may be tested by carrying out term weighting operations inverse to the ones previously used. Specifically, since a weighting system in inverse document frequency order produces a high recall-precision performance, a system which weights the terms directly in order of their document frequencies (terms occurring in a large number of documents receive the highest weights) should be correspondingly poor. In the output of Table l(b), a term weighting system proport ional to (f,k. DFz.) is used, where f , : is again the term frequency of term k in document i, and DFk is defined as IO/(IDF)A.. The recall-precision figures of Table l(b) show that such a\n(a) Effect of performance improvement on space density\nCluster organization A Cluster organization B\n(b) Effect of performance deterioration on space density\nType of indexing\nCluster organization A Cluster organization B (155 clusters; (83 clusters; (155 clusters; (83 clusters; 2.1 overlap) 1.3 overlap) 2.1 overlap) 1.3 overlap)\nTerm Term Standard frequency Standard frequency term with term with frequency inverse frequency inverse weights doc. freq. weights doc. freq.\n(fi k) (fl k. IDFk) (fl k) (fi k\" IDFk)\nTerm Term Standard frequency Standard frequency term with term with frequency document frequency document weights frequency weights frequency\n(fi k) (fik'DFk) (fi k) (flk'DFk)\nRecall-precision output* - - +14% - - +14% - - - 10.1% - - - 10.1%\nAverage similarity between documents and correspond- .712 .668 .650 .589 .712 .741 .650 .696 ing cluster centeroids (x) ( - .044) ( - .061 ) (+ .029) (+ .046)\nAverage similarity between cluster centroids and .500 .454 .537 .492 .500 .555 .537 .574 main centroid (--.046) (--.045) (+ .055) (+ .037)\nAverage similarity between pairs of cluster .273 .209 .315 .252 .273 .329 .315 .362 centroids (y) (--.046) (--.063) (+.056) (+.047)\nRatio y/x .273/.712 .209/.668 .315/.650 .252/,.589 .273/.712 .329/.741 .315/.650 .362/.696 = .383 = .318 = .485 = .428 = . 3 8 3 =.44z) = .485 = .520\n(--19%) (--12%) (+16~o) (+7%)\n* From [2].\n616 Communications of the ACM\nNovember 1975 Volume 18 Number 11\nweighting system produces a decreased performance of about ten percent, compared with the standard.\nThe space density measurements included in Table I(b) are the same as those in Table I(a). For the indexing system of Table I(b), a general \"bunching up\" of the space is noticeable, both inside the clusters and between clusters. However, the similarity of the various cluster centroids increases more than that between documents inside the clusters. This accounts for the higher y/x factor by 16 and 7 percent for the two cluster organizations, respectively.\n3. Correlation Between Space Density and Indexing Performance\nIn the previous section certain indexing methods which operate effectively in a retrieval environment were seen to be associated with a decreased density of the vectors in the document space, and contrariwise, poor retrieval performance corresponded to a space that is more compressed.\nThe relation between space configuration and retrieval performance may, however, also be considered from the opposite viewpoint. Instead of picking document analysis and indexing systems with known performance characteristics and testing their effect on the density of the document space, it is possible to change the document space configurations artificially in order to ascertain whether the expected changes in recall and precision are in fact produced.\nThe space density criteria previously given stated that a collection of small tightly clustered documents with wide separation between individual clusters should produce the best performance. The reverse is true of large nonhomogeneous clusters that are not well separated. To achieve improvements in performance, it would then seem to be sufficient to increase the similarity between document vectors located in the same cluster, while decreasing the similarity between different clusters or cluster centroids. The first effect is achieved by emphasizing the terms that are unique to only a few clusters, or terms whose cluster occurrence frequencies are highly skewed (that is, they occur with large occurrence frequencies in some clusters, and with much lower frequencies in many others). The second result is produced by deemphasizing terms that occur in many different clusters.\nTwo parameters may be introduced to be used in carrying out the required transformations [5]:\nNC(k) : the number of clusters in which term k occurs (a term occurs in a cluster if it is assigned to at least one document in that cluster) ; and\nCF(k,j): the cluster frequency of term k in cluster j that is, the number of documents in cluster j in which term k occurs.\nFor a collection arranged into p clusters, the average\ncluster frequency (CF(k)) may then be defined from CF(k, j) as\n(CF(k)) = ( l /p ) k CF(k,j). j = l\nGiven the above parameters, the skewness of the occurrence frequencies of the terms may now be measured by a factor such as\nFa = I(CF(k)) -- CF(k,j) I.\nOn the other hand, a factor Fz inverse to NC(k) [for example, 1/NC(k)] can be used to reflect the rarity with which term k is assigned to the various clusters. By multiplying the weight of each term k in each cluster j by a factor proportional to F1.F.2 a suitable spreading out should be obtained in the document space. Contrariwise, the space will be compressed when a multiplicative factor proportional to 1/(FI.F2) is used.\nThe output of Table II(a) shows that a modification of term weights by the F~.F.., factor produces precisely the anticipated effect: the similarity between documents included in the same cluster (factor x) is now greater, whereas the similarity between different cluster centroids (factor y) has decreased. Overall, the space density measure (y/x) decreases by 18 and 11 percent respectively for the two cluster organizations. The average retrieval performance for the spread-out space shown at the bot tom of Table II(a) is improved by a few percentage points.\nThe corresponding results for the compression of the space using a transformation factor of 1/(Fx.F.2) are shown in Table ll(b). Here the similarity between documents inside a cluster decreases, whereas the similarity between cluster centroids increases. The overall space density measure (y/x) increases by 11 and 16 percent for the two cluster organizations compared with the space representing the standard term frequency weighting. This dense document space produces losses in recall and precision performance of 12 to 13 percent.\nTaken together, the results of Tables I and II indicate that retrieval performance and document space density appear inversely related, in the sense that effective indexing methods in terms of recall and precision are associated with separated (compressed) document spaces; on the other hand, artificially generated alterations in the space densities appear to produce the anticipated changes in performance.\nThe foregoing evidence thus confirms the usefulness of the \" term discrimination\" model and of the automatic indexing theory based on it. These questions are examined briefly in the remainder of this study.\n4. The Discrimination Value Model\nFor some years, a document indexing model known as the term discrimination model has been used experi-\n617 Communications November 1975 of Volume 18 the ACM Number 11\nTable II. Effect of Cluster Density on Performance\n(a) Effect of low cluster density (b) Effect of high cluster density on performance on performance\nCluster organization A Cluster organization B Cluster organization A Cluster organization B (155 clusters; (83 clusters; (155 clusters; (83 clusters; 2.1 overlap) 1.3 overlap) 2.1 overlap) 1.3 overlap)\nStandard Low Standard Low Standard High Standard High cluster cluster cluster cluster cluster cluster cluster cluster density density density density density density density density\n(emphasis (emphasis (emphasis (emphasis on low on low on high on high\n(term frequency (term frequency (term frequency (term frequency frequency and skewed frequency and skewed frequency and even frequency and even weights) terms) weights) terms) weights) terms) weights) terms)\nAverage similarity between documents and their .712 centroids (x) Average similarity between cluster centroids and .500 main centroid Average similarity between .273 pairs of centroids (y) Ratio y/x .273/.712 = . 383\nRecall-precision comparison\n.730 .650 .653 .712 .681 .650 .645 (+ .018) (+ .003) (-- .031) (-- .005)\n.477 .537 .528 .500 .523 .537 .531 (-- .023) (-- .009) (+ .023) (-- .006)\n.229 .315 .281 .273 .290 .315 .364 (-- .044) (-- .034) (+ .017) (+ .049) .229/.730 .315/.650 .281/.653 .273/.712 .290/.681 .315/.650 .364/.645 = .314 = .485 = .430 = .383 = .426 = .485 = .561\n(--18%) (--11%) (+11%) (+16%) +2.6% - - +2.3% - - --12.4% - - --13.3%\nmenta l ly . [2, 6] This model bases the value of an index te rm on its \"d i s c r im ina t i on va lue\" DV, tha t is, on an index which measures the extent to which a given te rm is able to increase the differences a m o n g d o c u m e n t vectors when ass igned as an index te rm to a given collect ion of documen t s . A \" g o o d \" index term, tha t is, one with a high d i sc r imina t ion value, decreases the s imi la r i ty between d o c u m e n t s when ass igned to the col lec t ion , as shown in the example of F igure 5. The reverse ob ta ins for the \" b a d \" index te rm with a low d i sc r imina t ion value.\nTo measure the d i sc r imina t ion value of a te rm, it is sufficient to take the difference in the space densi t ies before and after ass ignment of the pa r t i cu la r term. Specifically, let the dens i ty of the comple te space be measured by a funct ion Q such as tha t of eq. (3); tha t is, by the sum of the s imilar i t ies between all documents and the space cent ro id . The con t r i bu t ion of a\nFig. 5. Operation of good discriminating term.\nBefore Assignment of Term\nx\nAfter Assignment of Term\nX Document\n0 Main Centroid\n618\nTable llI . Terms in Discrimination Value Order (1963 Time Magazine)\nGood terms Poor terms\n1. Buddhist 7560. Work 2. Diem 7561. Lead 3. Lao 7562. Red 4. Arab 7563. Minister 5. Viet 7564. Nation 6. Kurd 7565. Party 7. Wilson 7566. Commune 8. Baath 7567. U.S. 9. Park 7568. Govern\n10. Nenni 7569. New\ngiven te rm k to the space dens i ty may be asce r ta ined by c o m p u t i n g the funct ion\nD V~. = Q k - Q, (4)\nwhere Qk is the compac tnes s of the d o c u m e n t space with te rm k dele ted f rom all d o c u m e n t vectors . I f t e rm k is a good d i sc r imina to r , va luab le for con ten t identif if ication, then Qk > Q, tha t is, the d o c u m e n t space after r emova l of t e rm k will be more c o m p a c t (because upon ass ignment of tha t t e rm to the d o c u m e n t s of a col lect ion the documen t s will resemble each o ther less and the space spreads out) . Thus for good d i sc r iminators Qk - Q > 0; the reverse ob ta ins for p o o r d iscr imina tors , for which Qk - Q < 0.\nBecause of the m a n n e r in which the d i s c r imina t ion values are defined, it is clear tha t the good d i s c r imina to r s mus t be those with uneven occur rence f requency dist r ibu t ions which cause the space to sp read out when\nCommunications November 1975 of Volume 18 the ACM Number 11\nassigned by decreasing the similarity between the individual documents. The reverse is true for the bad discriminators. A typical list including the ten best terms and the ten worst terms in discrimination value order (in order by the Qk -- Q value) is shown in Table I I I for a collection of 425 articles in world affairs from Time magazine. A total of 7569 terms are used for this collection, exclusive of the common English function words that have been deleted.\nIn order to translate the discrimination value model into a possible theory of indexing, it is necessary to examine the properties of good and bad discriminators\nFig. 6. Average discrimination value rank of terms.\nDiscrimination Rank Average Term\n5000'\n4000\nMedlars Collection 450 Documents i 4726 Terms\n3 0 0 0\n2000\nI OOO /\n500\nI s 5 \"t e it is 15-16 19-20Z3-2530\"-3239-44~69-156\n3 8 4 5 6 7 5 terms 206 terms terms\nDocument Frequency\nin greater detail. Figure 6 is a graph of the terms assigned to a sample collection of 450 documents in medicine, presented in order by their document frequencies. For each class of te rms-- those of document frequency 1, document frequency 2, etc . - - the average rank of the corresponding terms is given in discrimination value order (rank 1 is assigned to the best discriminator and rank 4726 to the worst term for the 4726 terms of the medical collection).\nFig. 6 shows that terms of low document frequency, i.e. those that occur in only one, or two, or three documents, have rather poor average discrimination ranks. The several thousand terms of document frequency 1 have an average rank exceeding 3000 out of 4726 in discrimination value order. The terms with very high document frequency, i.e. at least one term in the medical collection occurs in as many as 138 documents out of 450, are even worse discriminators; the terms with document frequency greater than 25 have average discrimination values in excess of 4000 in the medical collection. The best discriminators are those whose document frequency is neither too low nor too high.\nThe situation relating document frequency to term discrimination value is summarized in Figure 7. The 4 percent of the terms with the highest document frequency, representing about 50 percent of the total term assignments to the documents of a collection, are the worst discriminators. The 70 percent of the terms with the lowest document frequency are generally poor discriminators. The best discriminators are the 25 percent whose document frequency lies approximately between 17/100 and tl/10 for n documents.\nI f the model of Figure 7 is a correct representation of the situation relating to term importance, the following indexing strategy results [6, 7]:\n(a) Terms with medium document frequency should be used for content identification directly, without further transformation.\n(b) Terms with very high document frequency should be moved to the left on the document frequency spectrum by transforming them into entities of lower frequency; the best way of doing this is by taking highfrequency terms and using them as components of indexing phrases--a phrase such as \"programming language\" will necessarily exhibit lower document\nFig. 7. Summarization of discrimination value of terms in frequency ranges.\nleft - t o - Right Ri ght- to - Left Recoil Improving Precision Improving\nIP 4\nPoor Worst Discriminators Best Discrimlnotors Discriminators\n[ \\ \\ \\ \\ \\ \\ , . I / / / , , . , . . / / / / / / / / / / ]1 I I I I I I I I I i O nllO0 ollO hi2\n70°1o of Terms 26% of T e r m s 4% of Terms\n(5,0% of Term assignments)\nDocument ;~ Frequency\n(n Documents in oil)\n619 Communications of the ACM\nNovember 1975 Volume 18 Number 11\nfrequency than either \"program\" , or \" language\" alone.\n(c) Terms with very low document frequency should be moved to the right on the document frequency spectrum by being transformed into entities of higher frequency; one way of doing this is by collecting several low frequency terms that appear semantically similar and including them in a common term (thesaurus) class. Each thesaurus class necessarily exhibits a higher document frequency than any of the component members that it replaces.\nThe indexing theory which consists in using certain elements extracted from document texts directly as index terms, combined with phrases made up of high frequency components and thesaurus classes defined from low frequency elements has been tested using document collections in aerodynamics (CRAN), medicine (MED), and world affairs (TIME) [2, 6, 7]. A typical recall-precision plot showing the effect of the right-to-left phrase transformation is shown in Figure 8 for the Medlars collection of 450 medical documents.\nFig. 8. Average recall-precision comparison for phrases (Medlars: 450 documents, 24 queries).\n1.0\n,9\n.8\n.7\n.6\n.5\n.3\n,2\n,1\nPrecision\no~\nx o k\no \\\n\"°--.o\n- \\ \\ \"--..<\nStandard Phrase Term Assignment Prequency\no\nR Preeision\n0.1 .7891 0.2 .6750 0.3i .5481 0.4 .4807 0.5 .438~ 0.6 .3721 0.7 .3357 0,8 .2195 0,9 .1768 1.0 ,1230\nAverage\nImprovement\n.8811 .8149 .6992 .6481 .5930 .5450 .4867 .3263 .2767 .1969\n+ 39%\nt I i ' 2 Recall .1 ,2 .3 .q .5 ,6 .7 .8 ,9 l.O\nTable IV. Summary of Recall-Precision Evaluation (Three Collections)\nCRAN 424 MED 450 TIME 425\nAutomatic phrases vs. standard term frequency -k- 32% -t- 39% q- 17% Automatic phrases plus thesaurus vs. standard run +33% +50% +18% Best Precision low recall 0.89 0.88 0.85 medium recall 0.43 0.61 0.70 high recall 0.13 0.23 0.45\nWhen recall is plotted against precision, the curve closest to the upper right-hand corner of the graph (where both recall and precision are close to 1) reflects the best performance. It may be seen from Figure 8 that the replacement of the high frequency nondiscriminators by lower frequency phrases improves the retrieval performance by an average of 39 percent (the precision values at the ten fixed recall points are greater by an average of 39 percent).\nThe performance of the right-to-left (phrase) transformation and left-to-right (thesaurus) t ransformation is summarized in Table IV for the three previously mentioned test collections. The precision values obtainable are near 90 percent for low recall, between 40 and 70 percent for medium recall, and between 15 and 45 percent at the high recall end of the performance spectrum. The overall improvement obtainable by phrase and thesaurus class assignments over the standard term frequency process using only the unmodified single terms ranges from 18 percent for the world affairs collection to 50 percent for the medical collection.\nA conclusive proof relating the space density analysis and the resulting document frequency indexing model to optimality in the retrieval performance cannot be furnished. However, the model appears to perform well for collections in several different subject areas, and the performance results produced by applying the theory have not in the authors ' experience been surpassed by any other manual or automatic indexing and analysis procedures tried in earlier experiments. The model may then lead to the best performance obtainable with ordinary document collections operating in actual user environments.\nReceived July 1974; revised Marcia 1975\nReferences 1. Salton, G. Automatic btformation Organiza;ion and Retrieval. McGraw-Hill, New York, 1968, Ch. 4. 2. Salton, G., and Yang, C.S. On the specification of term values in automatic indexing. J. Documen. 29, 4 (Dec. 1973), 351-372. 3. Sparck Jones, K. A statistical interpretation of term specificity and its application to retrieval. J. Documen. 28, 1 (March 1972), 11-20. 4. Williamson, R.E. Real-time document retrieval. Ph.D. Th., Computer Sci. Dep., Cornell U., June 1974. 5. Wong, A. An investigation of the effects of different indexing methods on the document space configuration. Sci. Rep. ISR-22, Computer Sci. Dep., Cornell U., Section II, Nov. 1974. 6. Salton, G. A theory of indexing. Regional Conference Series in Applied Mathematics No. 18, SIAM, Philadelphia, Pa., 1975. 7. Salton, G., Yang, C.S., and Yu, C.T. Contribution to the theory of indexing. Proc. 1FIP Congress 74, Stockholm, August 1974. American Elsevier, New York, 1974.\n620 Communications November 1975 of Volume 18 the ACM Number 11"
    } ],
    "references" : [ {
      "title" : "Automatic btformation Organiza;ion and Retrieval",
      "author" : [ "G. Salton" ],
      "venue" : "McGraw-Hill, New York,",
      "citeRegEx" : "1",
      "shortCiteRegEx" : "1",
      "year" : 1968
    }, {
      "title" : "On the specification of term values in automatic indexing",
      "author" : [ "G. Salton", "C.S. Yang" ],
      "venue" : "J. Documen. 29,",
      "citeRegEx" : "2",
      "shortCiteRegEx" : "2",
      "year" : 1973
    }, {
      "title" : "A statistical interpretation of term specificity and its application to retrieval",
      "author" : [ "K. Sparck Jones" ],
      "venue" : "J. Documen. 28,",
      "citeRegEx" : "3",
      "shortCiteRegEx" : "3",
      "year" : 1972
    }, {
      "title" : "Real-time document retrieval",
      "author" : [ "R.E. Williamson" ],
      "venue" : "Ph.D. Th., Computer Sci. Dep., Cornell U.,",
      "citeRegEx" : "4",
      "shortCiteRegEx" : "4",
      "year" : 1974
    }, {
      "title" : "An investigation of the effects of different indexing methods on the document space configuration",
      "author" : [ "A. Wong" ],
      "venue" : "Sci. Rep. ISR-22,",
      "citeRegEx" : "5",
      "shortCiteRegEx" : "5",
      "year" : 1974
    }, {
      "title" : "A theory of indexing",
      "author" : [ "G. Salton" ],
      "venue" : "Regional Conference Series in Applied Mathematics No. 18,",
      "citeRegEx" : "6",
      "shortCiteRegEx" : "6",
      "year" : 1975
    }, {
      "title" : "Contribution to the theory of indexing",
      "author" : [ "G. Salton", "C.S. Yang", "C.T. Yu" ],
      "venue" : "Proc. 1FIP Congress",
      "citeRegEx" : "7",
      "shortCiteRegEx" : "7",
      "year" : 1974
    } ],
    "referenceMentions" : [ {
      "referenceID" : 1,
      "context" : "[2] Specifically, if dk is the document frequency of term k, the inverse document frequency IDFk of term k may be defined as [3]:",
      "startOffset" : 0,
      "endOffset" : 3
    }, {
      "referenceID" : 2,
      "context" : "[2] Specifically, if dk is the document frequency of term k, the inverse document frequency IDFk of term k may be defined as [3]:",
      "startOffset" : 125,
      "endOffset" : 128
    }, {
      "referenceID" : 4,
      "context" : "Effect of Performance Change on Space Density space corresponds to tight clusters (large x) and large differences between different clusters (small y), the ratio y / x can be used to measure the overall space density [5].",
      "startOffset" : 217,
      "endOffset" : 220
    }, {
      "referenceID" : 4,
      "context" : "Two parameters may be introduced to be used in carrying out the required transformations [5]:",
      "startOffset" : 89,
      "endOffset" : 92
    }, {
      "referenceID" : 1,
      "context" : "[2, 6] This model bases the value of an index te rm on its \"d i s c r im ina t i on va lue\" DV, tha t is, on an index which measures the extent to which a given te rm is able to increase the differences a m o n g d o c u m e n t vectors when ass igned as an index te rm to a given collect ion of documen t s .",
      "startOffset" : 0,
      "endOffset" : 6
    }, {
      "referenceID" : 5,
      "context" : "[2, 6] This model bases the value of an index te rm on its \"d i s c r im ina t i on va lue\" DV, tha t is, on an index which measures the extent to which a given te rm is able to increase the differences a m o n g d o c u m e n t vectors when ass igned as an index te rm to a given collect ion of documen t s .",
      "startOffset" : 0,
      "endOffset" : 6
    }, {
      "referenceID" : 5,
      "context" : "I f the model of Figure 7 is a correct representation of the situation relating to term importance, the following indexing strategy results [6, 7]:",
      "startOffset" : 140,
      "endOffset" : 146
    }, {
      "referenceID" : 6,
      "context" : "I f the model of Figure 7 is a correct representation of the situation relating to term importance, the following indexing strategy results [6, 7]:",
      "startOffset" : 140,
      "endOffset" : 146
    }, {
      "referenceID" : 1,
      "context" : "The indexing theory which consists in using certain elements extracted from document texts directly as index terms, combined with phrases made up of high frequency components and thesaurus classes defined from low frequency elements has been tested using document collections in aerodynamics (CRAN), medicine (MED), and world affairs (TIME) [2, 6, 7].",
      "startOffset" : 341,
      "endOffset" : 350
    }, {
      "referenceID" : 5,
      "context" : "The indexing theory which consists in using certain elements extracted from document texts directly as index terms, combined with phrases made up of high frequency components and thesaurus classes defined from low frequency elements has been tested using document collections in aerodynamics (CRAN), medicine (MED), and world affairs (TIME) [2, 6, 7].",
      "startOffset" : 341,
      "endOffset" : 350
    }, {
      "referenceID" : 6,
      "context" : "The indexing theory which consists in using certain elements extracted from document texts directly as index terms, combined with phrases made up of high frequency components and thesaurus classes defined from low frequency elements has been tested using document collections in aerodynamics (CRAN), medicine (MED), and world affairs (TIME) [2, 6, 7].",
      "startOffset" : 341,
      "endOffset" : 350
    } ],
    "year" : 1975,
    "abstractText" : "In a document retrieval, or other pattern matching environment where stored entities (documents) are compared with each other or with incoming patterns (search requests), it appears that the best indexing (property) space is one where each entity lies as far away from the others as possible; in these circumstances the value of an indexing system may be expressible as a function of the density of the object space; in particular, retrieval performance may correlate inversely with space density. An approach based on space density computations is used to choose an optimum indexing vocabulary for a collection of documents. Typical evaluation results are shown, demonstating the usefulness of the model.",
    "creator" : null
  }
}