{
  "name" : "ieee_924286.pdf",
  "metadata" : {
    "source" : "CRF",
    "title" : null,
    "authors" : [ "Eleazar Eskin", "Erez Zadok" ],
    "emails" : [ "mgs@cs.columbia.edu", "eeskin@cs.columbia.edu", "ezk@cs.sunysb.edu", "sal@cs.columbia.edu" ],
    "sections" : null,
    "references" : [ {
      "title" : "Machine learning of rules and trees. In Machine Learning, Neural and Statistical Class$cation",
      "author" : [ "D.Michie", "D.J.Spiegelhalter", "C.C.TaylorD" ],
      "venue" : null,
      "citeRegEx" : "6",
      "shortCiteRegEx" : "6",
      "year" : 1994
    }, {
      "title" : "Protein Family Classification using Sparse Markov Transducers",
      "author" : [ "Eleazar Eskin", "William Noble Grundy", "Yoram Singer" ],
      "venue" : "Proceedings of the Eighth International Conference on Intelligent Systems for Molecular Biology,",
      "citeRegEx" : "7",
      "shortCiteRegEx" : "7",
      "year" : 2000
    }, {
      "title" : "Scanners of the Year 2000: Heuristics",
      "author" : [ "Dmitry Gryaznov" ],
      "venue" : "Proceedings of the 5th International Virus Bulletin,",
      "citeRegEx" : "8",
      "shortCiteRegEx" : "8",
      "year" : 1999
    }, {
      "title" : "Automatic Extraction of Computer Virus Signatures",
      "author" : [ "Jeffrey 0. Kephart", "William C. Arnold" ],
      "venue" : "4th Virus Bulletin International Conference,",
      "citeRegEx" : "9",
      "shortCiteRegEx" : "9",
      "year" : 1994
    }, {
      "title" : "Static Analysis Virus Detection Tools for UNIX Systems",
      "author" : [ "P. Kerchen", "R. Lo", "J. Crossley", "G. Elkinbard", "R. Olsson" ],
      "venue" : "Proceedings of the /3th National Computer Security Cotlference,",
      "citeRegEx" : "Kerchen et al\\.,? \\Q1990\\E",
      "shortCiteRegEx" : "Kerchen et al\\.",
      "year" : 1990
    }, {
      "title" : "Smooth nonparametric ROC curves for continuous diagnostic tests",
      "author" : [ "KH Zou", "WJ Hall", "D. Shapiro" ],
      "venue" : "Statistics in Medicine,",
      "citeRegEx" : "Zou et al\\.,? \\Q1997\\E",
      "shortCiteRegEx" : "Zou et al\\.",
      "year" : 1997
    }, {
      "title" : "A study of cross-validation and bootstrap for accuracy estimation and model selection",
      "author" : [ "R Kohavi" ],
      "venue" : null,
      "citeRegEx" : "Kohavi.,? \\Q1995\\E",
      "shortCiteRegEx" : "Kohavi.",
      "year" : 1995
    }, {
      "title" : "MCF: a Malicious Code Filter",
      "author" : [ "R.W. Lo", "K.N. Levitt", "R.A. Olsson" ],
      "venue" : "Computers & Securify,",
      "citeRegEx" : "Lo et al\\.,? \\Q1995\\E",
      "shortCiteRegEx" : "Lo et al\\.",
      "year" : 1995
    }, {
      "title" : "Machine Learning",
      "author" : [ "Tom Mitchell" ],
      "venue" : null,
      "citeRegEx" : "20",
      "shortCiteRegEx" : "20",
      "year" : 1997
    }, {
      "title" : "Learning to Classify Text from Labeled and Unlabled Documents. M I ",
      "author" : [ "Kamal Nigam", "Andrew McCallum", "Sebastian Thrun", "Tom Mitchell" ],
      "venue" : null,
      "citeRegEx" : "21",
      "shortCiteRegEx" : "21",
      "year" : 1998
    }, {
      "title" : "Virus descriptions of viruses in the wild",
      "author" : [ "Wildlist Organization" ],
      "venue" : "Online publication,",
      "citeRegEx" : "22",
      "shortCiteRegEx" : "22",
      "year" : 2000
    }, {
      "title" : "The Internet worm program: an analysis",
      "author" : [ "Eugene H. Spafford" ],
      "venue" : "Tech. Report CSD-TR-823,",
      "citeRegEx" : "24",
      "shortCiteRegEx" : "24",
      "year" : 1988
    }, {
      "title" : "Neural Networks for Computer Virus Recognition",
      "author" : [ "Gerald Tesauro", "Jeffrey 0. Kephart", "Gregory B. Sorkin" ],
      "venue" : "IEEE Expert,",
      "citeRegEx" : "25",
      "shortCiteRegEx" : "25",
      "year" : 1996
    }, {
      "title" : "Open Problems in Computer Virus Research",
      "author" : [ "Steve R. White" ],
      "venue" : "Virus Bulletin Conference,",
      "citeRegEx" : "26",
      "shortCiteRegEx" : "26",
      "year" : 1998
    }, {
      "title" : "Anatomy of a Commercial-Grade Immune System",
      "author" : [ "Steve R. White", "Morton Swimmer", "Edward J. Pring", "William C. Arnold", "David M. Chess", "John E Morar" ],
      "venue" : "IBM Research White Paper,",
      "citeRegEx" : "27",
      "shortCiteRegEx" : "27",
      "year" : 1999
    } ],
    "referenceMentions" : [ ],
    "year" : 2004,
    "abstractText" : "A serious security threat today is malicious executables, especially neH: unseen malicious executables often arriving as eniail attachments. These new malicious executables are created at the rate of thousands e v e n year and pose a serious security threat. Current anti-virus systems attempt to detect these new malicious programs with heuristics generated by hand. This approach is costly and oftentimes ineffective. In this papec we present a data-mining framework that detects new, previously unseen malicious executables accurately and automatically. The data-mining framework antoniaticall?~foitrid patterns in our data set and used these patterns to detect a set of new malicious binaries. Coniparing our detection methods with a traditional signaturebased method, our method more than doubles the current detection ratesfor new malicious executables.",
    "creator" : "Acrobat Capture 3.0"
  }
}