{
  "name" : "acm_10.1145##276698.276876.pdf",
  "metadata" : {
    "source" : "CRF",
    "title" : "Approximate Nearest Neighbors: Towards Removing the Curse of Dimensionality",
    "authors" : [ "PIOTR INDYK" ],
    "emails" : [ ],
    "sections" : [ {
      "heading" : "1 Introduction",
      "text" : "The nearest neighbor search (NNS) problem ix Given a set of n points P = (PI, . . . ,p,) in a metric space .Y wit,h distance function d, preprocess P so as to efficiently auswcr queries for finding the point in P closest to a query point q E X. We focus on the particularly interesting case of the d-dimensional Euclidean space where X = Bd under some a, norm. The low-dimensional case is well-solved [26], so t,hc main issue is that of dealing with the ‘,curse of dimcnsionality” [16]. The problem was originally posed in t.he 1960s by Minsky and Papert [53, pp. 222-2251, and despite decades of effort the current solutions are far from satisfactory. In fact, for large d, in theory or in practice, they provide little improvement over a brute-force algorithm which composes a query q to each p E P. The known algorithms are of two types: (a) low preprocessing cost but query time linear in n and d; and, (b) query time sublinear in n and polynomial in d, but with severely exponential preproceeging cozt nd. This unfortunate situation carries over to average-tax analysis, and even to the c-approximate nearest neighbors (e-NNS) problem: Find a point p E P t,hnt is an e-approximate nearest neighbor of the query g, in t.hot for au P’ E P, 4h q) I (1 + +W, 9).\nWe present two algorithms for the approsimoto vemion that significantly improve the known bounds: (a) prcprocessing cost polynomial in n and d, and a truly nublinear query time (for B > 1); and, (b) query time polynomial in log n and d, and only a mildly exponential preprocessing cozt O(n) x 0(1/~)~. tither, by applying a classical geomet,ric lemma on random projections (for which we give a eimplcr proof), we obtain the first known algorithm with polynomial preprocessing and query time polynomial in d and log n. Unfortunately, for small E, this is a purely theoretical result as the exponent depends on l/e. Experimental results [36] indicate that the first algorithm offers orders of magnitude improvement on running times over real data sets. Ito key ingredient is the notion of locality-sensitive hashing which may be of independent interest; we give applications to information retrieval, pattern recognition, dynamic closest-pairs, and fast clustering.\nMotivation. The nearest neighbors problem is of major importance to a variety of applicat,ions, usually involving\nsimilarity searching. Some examples are: data compresslon [3G]; databases and data mining [12, 381; information retrieval [lo, 20, 571; image and video databases [28, 30, 55, 601; machine learning [18]; pattern recognition [19, 251; and, statistics nnd data analysis [21,44]. Typically, the features of the objects of interest (documents, images, etc) are rcprescntcd as points in 81d and a distance metric is used to measure (die)oimilarity of objects, The basic problem then is to perform indexing or similarity searching for query objects, The number of features (i.e., the dimensionality) rangcn anywhere from tens to thousands. For example, in multimedia applications such as IBM’s QBIC (Query by Image Content), the number of features could be several hundreds [28, 301. In information retrieval for text documents, vector-space representations involve several thousands of dimensions, and it is considered to be a dramatic improvement that dimension-reduction techniques, such as LSI (latent semantic indexing) [8, 10, 201, principal components analyoio [39] or the Karhunen-Lo&e transform [43,49], can reduce the dimenoionality to a mere few hundreds!\nOf late, there has been an increasing interest in avoiding the curse of dimensionality by resorting to approsimatenearcot nciglbor scorching:. Since the selection of features and the use of a distance metric in the applications are rather heuristic and merely an attempt to make mathematically precise what is after all an essentially aesthetic notion of similarity, it seems like an overkill to insist on the absolute nearest neighbor; in fact, determining an c-approximate nearest nclghbor for a reasonable value of c, say a small constant, should suflicc for most practical purposes. Unfortunately, oven this relaxation of goals has not removed the curse of dimcnsionality, although the recent results of Kleinberg [45] given some improvements.\nPrcvlouo Work. Samet [58] surveys a variety of data structurca for nearest neighbors including variants of I;-d trees, R-trees, nnd structures based on space-filling curves; more recent results are surveyed in [59]. While some perform well in 2-3 dimensions, in high-dimensional spaces they all exhibit poor behavior in the worst case and in typical cases 1w1 well (c,g., ace Arya, Mount, and Narayan [3]). Dobkin and Lipton [22] were the first to provide an algorithm for nearcot neighbors in f.Rd, with query time 0(2dlogn) and\n* 1\ng~$~~~~~~~~\n+tl\nt~~\\n~‘~l(r+ 1 i), Clarkson [15] reduced the while increasing the query\ntime to 0(2 o(d’og d, log n). Later results, e.g., Agarwal and MatouiSck [l], Matoudek [50], and Yao and Yao [64], all suffer from a query time that is exponential in d. Meiser [Sl] obtnincd query time O(d” log n) but after O(ndtd) preprocessing, The so-called “vantage point” technique [ll, 12,61,62] is n recently popular heuristic, but we are not aware of nny nnalyais for high-dimensional Euclidean spaces. In gencml, even the average-case analysis of heuristic5 for points diotributcd over regions in !Xd gives an exponential query time [6, 34, 581.\nThe situation is only slightly better for approximate nearcat neighbors, Arya and Mount [2] gave an algorithm with\nlThroughout, preprocessing cost refers to the space requirement; typically, the preprocessing time is roughly the same.\nquery time O(l/c)dO(log n) and preprocessing O(l/e)dO(n). The dependence on c was later reduced by Clarkson [16] and Ghan [14] to c-td-r)12. Arya, Mount, Netanyahu, Silverman, and Wu [4] obtained optimal O(n) preprocessing cost, but with query time growing as O(dd). Bern [7] and Chan [14] considered error c polynomial in d and managed to avoid exponential dependence in that case. Recently, Kleinberg [45] gave an algorithm with o(n log d)2d preprocessing and query time polynomial in d, c, and log n, and another algorithm with preprocessing polynomial in d, c, and n but with query time O(n + dlog3 n). The latter improves the O(dn) time bound of the brute-force algorithm.\nFor the Ramming space (0, l}d, Dolev, Harari, and Parnas [24] and Dolev, Harari, Liial, Nisan, and Parnas [23] gave algorithm5 for retrieving all point5 within distance r of the query q. Unfortunately, for arbitrary P, these algorithms are exponential either in query time or preprocessing. Greene, Parnas, and Yao [37] present a scheme which, for binary data chosen uniformly at random, retrieves all points within distance r of q in time O(dn’ld), using O(dnltrld) preprocessing.\nVery recently, Kushilevitz, OstrovsLy and Rabani [46] obtained a result similar to Proposition 3 below.\nOverview of Results and Techniques. Our main results are algorithms2 for c-NNS described below.3\nProposition 1 Fore > 1, there is an algorithm for r-NNS in !Rd under thel, norm forp E [l, 21 which uses d(n’+‘lc+ dn) preprocessing and requires b(dn’/‘) query time.\nProposition 2 For 0 < c < 1, there is an algorithm for e-NNS in 8’ under any I,, “prm which uses 8(n) x 0(1/~)~ preprocessing and requires O(d) query time.\nProposition 3 For any r > 0, there is an algorithm for e-NNS in 92’ under the Z, norm for p E [l, 21 ulhich uses (nd)‘(‘) preprocessing and requires 6(d) query time.\nWe obtain these results by reducing c-NNS to a new problem, viz., point location in equal balls. This is achieved by means of a novel data structure called ring-cover trees, described in Section 3. Our technique can be viewed as a variant of parametric search [52], in that they allow us to reduce an optimization problem to its decision version. The main difference is that in our case in answering a query we can only ask for a solution to a decision problem belonging to a prespecilled set, since solving the decision problem (i.e., point location in equal balls) requires data structures created during preprocessing. We believe this technique will find further applications to problems where parametric search has been helpful.\nIn Section 4, we give two solution5 to the point location problem. One is based on a method akin to the Rlias bucketing &or-i&m [63] - we decompose each ball into a\n20~r al&orithms are randomized and return an approsimate nearest neighbor wifh constant probability. To reduce the error probability to a, we can use several datastructuresin paralleland return the best result, increasing complexity by a factor O(loga),\n3For the sake of clarity, the 6 notation is used to hide terms that are poly-logarithmic in n.\nbounded number of cells ed store them in a dictionary. This allows us to achieve O(d) query t.ime, while the preprocessing is e?rponentiaI in d, implying Proposition 2. For the second solution, we introduce the technique of localitysensitive hashing. The key idea is to use hash functions such that. the probability of collision is much higher for objects that are close to each other than for those that are far apart. We prove that esisbence of such functions for any domain (not necessarily a metric space) implies the existence of fast C-NNS algorit,hms for t,hat domain, with preprocessing cost only linear in d and sublinear in n (for e > 1). We then present. two families of such functions - one for a Hamming space and the ot,her for a family of subsets of a set under the resemblance measure used by Broder et al [9] to cluster web documents. The algorithm based on the first family is used to obtain a nearest-neighbor algorithm for data sets from Xd, by embedding the points from Zd onto a Hamming cube in a distance-preserving manner. The algorithm for the resemblance measure is shown to have several applications to information retrieval and pat,tern recognition. We also give additional applications of locality-sensitive hashing to dynamic closest-pair problem and fast clustering algorithms. All our algorithms based on this method are easy to implement and have ot,her advantages - they exploit sparsity of data and the running times are much lower in practice [36] than predicted by t,heoret,ical analysis. We esTect these results mill have a significant practical impact.\nAn elegant. technique for reducing complexity owing to dimensionality is to project the points into a random subspace of lower dimension, e.g., by project.ing P onto a small collection of random lines through the origin. Specifically, we could employ hhe result, of Frankl and Maehara [32], which improves upon bhe Johnson-Lindenstrauss Lemma [41], showing t,hat a projection of P onto a subspace defined by roughly 9c m-2 In n random lines preserves all inter-point distames to &hin a relative error of e, 1vivit.h igh probability. Applying this result to an algorithm wit.h querytime o(l)d, we obtain an algorit.hm with query time nse . Unfortunately, this would lead to a sublinear query time only for large values of E. In Se&ion A of the Appendix, we give a version of the random projection result using a much simpler proof t,han that of l+ankl and Maehara. We also consider the extensions of the random projection approach to a, norms for p # 2. Using random projecbions and ProposiGon 2, we obtain the algorithm described in Proposition 3. Unfortunately, the high preprocessing cost (its exponent grows with l/e) makes this algorithm impractical for small e."
    } ],
    "references" : [ ],
    "referenceMentions" : [ ],
    "year" : 1998,
    "abstractText" : "The nearest neighbor problem is the follolving: Given a set of n points P = (PI, . . . ,p,} in some metric space X, preprocess P so as to efficiently answer queries which require finding bhe point in P closest to a query point q E X. We focus on the particularly interesting case of the d-dimensional Euclidean space where X = Wd under some Zp norm. Despite decades of effort, t,he current solutions are far from saabisfactory; in fact, for large d, in theory or in practice, they provide litt,le improvement over the brute-force algorithm which compares the query point to each data point. Of late, t,here has been some interest in the approximate newest neighbors problem, which is: Find a point p E P that is an c-approximate nearest neighbor of the query q in t,hat for all p’ E P, d(p, q) < (1 + e)d(p’, q). We present two algorithmic results for the approximate version t,hat significantly improve the known bounds: (a) preprocessing cost polynomial in n and d, and a truly sublinear query t.ime (for 6 > 1); and, (b) query time polynomial in log-n and d, and only a mildly exponential preprocessing cost* O(n) x 0(1/~)~. Furt.her, applying a classical geometric lemma on random projections (for which we give a simpler proof), we obtain t.he first known algorithm with polynomial preprocessing and query t.ime polynomial in d and log n. Unfortunately, for small E, the latter is a purely theoretical result since bhe e?rponent depends on l/e. Experimental resuits indicate that our tit algori&m offers orders of magnitude improvement on running times over real data sets. Its key ingredient is the notion of locality-sensitive hashing which may be of independent interest; here, we give applications to information ret,rieval, pattern recognition, dynamic closest-pairs, and fast clustering algorithms. *Supported by a Stanford Graduate Fellowship and NSF",
    "creator" : null
  }
}