{
  "name" : "acm_10.1145##2020408.2020448.pdf",
  "metadata" : {
    "source" : "CRF",
    "title" : "Combining File Content and File Relations for Cloud Based Malware Detection",
    "authors" : [ "Yanfang Ye", "Tao Li", "Shenghuo Zhu", "Weiwei Zhuang", "Egemen Tas", "Umesh Gupta", "Melih Abdulhayoglu" ],
    "emails" : [ "yanfang@comodo.com", "taoli@cs.fiu.edu", "zsh@sv.nec-labs.com", "zhuangweiwei@gmail.com", "egemen@comodo.com", "umesh@comodo.com", "melih@comodo.com" ],
    "sections" : [ {
      "heading" : "Categories",
      "text" : "Categories and Subject Descriptors I.2.6 [Artificial Intelligence]: Learning; D.4.6 [Operating System]: Security and Protection - Invasive software\nPermission to make digital or hard copies of all or part of this work for personal or classroom use is granted without fee provided that copies are not made or distributed for profit or commercial advantage and that copies bear this notice and the full citation on the first page. To copy otherwise, to republish, to post on servers or to redistribute to lists, requires prior specific permission and/or a fee. KDD’11, August 21–24, 2011, San Diego, California, USA. Copyright 2011 ACM 978-1-4503-0813-7/11/08 ...$10.00.\nGeneral Terms Algorithms, Experimentation, Security\nKeywords cloud based malware detection, file content, file relation, semiparametric model for learning from graph"
    }, {
      "heading" : "1. INTRODUCTION",
      "text" : "Malware is software designed to infiltrate or damage a computer system without the owner’s informed consent (e.g., virus, worms, trojans, spyware, backdoors, and rootkits) [23]. Numerous attacks made by the malware pose a major security threat to Internet users [8]. Hence, malware detection is one of the internet security topics that are of great interest [4, 25, 13, 15, 19, 20, 27, 24]. Currently, the most significant line of defense against malware is antimalware software products, such as Kaspersky, MacAfee and Comodo’s Anti-Malware software. Typically, these widely used malware detection software tools use the signature-based method to recognize threats. Signature is a short string of bytes, which is unique for each known malware so that its future examples can be correctly classified with a small error rate.\nHowever, driven by the economic benefits, malware writers quickly invent counter-measures against proposed malware analysis tech-\nniques, chief among them being automated obfuscation [20]. Because of automated obfuscation, today’s malware samples are created at a rate of thousands per day. Figure 1 shows the increasing trend of malware samples in P.R.China from Year 2003 to Year 2010 (this data is provided by Comodo China Anti-Malware Lab). It can be observed that the number of malware samples has increased sharply since 2008. In fact the number of malware samples in 2008 alone is much larger than the total sum of previous five years.\nNowdays malware samples increasingly employ techniques such as polymorphism [2], metamorphism [1], packing, instruction virtualization, and emulation to bypass signatures and defeat attempts to analyze their inner mechanisms [20]. In order to remain effective, many Anti-Malware venders have turned their classic signaturebased method to cloud (server) based detection. The work flow of the cloud based detection method adopted by Comodo Security Solutions Incorporation is shown in Figure 2.\nThe work flow of this cloud based malware detection scheme can be described as follows:\n1. On the client side, users may receive new files from emails, media or IM(Instant Message) tools when they are using the Internet.\n2. Anti-malware products will first use the signature set on the clients for scanning. If these new files are not detected by existing signatures, then they will be marked as “unknown”.\n3. In order to detect malware from the unknown file collection, file features (like file content as well as the file relations) are extracted and sent to Comodo Cloud Security Center.\n4. Based on these collected features, the classifier(s) on the cloud server will predict and generate the verdicts for the unknown file samples, either benign or malicious.\n5. Then the cloud server will send the verdict results to the clients and notify the clients immediately.\n6. According to the response from the cloud server, the scanning process can detect new malware samples and remove the threats.\n7. Due to the fast response from the cloud server, the client users can have most up-to-date security solutions.\nTo sum-up, using the cloud-based architecture, malware detection is now conducted in a client-server manner: authenticating valid software programs from a whitelist and blocking invalid software programs from a blacklist using the signature-based method at the client (user) side, and predicting any unknown software (i.e., the gray list) at the cloud (server) side and quickly generating the verdict results to the clients within seconds. The gray list, containing unknown software programs which could be either benign or malicious, was usually authenticated or rejected manually by malware analysts before. With the development of the malware writing techniques, the number of file samples in the gray list that need to be analyzed by malware analysts on a daily basis is constantly increasing. For example, the gray list collected by the Anti-Malware Lab of Comodo Security Solutions Incorporation usually contains about 500,000 file samples per day. Therefore, there is an urgent need for anti-malware industry to develop intelligent methods for efficient and effective malware detection at the cloud (server) side.\nRecently, many research efforts have been conducted on developing intelligent malware detection systems [4, 25, 13, 15, 19, 20, 27, 24]. In these systems, the detection process is generally divided into two steps: feature extraction and classification. In the first step, various features such as Application Programming Interface (API) calls [27] and program strings [13, 19, 18] are extracted to capture the characteristics of the file samples. In the second step, intelligent classification techniques such as decision trees [17], Naive Bayes, and associative classifiers [24, 13, 19, 27] are used to automatically classify the file samples into different classes based on computational analysis of the feature representations. These intelligent malware detection systems are varied in their use of feature representations and classification methods. For example, IMDS [27] performs association classification on Windows API calls extracted from executable files, while Naive Bayes methods on the extracted strings and byte sequences are applied in [19].\nThese intelligent techniques have isolated successes in classifying particular sets of malware samples, but they have limitations that leave a large room for improvement. In particular, none of these techniques have taken the relationships among file samples into consideration for malware detection. Simply treating file programs as independent samples allows many off-the-shelf classification tools to be directly adapted for malware classification. However, the relationships among file samples may imply the interdependence among them and thus the usual i.i.d (independent and identical distributed) assumption may not hold for malware sam-\nples. As a result, ignoring the relations among file samples is a significant limitation of current malware classification methods. For malware detection, the relations among file samples provide invaluable information about their properties. Here we use some examples for illustration. Based on the collected file lists from clients, we construct a co-occurrence graph to describe the relations among file samples. Generally, two files are related if they are shared by many clients (or equivalently, file lists). As shown in Figure 3, we can observe that the file “yy(1).exe” is associated with many trojans which are marked as purple color. Actually, this “yy(1).exe” file is a kind of Trojan-Downloader malware. Trojan-Downloader refers to any malicious software that downloads and installs multiple unwanted applications of adware and malware from remote servers. Malware samples of this type are spread from malicious websites or by emails as attachments or links, and are installed secretly without the user’s consent. Therefore, from the relations shown in Figure 3, we can infer that if an unknown file always co-occurs with many kinds of trojans in users’ computers, then most likely, it is a malicious Trojan-Downloader file.\nAnother example showing the relations among benign files is illustrated in Figure 4. From Figure 4, we can observe that an unknown file “everest.exe” can be possibly recognized as benign since it is always associated with known benign files marked in green color. Actually, this “everest.exe” is a benign system diagnostic application which always co-occurs with its related Dynamic Link Library files, such as, “everest_start.dll”, “everest_mondiag.dll”, “everest_rcs.dll” and so on.\nSometime it is not easy to determine whether a file is malicious or not solely based on file content information itself. According to the experience and knowledge of our anti-malware experts, file relations among samples can be a novel and practical feature representation for malware detection. Some malware samples may have stronger connections with benign files than malicious ones. In such cases, those file samples might be infected files. Actually, these unexpected relations can be filtered and removed, because the infected samples can be detected independently using the infected file detector which is developed by our anti-malware experts. To improve the performance of file sample classification for malware detection, in this paper, we utilize both file content and file relation information. However, relation information and file content have different properties. Relation information provides a graph\nstructure in the data and induces pairwise similarity between objects while the file content provides inherent characteristic information about the file samples. Although both the relation information and file content can be used independently to classify file samples, classification algorithms that make use of them simultaneously should be able to achieve a better performance.\nThe problem of combining content information and relation information (i.e., link information) have been widely studied for web document categorization in data mining and information retrieval community [26, 9]. The approaches for combining content and link information generally fall into two categories: (1) feature integration which treats the relation information as additional features and enlarges the feature representation [3, 11, 16]; and (2) Kernel Integration which integrates the data at the similarity computation or the Kernel level [10, 14]. However, both types of approaches have limitations: feature integration may degrade the quality of information as file relations and file content typically have different properties, while kernel integration fails to explore the correlation and the inherent consistency between the content information and the relation information [31]. In this paper, we propose a semi-parametric classification model for combining file content and file relations. The semi-parametric model consists of two components: a parametric component reflecting file content information and a non-parametric component reflecting file relation information. The model seamlessly integrates these two components and formulates the classification problem using the graph regularization framework. Our model can be viewed as an extension of recently developed joint-embedding approaches which aims to seek a common low-dimensional embedding via joint factorization of both the content and relation information [31, 5, 30]. However, different from the joint-embedding approaches, our model does not explicitly infer the embedding and is directly optimized for classification. We develop a file verdict system (named \"Valkyrie\") using the proposed model to integrate file content and file relations for malware detection. To the best of our knowledge, this is the first work of using both file content and file relations for malware detection. In short, our developed Valkyrie system has the following major traits:\n• Novel Usage of File Relation: Different from previous studies for malware detection, we not only make use of file content, but also use the file relations for malware detection.\n• A Principled Model for Combining File Content and File Relations: We propose a semi-parametric classification model\nto seamlessly combine file content and file relation, and formulate the classification problem using the graph regularization framework.\n• A Practical Developed System for Real Industry Application: Based on 37,930 clients, we obtain 30,950 malware samples, 225,830 benign files and 434,870 unknown files from Comodo Cloud Security Center. We build a practical system for malware detection and provide a comprehensive experimental study.\nAll these traits make our Valkyrie system a practical solution for automatic malware detection. The case studies on large and real daily malware collection from Comodo Cloud Security Center demonstrate the effectiveness and efficiency of our Valkyrie system. As a result, our Valkyrie system has already been incorporated into the scanning tool of Comodo’s Anti-Malware software. The rest of this paper is organized as follows. Section 2 presents the overview of our Valkyrie system. Section 3 describes the feature extraction and representation; Section 4 introduces the proposed semi-parametric model combining file content and file relations together for malware detection; In Section 5, using the daily data collection obtained from Comodo Cloud Security Center, we systematically evaluate the effectiveness and efficiency of our Valkyrie system in comparison with other proposed classification methods, as well as some of the popular Anti-Malware software such as Kaspersky and NOD32. Section 6 presents the details of system development and operation. Section 7 discusses the related work. Finally, Section 8 concludes the paper."
    }, {
      "heading" : "1.1 Cloud Based Malware Detection",
      "text" : "Malware is software designed to infiltrate or damage a computer system without the owner’s informed consent (e.g., virus, worms, trojans, spyware, backdoors, and rootkits) [23]. Numerous attacks made by the malware pose a major security threat to Internet users [8]. Hence, malware detection is one of the internet security topics that are of great interest [4, 25, 13, 15, 19, 20, 27, 24]. Currently, the most significant line of defense against malware is antimalware software products, such as Kaspersky, MacAfee and Comodo’s Anti-Malware software. Typically, these widely used malware detection software tools use the signature-based method to recognize threats. Signature is a short string of bytes, which is unique for each known malware so that its future examples can be correctly classified with a small error rate.\nHowever, driven by the economic benefits, malware writers quickly invent counter-measures against proposed malware analysis tech-\nniques, chief among them being automated obfuscation [20]. Because of automated obfuscation, today’s malware samples are created at a rate of thousands per day. Figure 1 shows the increasing trend of malware samples in P.R.China from Year 2003 to Year 2010 (this data is provided by Comodo China Anti-Malware Lab). It can be observed that the number of malware samples has increased sharply since 2008. In fact the number of malware samples in 2008 alone is much larger than the total sum of previous five years.\nNowdays malware samples increasingly employ techniques such as polymorphism [2], metamorphism [1], packing, instruction virtualization, and emulation to bypass signatures and defeat attempts to analyze their inner mechanisms [20]. In order to remain effective, many Anti-Malware venders have turned their classic signaturebased method to cloud (server) based detection. The work flow of the cloud based detection method adopted by Comodo Security Solutions Incorporation is shown in Figure 2.\nThe work flow of this cloud based malware detection scheme can be described as follows:\n1. On the client side, users may receive new files from emails, media or IM(Instant Message) tools when they are using the Internet.\n2. Anti-malware products will first use the signature set on the clients for scanning. If these new files are not detected by existing signatures, then they will be marked as “unknown”.\n3. In order to detect malware from the unknown file collection, file features (like file content as well as the file relations) are extracted and sent to Comodo Cloud Security Center.\n4. Based on these collected features, the classifier(s) on the cloud server will predict and generate the verdicts for the unknown file samples, either benign or malicious.\n5. Then the cloud server will send the verdict results to the clients and notify the clients immediately.\n6. According to the response from the cloud server, the scanning process can detect new malware samples and remove the threats.\n7. Due to the fast response from the cloud server, the client users can have most up-to-date security solutions.\nTo sum-up, using the cloud-based architecture, malware detection is now conducted in a client-server manner: authenticating valid software programs from a whitelist and blocking invalid software programs from a blacklist using the signature-based method at the client (user) side, and predicting any unknown software (i.e., the gray list) at the cloud (server) side and quickly generating the verdict results to the clients within seconds. The gray list, containing unknown software programs which could be either benign or malicious, was usually authenticated or rejected manually by malware analysts before. With the development of the malware writing techniques, the number of file samples in the gray list that need to be analyzed by malware analysts on a daily basis is constantly increasing. For example, the gray list collected by the Anti-Malware Lab of Comodo Security Solutions Incorporation usually contains about 500,000 file samples per day. Therefore, there is an urgent need for anti-malware industry to develop intelligent methods for efficient and effective malware detection at the cloud (server) side.\nRecently, many research efforts have been conducted on developing intelligent malware detection systems [4, 25, 13, 15, 19, 20, 27, 24]. In these systems, the detection process is generally divided into two steps: feature extraction and classification. In the first step, various features such as Application Programming Interface (API) calls [27] and program strings [13, 19, 18] are extracted to capture the characteristics of the file samples. In the second step, intelligent classification techniques such as decision trees [17], Naive Bayes, and associative classifiers [24, 13, 19, 27] are used to automatically classify the file samples into different classes based on computational analysis of the feature representations. These intelligent malware detection systems are varied in their use of feature representations and classification methods. For example, IMDS [27] performs association classification on Windows API calls extracted from executable files, while Naive Bayes methods on the extracted strings and byte sequences are applied in [19].\nThese intelligent techniques have isolated successes in classifying particular sets of malware samples, but they have limitations that leave a large room for improvement. In particular, none of these techniques have taken the relationships among file samples into consideration for malware detection. Simply treating file programs as independent samples allows many off-the-shelf classification tools to be directly adapted for malware classification. However, the relationships among file samples may imply the interdependence among them and thus the usual i.i.d (independent and identical distributed) assumption may not hold for malware sam-\nples. As a result, ignoring the relations among file samples is a significant limitation of current malware classification methods."
    }, {
      "heading" : "1.2 Relations Among File Samples",
      "text" : "For malware detection, the relations among file samples provide invaluable information about their properties. Here we use some examples for illustration. Based on the collected file lists from clients, we construct a co-occurrence graph to describe the relations among file samples. Generally, two files are related if they are shared by many clients (or equivalently, file lists). As shown in Figure 3, we can observe that the file “yy(1).exe” is associated with many trojans which are marked as purple color. Actually, this “yy(1).exe” file is a kind of Trojan-Downloader malware. Trojan-Downloader refers to any malicious software that downloads and installs multiple unwanted applications of adware and malware from remote servers. Malware samples of this type are spread from malicious websites or by emails as attachments or links, and are installed secretly without the user’s consent. Therefore, from the relations shown in Figure 3, we can infer that if an unknown file always co-occurs with many kinds of trojans in users’ computers, then most likely, it is a malicious Trojan-Downloader file.\nAnother example showing the relations among benign files is illustrated in Figure 4. From Figure 4, we can observe that an unknown file “everest.exe” can be possibly recognized as benign since it is always associated with known benign files marked in green color. Actually, this “everest.exe” is a benign system diagnostic application which always co-occurs with its related Dynamic Link Library files, such as, “everest_start.dll”, “everest_mondiag.dll”, “everest_rcs.dll” and so on.\nSometime it is not easy to determine whether a file is malicious or not solely based on file content information itself. According to the experience and knowledge of our anti-malware experts, file relations among samples can be a novel and practical feature representation for malware detection. Some malware samples may have stronger connections with benign files than malicious ones. In such cases, those file samples might be infected files. Actually, these unexpected relations can be filtered and removed, because the infected samples can be detected independently using the infected file detector which is developed by our anti-malware experts."
    }, {
      "heading" : "1.3 Combining File Content and File Relation",
      "text" : "To improve the performance of file sample classification for malware detection, in this paper, we utilize both file content and file relation information. However, relation information and file content have different properties. Relation information provides a graph\nstructure in the data and induces pairwise similarity between objects while the file content provides inherent characteristic information about the file samples. Although both the relation information and file content can be used independently to classify file samples, classification algorithms that make use of them simultaneously should be able to achieve a better performance.\nThe problem of combining content information and relation information (i.e., link information) have been widely studied for web document categorization in data mining and information retrieval community [26, 9]. The approaches for combining content and link information generally fall into two categories: (1) feature integration which treats the relation information as additional features and enlarges the feature representation [3, 11, 16]; and (2) Kernel Integration which integrates the data at the similarity computation or the Kernel level [10, 14]. However, both types of approaches have limitations: feature integration may degrade the quality of information as file relations and file content typically have different properties, while kernel integration fails to explore the correlation and the inherent consistency between the content information and the relation information [31]."
    }, {
      "heading" : "1.4 Contributions of Our Paper",
      "text" : "In this paper, we propose a semi-parametric classification model for combining file content and file relations. The semi-parametric model consists of two components: a parametric component reflecting file content information and a non-parametric component reflecting file relation information. The model seamlessly integrates these two components and formulates the classification problem using the graph regularization framework. Our model can be viewed as an extension of recently developed joint-embedding approaches which aims to seek a common low-dimensional embedding via joint factorization of both the content and relation information [31, 5, 30]. However, different from the joint-embedding approaches, our model does not explicitly infer the embedding and is directly optimized for classification. We develop a file verdict system (named \"Valkyrie\") using the proposed model to integrate file content and file relations for malware detection. To the best of our knowledge, this is the first work of using both file content and file relations for malware detection. In short, our developed Valkyrie system has the following major traits:\n• Novel Usage of File Relation: Different from previous studies for malware detection, we not only make use of file content, but also use the file relations for malware detection.\n• A Principled Model for Combining File Content and File Relations: We propose a semi-parametric classification model\nto seamlessly combine file content and file relation, and formulate the classification problem using the graph regularization framework.\n• A Practical Developed System for Real Industry Application: Based on 37,930 clients, we obtain 30,950 malware samples, 225,830 benign files and 434,870 unknown files from Comodo Cloud Security Center. We build a practical system for malware detection and provide a comprehensive experimental study.\nAll these traits make our Valkyrie system a practical solution for automatic malware detection. The case studies on large and real daily malware collection from Comodo Cloud Security Center demonstrate the effectiveness and efficiency of our Valkyrie system. As a result, our Valkyrie system has already been incorporated into the scanning tool of Comodo’s Anti-Malware software."
    }, {
      "heading" : "1.5 Organization of The Paper",
      "text" : "The rest of this paper is organized as follows. Section 2 presents the overview of our Valkyrie system. Section 3 describes the feature extraction and representation; Section 4 introduces the proposed semi-parametric model combining file content and file relations together for malware detection; In Section 5, using the daily data collection obtained from Comodo Cloud Security Center, we systematically evaluate the effectiveness and efficiency of our Valkyrie system in comparison with other proposed classification methods, as well as some of the popular Anti-Malware software such as Kaspersky and NOD32. Section 6 presents the details of system development and operation. Section 7 discusses the related work. Finally, Section 8 concludes the paper."
    }, {
      "heading" : "2. SYSTEM ARCHITECTURE",
      "text" : "Figure 5 shows the system architecture of our Valkyrie system. We briefly describe each component below.\n• Training:\n1. User File List and File Sample Collector: It collects the file lists from the clients which contain the potential relations between file samples, together with the file samples.\n2. File Content Feature Exactor: Besides its high extraction efficiency compared with dynamic feature representation methods, Application Programming Interfaced (API) calls can well reflect the behaviors of program code pieces. Therefore, our developed file content feature extractor extracts the API calls from the collected malicious and benign Windows Portable Executable (PE) files. (See Section 3.1 for details.)\n3. File Relation Feature Exactor: Based on the collected file lists from clients, a co-occurrence graph is constructed to describe the file relations. Note that many unexpected relations (like relations between infected samples and benign files) are removed using infected file detectors. (See Section 3.2 for details.)\n4. Semi-Parametric Model Based Classifier: Our proposed semi-parametric model integrates file content and relation information and formulates the classification problem using the graph regularization framework. (See Section 4 for details.)\n• Prediction: On the clients, our Comodo Anti-Malware software products authenticate valid software from a whitelist and block invalid software from a blacklist using the signaturebased method. The gray list, containing unknown software programs which could be either normal or malicious, is then fed into our Valkyrie system. After file content and file relation feature extractions, the semi-parametric model is applied to the gray list for prediction."
    }, {
      "heading" : "3. FEATURE EXTRACTION",
      "text" : "Our Valkyrie system is performed directly on Windows Portable Executable (PE) codes. PE is designed as a common file format for all flavor of Windows operating system, and PE malware are in the majority of the malware rising in recent years [27]. In this section, we will introduce both file content and file relation feature extraction methods we adopted."
    }, {
      "heading" : "3.1 File Content",
      "text" : "We extract the Application Programming Interface (API) calls from the Import Tables [27] of collected malicious and benign PE files, convert them to a group of 32-bit global IDs (for example, the API \"MAPI32.MAPIReadMail\" in encoded as 0X00000F12) as the content features, and stores these features in the signature database. A sample file content signature database is shown in Figure 6, in which there are 6 fields: record ID, PE file name, file type (\"-1\" represents benign file while \"1\" is for malicious file), called APIs name, called API ID, the total number of called API functions."
    }, {
      "heading" : "3.2 File Relations",
      "text" : "Based on the collected file lists from clients, we construct a\nco-occurrence graph to describe the relations among file samples. Generally, two files are related if they are shared by many clients (or equivalently, file lists). Note that many unexpected relations (like relations between infected samples and benign files) are first removed using infected file detectors.\nThe co-occurrence graph is defined as G =< V,E > where V is the set of file samples. Given two file samples vi and vj , let Si be the set of file lists containing vi and Sj be the set of file lists containing vj . Then the similarity between vi and vj is computed as\nsim(vi, vj) = |Si ∩ Sj | |Si ∪ Sj | , (1)\nwhere |S| denotes the size of a set S. If the similarity between a pair of file samples is greater than 0, then there is an edge between them and E is the set of edges between vertices.\nAn example graph is shown in Figure 7 illustrating the real relations between some file samples, where the size of each edge indicates its weight."
    }, {
      "heading" : "4. A SEMI-PARAMETRIC MODEL FOR COMBINING FILE CONTENT AND FILE RELATIONS",
      "text" : "In this section, we propose a semi-parametric model to combine file content and file relations for classification using the graph regularization framework. The semi-parametric model consists of two\ncomponents: a parametric component reflecting file content information and a non-parametric component reflecting file relation information.\nLet f be a vector, each of whose elements is the label (i.e., malicious or benign) of a file example to be predicted. The vector f can be generated from two parts, parametric and non-parametric ones. The parametric component follows a linear model, X⊤w, where each column of matrix X is the content feature vector of a file example, and w is the coefficients. The non-parametric part is just a vector of h, each element of which corresponds to a value of a file example. Combining two parts, we have f = X⊤w + h.\nNow considering the labeling information vector y. Let yi = 1 if the i-th file sample is malicious, yi = −1 if the i-th file sample is benign, yi = 0 if the i-th file sample is unlabeled. We can use hinge loss for labeled file samples as in Support Vector Machine, or use L2 loss for labeled data as in Least Square problems. For simplicity, we follow [29] to use L2 loss on all data points, i.e. ∥y− f∥2. We also consider the global consistency on the co-occurrence graph [29], f⊤Lf , where the symmetric matrix L is the normalized Laplacian of the graph. Thus the total loss is\n1 2 ∥y − f∥2 + α 2 f⊤Lf , (2)\nwhere α is the weight for combining two parts of information, adding 1\n2 is just for convenience.\nTo limit the model complexity, we add the regularization terms for w and h, which are\n1\n2β w⊤w +\n1\n2γ h⊤h, (3)\nwhere β and γ are the regularization parameters. Putting Eq. (2) and Eq. (3) together, we have optimization problem:\nmin f ,w,h\n1 2 ∥y − f∥2 + α 2 f⊤Lf + 1 2β w⊤w + 1 2γ h⊤h (4)\nsubject to f = X⊤w + h.\nTo solve Eq. (4), we introduce Lagrange multiplier ξ.\nL(f ,w,h; ξ) = 1 2 ∥y − f∥2 + α 2 f⊤Lf + 1 2β w⊤w\n+ 1 2γ h⊤h+ ξ⊤(f −X⊤w − h).\nAs ∂L ∂w = 0, ∂L ∂h = 0, ∂L ∂ξ = 0, and ∂L ∂f = 0, we have\nw = βXξ (5) h = γξ (6)\nf = X⊤w + h (7) y = f + αLf + ξ (8)\nPlugging Eqs. (5,6) into Eq. (7), we have\nf = (βX⊤X+ γI)ξ,\nor\nξ = (βX⊤X+ γI)−1f .\nPlugging it into Eq. (8), we have f = [ I+ αL+ (βX⊤X+ γI)−1 ]−1 y. (9)\nThis model is an extension of [29] by consider the parametric part. Note that if there are no content features, then f = h and this\nmodel reduces to traditional semi-supervised learning. Different from [31] and [30], this model does not infer the embedding.\nComputation Issues: We need to solve[ I+ αL+ (βX⊤X+ γI)−1 ] f = y (10)\nLet the size of X be p × n, where p is the number of feature and n is the number of instances, the average nonzeros element of L be κ. As long as p ≪ n, we can follow the Woodbury identity, and Eq. (10) becomes[\n(1 + γ−1)I+ αL− γ−1X(γβ−1I+XX⊤)−1X⊤ ] f = y\n(11) To solve Eq. (11), we can use conjugate gradient descent method. Computing XX⊤ is O(np2), the inverse of (γβ−1I + XX⊤) is O(p3), and we precompute (γβ−1I+XX⊤)−1X⊤ with O(np2+ p3). In each iteration of conjugate gradient descent, we compute[ (1 + γ−1)I+ αL− γ−1X(γβ−1I+XX⊤)−1X⊤ ] v for some v. The computation of each iteration is O(n(p+ κ)). The convergence rate depends on the condition number of the LHS matrix of Eq. (11)."
    }, {
      "heading" : "5. EXPERIMENTAL RESULTS AND ANALYSIS",
      "text" : "In this section, we conduct three sets of experimental studies using our data collection obtained from Comodo Cloud Security Center to fully evaluate the performance of our developed Valkyrie system: (1) In the first set of experiments, we evaluate the effectiveness of file content based classifier and file relation based classifier for malware detection; (2) In the second part of experiments, we evaluate our proposed semi-parametric model based classifier by comparing it with alternative methods for combining file content and file relations. (3) In the last set of experiments, we compare our Valkyrie system with some of the popular anti-malware software products such as Kaspersky Anti-Virus, MaAfee VirusScan, Bitdefender."
    }, {
      "heading" : "5.1 Experimental Setup",
      "text" : "We measure the malware detection performance of different classifiers using the following evaluation measures:\n• True Positive (TP): the number of samples correctly classified as malicious files.\n• True Negative (TN): the number of samples correctly classified as benign files.\n• False Positive (FP): the number of samples mistakenly classified as malicious files.\n• False Negtive (FN): the number of samples mistakenly classified as benign files.\n• Accuracy (ACY): TP+TN TP+TN+FP+FN\n• Recall (RC): TP+TN+FP+FN TheNumberOfTotalFileCollection .\nThe dataset we obtained from Comodo Cloud Security Center includes 37,930 user file lists that describe file relations between 30,950 malware samples, 225,830 benign files and 434,870 unknown files (analyzed by the anti-malware experts of Comodo Security Lab, 39,138 of them are malware, while 395,732 of them are benign files). We also have the file relation information for all the file samples. Using the feature extraction methods described in\nSection 3, based on this data collection, 1) resting on the API calls extracted from the known file samples, we obtain 210,850 training file content vectors (since part of the file samples’ Import Table are invalid, 23,610 malicious files can be effectively extracted their API calls, while 187,240 benign samples are successfully extracted) with 86,757 dimensions; 2) from the collected user file lists, after excluding the unexpected relations (like relations between infected samples and benign files), we construct a graph including 248,986 vertices (29,006 represent malicious files, while 219,980 represent benign samples) with 356,134 edges.\nAll the experimental studies are conducted under the environment of Windows 7 operating system plus Intel(R) Core(TM) i3 CPU and 4 GB of RAM."
    }, {
      "heading" : "5.2 Comparisons of File Content and File Relation Based Classifiers",
      "text" : "In this set of experiments, we evaluate the effectiveness of malware detection results based on different feature representations: file content and file relations. The large collection of file sample data along with the high dimensionality and sparseness requires the classification methods for malware detection to be scalable and robust. With the advantage of handling large feature space without overfitting, Support Vector Machine (SVM) has shown state-of-art results in classification problems [22, 12, 28]. Therefore, in this section, we use SVM [7] as the base classifier. For file content based classification, SVM is applied on the features of API calls. For file relation based classification, we treat file relations as the features for each file sample, i.e., the i-th feature is the similarities with the i-th file sample. Linear SVM [7] is used in both cases and the regularization parameter of SVM is selected using crossvalidation.\nFrom Table 1 and Figure 8, we observe that the accuracy of file relation based classifier is similar to file content based classifier, while the recall of the file relation based classifier greatly outperforms the file content based classifier for unknown file verdicts."
    }, {
      "heading" : "5.3 Comparisons of Different Classifiers Combining File Content and File Relation",
      "text" : "In this section, we compare our semi-parametric model with the following methods of combining file relations and file content information: (1) SVM on feature integration: We combine the content features and the relation features and then apply SVM on the enlarged feature space. We use different weights for these two sets of features and the weights are selected using cross-validation. (2) SVM on kernel integration: We average the linear kernel on the content and the relation similarity (note that the co-occurrence graph can be viewed as a kernel) and apply SVM on the composite kernel. (3) joint-factorization: We use the supervised joint matrix factorization on both the content and relation information and then perform SVM on the resulting low dimensional embedding. For\nmore details on this method, please refer to [31]. For our semiparametric model, the parameters α, β, and γ are all set to 0.1.\nThe results as shown in Table 2 and Figure 9 demonstrate that: (1) Combining file relation with file content can improve the classification effectiveness for malware detection; (2) Combining file relation with file content, our proposed semi-parametric model based classifier outperforms other alternative methods."
    }, {
      "heading" : "5.4 Comparisons with Different AV Venders",
      "text" : "In this section, we apply Valkyrie system in real applications to evaluate its malware detection effectiveness and efficiency on the daily data collection described in Section 5.1.\n5.4.1 Comparisons of Detection Effectiveness between Different AV Venders\nBased on 434,870 unknown files (analyzed by the anti-malware experts of Comodo Security Lab, 39,138 of them are malware, while 395,732 of them are benign files), we first compare the malware detection effectiveness of Valkyrie system with some of the popular AV products, like Kaspersky(Kasp), NOD32, Mcafee, Bitdefender(BD) and Avira. For comparison purpose, we use all of the Anti-Virus scanners’ latest versions of the base of signature on the same day(Feb 14th, 2011). Table 3 and Figure 10 show that the malware detection effectiveness of our Valkyrie outperforms other popular AV products based on our huge data collection.\n5.4.2 Comparisons of Detection Efficiency between Different AV Venders\nIn this set of experiments, we compare the detection efficiency of our developed Valkyrie system with different AV scanners. The results in Figure 11 illustrate that our Valkyrie system achieves much higher efficiency than other popular scanners when being executed in the same environment, due to its high efficient feature extraction ways and novel detection scheme.\nAll of these traits make it possible for real anti-malware industry application. The Valkyrie system has been incorporated into the Comodo Anti-Malware products."
    }, {
      "heading" : "6. SYSTEM DEVELOPMENT AND OPERATION",
      "text" : "Till now, by adopting our proposed classification method, the system has been extended to combine file relations and various kinds of file content representations, such as, program strings, instructions, functions extracted from export table and so on. We now totally have 15 classifiers combining file relations and 15 different file content representations. Figure 12 shows the real file verdict service (http://valkyrie.comodo.com) for pubic which integrates our developed Valkyrie system. For the development of the Valkyrie system, Comodo has spent over $550K, $150K of which is on the hardware equipment. The system monitors 15 classifiers that verify functionality and availability and is managed in a revision control system. Over 40 anti-malware analysts at Comodo Cloud Security Center are utilizing the system on the daily basis. In practice, a human analyst has to spend at least 8 hours to manually analyze 100 file samples for malware detection. Using the Valkyrie system, the analysis of about 500,000 file samples (including feature extraction and prediction) can be performed within 8 hours using 5 servers. The high efficiency of our Valkyrie system can greatly save human labors and reduce the staff cost. This would benefit over 8 million Internet users of Comodo’s client antimalware products."
    }, {
      "heading" : "7. RELATED WORK",
      "text" : ""
    }, {
      "heading" : "7.1 Malware Detection",
      "text" : "With the development of malware industry and the sharp increase of the number of malware samples, most of the Anti-Malware Venders have switched from signature-based detection methods to the cloud based scheme. In the cloud based malware detection scheme, antiMalware Venders authenticate valid software programs from a whitelist\nand block invalid software programs from a blacklist using signaturebased method on the clients, collect and predict a large number of unknown software programs (i.e., the gray list) on the cloud (server), and quickly generate the verdict results and send to the clients within seconds. As the number of file samples in the gray list increasing rapidly with the development of the malware writing techniques, there is an urgent need for anti-malware industry to apply intelligent techniques on the cloud side for automatic malware detection. Using these intelligent techniques, the detection process is generally divided into two steps: content feature extraction and classification. The detection performance is critically dependent on the set of extracted features and the classifier [18].\nContent Feature Extraction: For content feature extraction, there are mainly two types of methods [23]: static and dynamic feature extraction. Compared with dynamic feature extraction methods, static feature extraction methods are easier and less expensive [27]. In addition, according the statistics from Comodo Cloud Security Center, over 80% of the collected file samples in our work can be represented by static features, while just about 40% of the file samples can run dynamically. Therefore, we use static feature extraction in our work. There are many different kinds of static features [8], such as Application Programming Interface (API) calls, binary string, and file instructions, each has its own advantages and disadvantages. In our work, we extract Application Programming Interface (API) calls from the collected malicious and benign PE files since they can well reflect the behavior of program code pieces.\nClassification: For classification, over the last couple of years, many data mining and machine learning approaches have been adopted for malware detection [21, 4, 25, 13, 15, 19, 20, 27, 24]. Neural Networks as well as immune system are used by IBM for computer virus recognition [21]. Naive Bayes method, Support Vector Machine(SVM), decision tree and associative classification methods are applied to detect new malicious executables in previous studies [13, 19, 24, 27].\nHowever, all of these methods are applied on the file content features. Sometimes, according to file content itself, it is not easy to determine whether a file is malicious or not solely based on the file content. Recently, a malware detection system based on largescale graph inference using file relationships is developed in [6]. To improve the detection performance, in our work, we use both the file content and file relation information for classification."
    }, {
      "heading" : "7.2 Combining Content Information and Link Information",
      "text" : "The problem of combining content information and relation information (i.e., link information) have been widely studied for web document categorization in data mining and information retrieval community [26]. Early approaches for combining content information and link information fall into two general categories: (1) feature integration [3, 11, 16]: this approach enlarges the feature representation to incorporate all data and produce a unified feature space. In particular, the relation information is viewed as additional features/attributes. However, since file relations and file content have different properties, direct feature integration may degrades the quality of information. (2) Kernel Integration [10, 14]: The data is kept in their original form and they are integrated at the similarity computation or the Kernel level. In other words, relation similarity and content similarity are combined directly. One drawback of the kernel integration is that it does not fully explore the correlation and the inherent consistency between the content information and the relation information. Recently Joint-Embedding approaches are proposed to address the limitations of the above two types of approaches [31, 5, 30]. These Joint-Embedding approaches first seek a common low-dimensional embedding via joint factorization of both the content and relation information and then perform classification in the transformed space. In our work, we propose a semi-parametric classification model for combining file content and file relations. Our model can be regarded as an extension of Joint-Embedding approaches. However, different from the joint-embedding approaches, our model does not explicitly infer the embedding and is directly optimized for classification."
    }, {
      "heading" : "8. CONCLUSION",
      "text" : "In this paper, we study how file relations can be used to improve malware detection results for a large collection of file samples and develop a file verdict system (named \"Valkyrie\") based on a semi-parametric classification model to combine file content and file relations together for malware detection. To the best of our knowledge, this is the first work of using both file content and file relations for malware detection. Empirical studies on large and real daily data sets collected by Comodo Cloud Security Center illustrate that our Valkyrie system outperforms other malware classification methods as well as some of the popular AV products. The system has been incorporated into the Comodo’s Anti-Malware products."
    }, {
      "heading" : "Acknowledgement",
      "text" : "The work of T. Li is partially supported by the US National Science Foundation under grants IIS-0546280 and DMS-0915110."
    }, {
      "heading" : "9. REFERENCES",
      "text" : "[1] P. Beaucamps and E. Filiol. Metamorphism, formal grammars and undecidable\ncode mutation. In Journal in Computer Science, 2 (1), pages 70–75, 2007. [2] P. Beaucamps and E. Filiol. On the possibility of practically obfuscating\nprograms towards aunified perspective of code protection. In Journal in Computer Virology, 3 (1), 2007.\n[3] S. Chakrabarti, B. Dom, and P. Indyk. Enhanced hypertext categorization using hyperlinks. SIGMOD Rec., 27:307–318, June 1998. [4] M. Christodorescu, S. Jha, and C.Kruegel. Mining specifications of malicious behavior. In Proceedings of ESEC/FSE’07, pages 5–14, 2007. [5] D. Cohn and T. Hofmann. The missing link - a probabilistic model of document content and hypertext connectivity. In Advances in Neural Information Processing Systems 13, 2001. [6] D. Chau, C. Nachenberg, J. Willhelm, A. Wright and C. Faloutsos. Polonium: Tera-scale graph mining and inference for malware detection. In Proccedings of SIAM International Conference on Data Mining (SDM) 2011, 2011. [7] R. Fan, K. Chang, C. Hsieh, X. Wang, and C. Lin. Liblinear: A library for large linear classification. J. Mach. Learning Res., 9:1775–1778, 2008. [8] E. Filiol. Computer viruses: from theory to applications. In Springer, Heihelberg, 2005. [9] M. Fisher and R. Everson. When are links useful? experiments in text classification. In ECIR, 2003.\n[10] T. Joachims, N. Cristianini, and J. Shawe-Taylor. Composite kernels for hypertext categorisation. In ICML, 2001. [11] P. Kolari, T. Finin, and A. Joshi. Svms for the blogosphere: Blog identification and splog detection. In AAAI Spring Symposium on Computational Approaches to Analysing Weblogs, 2006. [12] A. Kolcz, X Sun, and J Kalita. Efficient handling of high-dimensional feature spaces by randomized classifier ensembles. In SIGKDD, 2002. [13] J. Kolter and M. Maloof. Learning to detect malicious executables in the wild. In SIGKDD, 2004. [14] A. Maguitman, F. Menczer, H. Roinestad, and A. Vespignani. Algorithmic detection of semantic similarity. In WWW, 2005. [15] M. Bailey, J. Oberheide, J. Andersen, Z. M.Mao, F. ahanian, and J. Nazario. Automated classification and analysis of internet malware. RAID 2007, LNCS, 4637:178–197, 2007. [16] H. Oh, S. Myaeng, and M. Lee. A practical hypertext catergorization method using links and incrementally available class information. In SIGIR, 2000. [17] J.R. Quinlan. C4.5. programs for machine learning. In San Mateo, CA: Morgan Kaufmann, 1993. [18] D. K. S. Reddy and A. K. Pujari. N-gram analysis for computer virus detection. J Comput Virol, pages 231–239, 2006. [19] M. Schultz, E. Eskin, and E. Zadok. Data mining methods for detection of new malicious executables. In Proccedings of 2001 IEEE Symposium on Security and Privacy, pages 38–49, 2001. [20] A. Sung, J. Xu, P. Chavez, and S. Mukkamala. Static analyzer of vicious executables (save). In Proceedings of the 20th Annual Computer Security Applications Conference, 2004. [21] G.J. Tesauro, J.O. Kephart, and G.B. Sorkin. Neural network for computer virus recognition. In IEEE Expert, 11:5-6), 1996. [22] I.W. Tsang, J.T. Kwok, and P.M. Cheung. Core vector machines: Fast svm training on very large data sets. J. Mach. Learn. Res., 6:363–392, 2005. [23] U. Bayer, A. Moser, C. Kruegel, and E. Kirda. Dynamic analysis of malicious code. J Comput Virol, 2:67–77, May 2006. [24] J. Wang, P. Deng, Y. Fan, L. Jaw, and Y. Liu. Virus detection using data mining techniques. In Proccedings of ICDM’03), 2003. [25] X. Jiang and X. Zhu. vEye: behavioral footprinting for self-propagating worm detection and profiling. Knowledge and Information System, 18(2):231–262, 2009. [26] Y. Yang, Seán Slattery, and R. Ghani. A study of approaches to hypertext categorization. J. Intell. Inf. Syst., 18:219–241, March 2002. [27] Y. Ye, D. Wang, T. Li, and D. Ye. IMDS: Intelligent malware detection system. In SIGKDD, 2007. [28] H. Yu, J. Yang, and J. Han. Classifying large data sets using svms with hierarchical clusters. In SIGKDD, 2003. [29] D. Zhou, O. Bousquet, T. N. Lal, J. Weston, and B. Scholkopf. Learning with local and global consistency. In Advances in Neural Information Processing Systems 16, 2004. [30] D. Zhou, S. Zhu, K. Yu, X. Song, B. L. Tseng, H. Zha, and C. Lee Giles. Learning multiple graphs for document recommendations. In WWW, 2008. [31] S. Zhu, K. Yu, Y. Chi, and Y. Gong. Combining content and link for classification using matrix factorization. In SIGIR, 2007."
    } ],
    "references" : [ {
      "title" : "Metamorphism",
      "author" : [ "P. Beaucamps", "E. Filiol" ],
      "venue" : "formal grammars and undecidable code mutation. In Journal in Computer Science, 2 (1), pages 70–75",
      "citeRegEx" : "1",
      "shortCiteRegEx" : null,
      "year" : 2007
    }, {
      "title" : "On the possibility of practically obfuscating programs towards aunified perspective of code protection",
      "author" : [ "P. Beaucamps", "E. Filiol" ],
      "venue" : "Journal in Computer Virology, 3 (1)",
      "citeRegEx" : "2",
      "shortCiteRegEx" : null,
      "year" : 2007
    }, {
      "title" : "Enhanced hypertext categorization using hyperlinks",
      "author" : [ "S. Chakrabarti", "B. Dom", "P. Indyk" ],
      "venue" : "SIGMOD Rec.,",
      "citeRegEx" : "3",
      "shortCiteRegEx" : "3",
      "year" : 1998
    }, {
      "title" : "S",
      "author" : [ "M. Christodorescu" ],
      "venue" : "Jha, and C.Kruegel. Mining specifications of malicious behavior. In Proceedings of ESEC/FSE’07, pages 5–14",
      "citeRegEx" : "4",
      "shortCiteRegEx" : null,
      "year" : 2007
    }, {
      "title" : "The missing link - a probabilistic model of document content and hypertext connectivity",
      "author" : [ "D. Cohn", "T. Hofmann" ],
      "venue" : "Advances in Neural Information Processing Systems 13",
      "citeRegEx" : "5",
      "shortCiteRegEx" : null,
      "year" : 2001
    }, {
      "title" : "Polonium: Tera-scale graph mining and inference for malware detection",
      "author" : [ "D. Chau", "C. Nachenberg", "J. Willhelm", "A. Wright", "C. Faloutsos" ],
      "venue" : "Proccedings of SIAM International Conference on Data Mining (SDM) 2011",
      "citeRegEx" : "6",
      "shortCiteRegEx" : null,
      "year" : 2011
    }, {
      "title" : "Liblinear: A library for large linear classification",
      "author" : [ "R. Fan", "K. Chang", "C. Hsieh", "X. Wang", "C. Lin" ],
      "venue" : "J. Mach. Learning Res., 9:1775–1778",
      "citeRegEx" : "7",
      "shortCiteRegEx" : null,
      "year" : 2008
    }, {
      "title" : "Computer viruses: from theory to applications",
      "author" : [ "E. Filiol" ],
      "venue" : "Springer, Heihelberg",
      "citeRegEx" : "8",
      "shortCiteRegEx" : null,
      "year" : 2005
    }, {
      "title" : "When are links useful? experiments in text classification",
      "author" : [ "M. Fisher", "R. Everson" ],
      "venue" : "ECIR",
      "citeRegEx" : "9",
      "shortCiteRegEx" : null,
      "year" : 2003
    }, {
      "title" : "Composite kernels for hypertext categorisation",
      "author" : [ "T. Joachims", "N. Cristianini", "J. Shawe-Taylor" ],
      "venue" : "ICML",
      "citeRegEx" : "10",
      "shortCiteRegEx" : null,
      "year" : 2001
    }, {
      "title" : "Svms for the blogosphere: Blog identification and splog detection",
      "author" : [ "P. Kolari", "T. Finin", "A. Joshi" ],
      "venue" : "AAAI Spring Symposium on Computational Approaches to Analysing Weblogs",
      "citeRegEx" : "11",
      "shortCiteRegEx" : null,
      "year" : 2006
    }, {
      "title" : "Efficient handling of high-dimensional feature spaces by randomized classifier ensembles",
      "author" : [ "A. Kolcz", "X Sun", "J Kalita" ],
      "venue" : "SIGKDD",
      "citeRegEx" : "12",
      "shortCiteRegEx" : null,
      "year" : 2002
    }, {
      "title" : "Learning to detect malicious executables in the wild",
      "author" : [ "J. Kolter", "M. Maloof" ],
      "venue" : "SIGKDD",
      "citeRegEx" : "13",
      "shortCiteRegEx" : null,
      "year" : 2004
    }, {
      "title" : "Algorithmic detection of semantic similarity",
      "author" : [ "A. Maguitman", "F. Menczer", "H. Roinestad", "A. Vespignani" ],
      "venue" : "WWW",
      "citeRegEx" : "14",
      "shortCiteRegEx" : null,
      "year" : 2005
    }, {
      "title" : "Z",
      "author" : [ "M. Bailey", "J. Oberheide", "J. Andersen" ],
      "venue" : "M.Mao, F. ahanian, and J. Nazario. Automated classification and analysis of internet malware. RAID 2007, LNCS, 4637:178–197",
      "citeRegEx" : "15",
      "shortCiteRegEx" : null,
      "year" : 2007
    }, {
      "title" : "A practical hypertext catergorization method using links and incrementally available class information",
      "author" : [ "H. Oh", "S. Myaeng", "M. Lee" ],
      "venue" : "SIGIR",
      "citeRegEx" : "16",
      "shortCiteRegEx" : null,
      "year" : 2000
    }, {
      "title" : "C4.5. programs for machine learning",
      "author" : [ "J.R. Quinlan" ],
      "venue" : null,
      "citeRegEx" : "17",
      "shortCiteRegEx" : "17",
      "year" : 1993
    }, {
      "title" : "N-gram analysis for computer virus detection",
      "author" : [ "D.K.S. Reddy", "A.K. Pujari" ],
      "venue" : "J Comput Virol, pages 231–239",
      "citeRegEx" : "18",
      "shortCiteRegEx" : null,
      "year" : 2006
    }, {
      "title" : "Data mining methods for detection of new malicious executables",
      "author" : [ "M. Schultz", "E. Eskin", "E. Zadok" ],
      "venue" : "Proccedings of 2001 IEEE Symposium on Security and Privacy, pages 38–49",
      "citeRegEx" : "19",
      "shortCiteRegEx" : null,
      "year" : 2001
    }, {
      "title" : "Static analyzer of vicious executables (save)",
      "author" : [ "A. Sung", "J. Xu", "P. Chavez", "S. Mukkamala" ],
      "venue" : "Proceedings of the 20th Annual Computer Security Applications Conference",
      "citeRegEx" : "20",
      "shortCiteRegEx" : null,
      "year" : 2004
    }, {
      "title" : "Neural network for computer virus recognition",
      "author" : [ "G.J. Tesauro", "J.O. Kephart", "G.B. Sorkin" ],
      "venue" : "IEEE Expert, 11:5-6)",
      "citeRegEx" : "21",
      "shortCiteRegEx" : null,
      "year" : 1996
    }, {
      "title" : "Core vector machines: Fast svm training on very large data sets",
      "author" : [ "I.W. Tsang", "J.T. Kwok", "P.M. Cheung" ],
      "venue" : "J. Mach. Learn. Res., 6:363–392",
      "citeRegEx" : "22",
      "shortCiteRegEx" : null,
      "year" : 2005
    }, {
      "title" : "Dynamic analysis of malicious code",
      "author" : [ "U. Bayer", "A. Moser", "C. Kruegel", "E. Kirda" ],
      "venue" : "J Comput Virol,",
      "citeRegEx" : "23",
      "shortCiteRegEx" : "23",
      "year" : 2006
    }, {
      "title" : "Virus detection using data mining techniques",
      "author" : [ "J. Wang", "P. Deng", "Y. Fan", "L. Jaw", "Y. Liu" ],
      "venue" : "Proccedings of ICDM’03)",
      "citeRegEx" : "24",
      "shortCiteRegEx" : null,
      "year" : 2003
    }, {
      "title" : "vEye: behavioral footprinting for self-propagating worm detection and profiling",
      "author" : [ "X. Jiang", "X. Zhu" ],
      "venue" : "Knowledge and Information System, 18(2):231–262",
      "citeRegEx" : "25",
      "shortCiteRegEx" : null,
      "year" : 2009
    }, {
      "title" : "A study of approaches to hypertext categorization",
      "author" : [ "Y. Yang", "Seán Slattery", "R. Ghani" ],
      "venue" : "J. Intell. Inf. Syst.,",
      "citeRegEx" : "26",
      "shortCiteRegEx" : "26",
      "year" : 2002
    }, {
      "title" : "IMDS: Intelligent malware detection system",
      "author" : [ "Y. Ye", "D. Wang", "T. Li", "D. Ye" ],
      "venue" : "SIGKDD",
      "citeRegEx" : "27",
      "shortCiteRegEx" : null,
      "year" : 2007
    }, {
      "title" : "Classifying large data sets using svms with hierarchical clusters",
      "author" : [ "H. Yu", "J. Yang", "J. Han" ],
      "venue" : "SIGKDD",
      "citeRegEx" : "28",
      "shortCiteRegEx" : null,
      "year" : 2003
    }, {
      "title" : "Learning with local and global consistency",
      "author" : [ "D. Zhou", "O. Bousquet", "T.N. Lal", "J. Weston", "B. Scholkopf" ],
      "venue" : "Advances in Neural Information Processing Systems 16",
      "citeRegEx" : "29",
      "shortCiteRegEx" : null,
      "year" : 2004
    }, {
      "title" : "Learning multiple graphs for document recommendations",
      "author" : [ "D. Zhou", "S. Zhu", "K. Yu", "X. Song", "B.L. Tseng", "H. Zha", "C. Lee Giles" ],
      "venue" : "WWW",
      "citeRegEx" : "30",
      "shortCiteRegEx" : null,
      "year" : 2008
    }, {
      "title" : "Combining content and link for classification using matrix factorization",
      "author" : [ "S. Zhu", "K. Yu", "Y. Chi", "Y. Gong" ],
      "venue" : "SIGIR",
      "citeRegEx" : "31",
      "shortCiteRegEx" : null,
      "year" : 2007
    } ],
    "referenceMentions" : [ {
      "referenceID" : 22,
      "context" : ", virus, worms, trojans, spyware, backdoors, and rootkits) [23].",
      "startOffset" : 59,
      "endOffset" : 63
    }, {
      "referenceID" : 7,
      "context" : "Numerous attacks made by the malware pose a major security threat to Internet users [8].",
      "startOffset" : 84,
      "endOffset" : 87
    }, {
      "referenceID" : 3,
      "context" : "Hence, malware detection is one of the internet security topics that are of great interest [4, 25, 13, 15, 19, 20, 27, 24].",
      "startOffset" : 91,
      "endOffset" : 122
    }, {
      "referenceID" : 24,
      "context" : "Hence, malware detection is one of the internet security topics that are of great interest [4, 25, 13, 15, 19, 20, 27, 24].",
      "startOffset" : 91,
      "endOffset" : 122
    }, {
      "referenceID" : 12,
      "context" : "Hence, malware detection is one of the internet security topics that are of great interest [4, 25, 13, 15, 19, 20, 27, 24].",
      "startOffset" : 91,
      "endOffset" : 122
    }, {
      "referenceID" : 14,
      "context" : "Hence, malware detection is one of the internet security topics that are of great interest [4, 25, 13, 15, 19, 20, 27, 24].",
      "startOffset" : 91,
      "endOffset" : 122
    }, {
      "referenceID" : 18,
      "context" : "Hence, malware detection is one of the internet security topics that are of great interest [4, 25, 13, 15, 19, 20, 27, 24].",
      "startOffset" : 91,
      "endOffset" : 122
    }, {
      "referenceID" : 19,
      "context" : "Hence, malware detection is one of the internet security topics that are of great interest [4, 25, 13, 15, 19, 20, 27, 24].",
      "startOffset" : 91,
      "endOffset" : 122
    }, {
      "referenceID" : 26,
      "context" : "Hence, malware detection is one of the internet security topics that are of great interest [4, 25, 13, 15, 19, 20, 27, 24].",
      "startOffset" : 91,
      "endOffset" : 122
    }, {
      "referenceID" : 23,
      "context" : "Hence, malware detection is one of the internet security topics that are of great interest [4, 25, 13, 15, 19, 20, 27, 24].",
      "startOffset" : 91,
      "endOffset" : 122
    }, {
      "referenceID" : 19,
      "context" : "niques, chief among them being automated obfuscation [20].",
      "startOffset" : 53,
      "endOffset" : 57
    }, {
      "referenceID" : 1,
      "context" : "Nowdays malware samples increasingly employ techniques such as polymorphism [2], metamorphism [1], packing, instruction virtualization, and emulation to bypass signatures and defeat attempts to analyze their inner mechanisms [20].",
      "startOffset" : 76,
      "endOffset" : 79
    }, {
      "referenceID" : 0,
      "context" : "Nowdays malware samples increasingly employ techniques such as polymorphism [2], metamorphism [1], packing, instruction virtualization, and emulation to bypass signatures and defeat attempts to analyze their inner mechanisms [20].",
      "startOffset" : 94,
      "endOffset" : 97
    }, {
      "referenceID" : 19,
      "context" : "Nowdays malware samples increasingly employ techniques such as polymorphism [2], metamorphism [1], packing, instruction virtualization, and emulation to bypass signatures and defeat attempts to analyze their inner mechanisms [20].",
      "startOffset" : 225,
      "endOffset" : 229
    }, {
      "referenceID" : 3,
      "context" : "Recently, many research efforts have been conducted on developing intelligent malware detection systems [4, 25, 13, 15, 19, 20, 27, 24].",
      "startOffset" : 104,
      "endOffset" : 135
    }, {
      "referenceID" : 24,
      "context" : "Recently, many research efforts have been conducted on developing intelligent malware detection systems [4, 25, 13, 15, 19, 20, 27, 24].",
      "startOffset" : 104,
      "endOffset" : 135
    }, {
      "referenceID" : 12,
      "context" : "Recently, many research efforts have been conducted on developing intelligent malware detection systems [4, 25, 13, 15, 19, 20, 27, 24].",
      "startOffset" : 104,
      "endOffset" : 135
    }, {
      "referenceID" : 14,
      "context" : "Recently, many research efforts have been conducted on developing intelligent malware detection systems [4, 25, 13, 15, 19, 20, 27, 24].",
      "startOffset" : 104,
      "endOffset" : 135
    }, {
      "referenceID" : 18,
      "context" : "Recently, many research efforts have been conducted on developing intelligent malware detection systems [4, 25, 13, 15, 19, 20, 27, 24].",
      "startOffset" : 104,
      "endOffset" : 135
    }, {
      "referenceID" : 19,
      "context" : "Recently, many research efforts have been conducted on developing intelligent malware detection systems [4, 25, 13, 15, 19, 20, 27, 24].",
      "startOffset" : 104,
      "endOffset" : 135
    }, {
      "referenceID" : 26,
      "context" : "Recently, many research efforts have been conducted on developing intelligent malware detection systems [4, 25, 13, 15, 19, 20, 27, 24].",
      "startOffset" : 104,
      "endOffset" : 135
    }, {
      "referenceID" : 23,
      "context" : "Recently, many research efforts have been conducted on developing intelligent malware detection systems [4, 25, 13, 15, 19, 20, 27, 24].",
      "startOffset" : 104,
      "endOffset" : 135
    }, {
      "referenceID" : 26,
      "context" : "In the first step, various features such as Application Programming Interface (API) calls [27] and program strings [13, 19, 18] are extracted to capture the characteristics of the file samples.",
      "startOffset" : 90,
      "endOffset" : 94
    }, {
      "referenceID" : 12,
      "context" : "In the first step, various features such as Application Programming Interface (API) calls [27] and program strings [13, 19, 18] are extracted to capture the characteristics of the file samples.",
      "startOffset" : 115,
      "endOffset" : 127
    }, {
      "referenceID" : 18,
      "context" : "In the first step, various features such as Application Programming Interface (API) calls [27] and program strings [13, 19, 18] are extracted to capture the characteristics of the file samples.",
      "startOffset" : 115,
      "endOffset" : 127
    }, {
      "referenceID" : 17,
      "context" : "In the first step, various features such as Application Programming Interface (API) calls [27] and program strings [13, 19, 18] are extracted to capture the characteristics of the file samples.",
      "startOffset" : 115,
      "endOffset" : 127
    }, {
      "referenceID" : 16,
      "context" : "In the second step, intelligent classification techniques such as decision trees [17], Naive Bayes, and associative classifiers [24, 13, 19, 27] are used to automatically classify the file samples into different classes based on computational analysis of the feature representations.",
      "startOffset" : 81,
      "endOffset" : 85
    }, {
      "referenceID" : 23,
      "context" : "In the second step, intelligent classification techniques such as decision trees [17], Naive Bayes, and associative classifiers [24, 13, 19, 27] are used to automatically classify the file samples into different classes based on computational analysis of the feature representations.",
      "startOffset" : 128,
      "endOffset" : 144
    }, {
      "referenceID" : 12,
      "context" : "In the second step, intelligent classification techniques such as decision trees [17], Naive Bayes, and associative classifiers [24, 13, 19, 27] are used to automatically classify the file samples into different classes based on computational analysis of the feature representations.",
      "startOffset" : 128,
      "endOffset" : 144
    }, {
      "referenceID" : 18,
      "context" : "In the second step, intelligent classification techniques such as decision trees [17], Naive Bayes, and associative classifiers [24, 13, 19, 27] are used to automatically classify the file samples into different classes based on computational analysis of the feature representations.",
      "startOffset" : 128,
      "endOffset" : 144
    }, {
      "referenceID" : 26,
      "context" : "In the second step, intelligent classification techniques such as decision trees [17], Naive Bayes, and associative classifiers [24, 13, 19, 27] are used to automatically classify the file samples into different classes based on computational analysis of the feature representations.",
      "startOffset" : 128,
      "endOffset" : 144
    }, {
      "referenceID" : 26,
      "context" : "For example, IMDS [27] performs association classification on Windows API calls extracted from executable files, while Naive Bayes methods on the extracted strings and byte sequences are applied in [19].",
      "startOffset" : 18,
      "endOffset" : 22
    }, {
      "referenceID" : 18,
      "context" : "For example, IMDS [27] performs association classification on Windows API calls extracted from executable files, while Naive Bayes methods on the extracted strings and byte sequences are applied in [19].",
      "startOffset" : 198,
      "endOffset" : 202
    }, {
      "referenceID" : 25,
      "context" : ", link information) have been widely studied for web document categorization in data mining and information retrieval community [26, 9].",
      "startOffset" : 128,
      "endOffset" : 135
    }, {
      "referenceID" : 8,
      "context" : ", link information) have been widely studied for web document categorization in data mining and information retrieval community [26, 9].",
      "startOffset" : 128,
      "endOffset" : 135
    }, {
      "referenceID" : 2,
      "context" : "The approaches for combining content and link information generally fall into two categories: (1) feature integration which treats the relation information as additional features and enlarges the feature representation [3, 11, 16]; and (2) Kernel Integration which integrates the data at the similarity computation or the Kernel level [10, 14].",
      "startOffset" : 219,
      "endOffset" : 230
    }, {
      "referenceID" : 10,
      "context" : "The approaches for combining content and link information generally fall into two categories: (1) feature integration which treats the relation information as additional features and enlarges the feature representation [3, 11, 16]; and (2) Kernel Integration which integrates the data at the similarity computation or the Kernel level [10, 14].",
      "startOffset" : 219,
      "endOffset" : 230
    }, {
      "referenceID" : 15,
      "context" : "The approaches for combining content and link information generally fall into two categories: (1) feature integration which treats the relation information as additional features and enlarges the feature representation [3, 11, 16]; and (2) Kernel Integration which integrates the data at the similarity computation or the Kernel level [10, 14].",
      "startOffset" : 219,
      "endOffset" : 230
    }, {
      "referenceID" : 9,
      "context" : "The approaches for combining content and link information generally fall into two categories: (1) feature integration which treats the relation information as additional features and enlarges the feature representation [3, 11, 16]; and (2) Kernel Integration which integrates the data at the similarity computation or the Kernel level [10, 14].",
      "startOffset" : 335,
      "endOffset" : 343
    }, {
      "referenceID" : 13,
      "context" : "The approaches for combining content and link information generally fall into two categories: (1) feature integration which treats the relation information as additional features and enlarges the feature representation [3, 11, 16]; and (2) Kernel Integration which integrates the data at the similarity computation or the Kernel level [10, 14].",
      "startOffset" : 335,
      "endOffset" : 343
    }, {
      "referenceID" : 30,
      "context" : "However, both types of approaches have limitations: feature integration may degrade the quality of information as file relations and file content typically have different properties, while kernel integration fails to explore the correlation and the inherent consistency between the content information and the relation information [31].",
      "startOffset" : 331,
      "endOffset" : 335
    }, {
      "referenceID" : 30,
      "context" : "Our model can be viewed as an extension of recently developed joint-embedding approaches which aims to seek a common low-dimensional embedding via joint factorization of both the content and relation information [31, 5, 30].",
      "startOffset" : 212,
      "endOffset" : 223
    }, {
      "referenceID" : 4,
      "context" : "Our model can be viewed as an extension of recently developed joint-embedding approaches which aims to seek a common low-dimensional embedding via joint factorization of both the content and relation information [31, 5, 30].",
      "startOffset" : 212,
      "endOffset" : 223
    }, {
      "referenceID" : 29,
      "context" : "Our model can be viewed as an extension of recently developed joint-embedding approaches which aims to seek a common low-dimensional embedding via joint factorization of both the content and relation information [31, 5, 30].",
      "startOffset" : 212,
      "endOffset" : 223
    }, {
      "referenceID" : 26,
      "context" : "PE is designed as a common file format for all flavor of Windows operating system, and PE malware are in the majority of the malware rising in recent years [27].",
      "startOffset" : 156,
      "endOffset" : 160
    }, {
      "referenceID" : 26,
      "context" : "We extract the Application Programming Interface (API) calls from the Import Tables [27] of collected malicious and benign PE files, convert them to a group of 32-bit global IDs (for example, the API \"MAPI32.",
      "startOffset" : 84,
      "endOffset" : 88
    }, {
      "referenceID" : 28,
      "context" : "For simplicity, we follow [29] to use L2 loss on all data points, i.",
      "startOffset" : 26,
      "endOffset" : 30
    }, {
      "referenceID" : 28,
      "context" : "We also consider the global consistency on the co-occurrence graph [29], f⊤Lf , where the symmetric matrix L is the normalized Laplacian of the graph.",
      "startOffset" : 67,
      "endOffset" : 71
    }, {
      "referenceID" : 28,
      "context" : "This model is an extension of [29] by consider the parametric part.",
      "startOffset" : 30,
      "endOffset" : 34
    }, {
      "referenceID" : 30,
      "context" : "Different from [31] and [30], this model does not infer the embedding.",
      "startOffset" : 15,
      "endOffset" : 19
    }, {
      "referenceID" : 29,
      "context" : "Different from [31] and [30], this model does not infer the embedding.",
      "startOffset" : 24,
      "endOffset" : 28
    }, {
      "referenceID" : 21,
      "context" : "With the advantage of handling large feature space without overfitting, Support Vector Machine (SVM) has shown state-of-art results in classification problems [22, 12, 28].",
      "startOffset" : 159,
      "endOffset" : 171
    }, {
      "referenceID" : 11,
      "context" : "With the advantage of handling large feature space without overfitting, Support Vector Machine (SVM) has shown state-of-art results in classification problems [22, 12, 28].",
      "startOffset" : 159,
      "endOffset" : 171
    }, {
      "referenceID" : 27,
      "context" : "With the advantage of handling large feature space without overfitting, Support Vector Machine (SVM) has shown state-of-art results in classification problems [22, 12, 28].",
      "startOffset" : 159,
      "endOffset" : 171
    }, {
      "referenceID" : 6,
      "context" : "Therefore, in this section, we use SVM [7] as the base classifier.",
      "startOffset" : 39,
      "endOffset" : 42
    }, {
      "referenceID" : 6,
      "context" : "Linear SVM [7] is used in both cases and the regularization parameter of SVM is selected using crossvalidation.",
      "startOffset" : 11,
      "endOffset" : 14
    }, {
      "referenceID" : 30,
      "context" : "more details on this method, please refer to [31].",
      "startOffset" : 45,
      "endOffset" : 49
    }, {
      "referenceID" : 17,
      "context" : "The detection performance is critically dependent on the set of extracted features and the classifier [18].",
      "startOffset" : 102,
      "endOffset" : 106
    }, {
      "referenceID" : 22,
      "context" : "Content Feature Extraction: For content feature extraction, there are mainly two types of methods [23]: static and dynamic feature extraction.",
      "startOffset" : 98,
      "endOffset" : 102
    }, {
      "referenceID" : 26,
      "context" : "Compared with dynamic feature extraction methods, static feature extraction methods are easier and less expensive [27].",
      "startOffset" : 114,
      "endOffset" : 118
    }, {
      "referenceID" : 7,
      "context" : "There are many different kinds of static features [8], such as Application Programming Interface (API) calls, binary string, and file instructions, each has its own advantages and disadvantages.",
      "startOffset" : 50,
      "endOffset" : 53
    }, {
      "referenceID" : 20,
      "context" : "Classification: For classification, over the last couple of years, many data mining and machine learning approaches have been adopted for malware detection [21, 4, 25, 13, 15, 19, 20, 27, 24].",
      "startOffset" : 156,
      "endOffset" : 191
    }, {
      "referenceID" : 3,
      "context" : "Classification: For classification, over the last couple of years, many data mining and machine learning approaches have been adopted for malware detection [21, 4, 25, 13, 15, 19, 20, 27, 24].",
      "startOffset" : 156,
      "endOffset" : 191
    }, {
      "referenceID" : 24,
      "context" : "Classification: For classification, over the last couple of years, many data mining and machine learning approaches have been adopted for malware detection [21, 4, 25, 13, 15, 19, 20, 27, 24].",
      "startOffset" : 156,
      "endOffset" : 191
    }, {
      "referenceID" : 12,
      "context" : "Classification: For classification, over the last couple of years, many data mining and machine learning approaches have been adopted for malware detection [21, 4, 25, 13, 15, 19, 20, 27, 24].",
      "startOffset" : 156,
      "endOffset" : 191
    }, {
      "referenceID" : 14,
      "context" : "Classification: For classification, over the last couple of years, many data mining and machine learning approaches have been adopted for malware detection [21, 4, 25, 13, 15, 19, 20, 27, 24].",
      "startOffset" : 156,
      "endOffset" : 191
    }, {
      "referenceID" : 18,
      "context" : "Classification: For classification, over the last couple of years, many data mining and machine learning approaches have been adopted for malware detection [21, 4, 25, 13, 15, 19, 20, 27, 24].",
      "startOffset" : 156,
      "endOffset" : 191
    }, {
      "referenceID" : 19,
      "context" : "Classification: For classification, over the last couple of years, many data mining and machine learning approaches have been adopted for malware detection [21, 4, 25, 13, 15, 19, 20, 27, 24].",
      "startOffset" : 156,
      "endOffset" : 191
    }, {
      "referenceID" : 26,
      "context" : "Classification: For classification, over the last couple of years, many data mining and machine learning approaches have been adopted for malware detection [21, 4, 25, 13, 15, 19, 20, 27, 24].",
      "startOffset" : 156,
      "endOffset" : 191
    }, {
      "referenceID" : 23,
      "context" : "Classification: For classification, over the last couple of years, many data mining and machine learning approaches have been adopted for malware detection [21, 4, 25, 13, 15, 19, 20, 27, 24].",
      "startOffset" : 156,
      "endOffset" : 191
    }, {
      "referenceID" : 20,
      "context" : "Neural Networks as well as immune system are used by IBM for computer virus recognition [21].",
      "startOffset" : 88,
      "endOffset" : 92
    }, {
      "referenceID" : 12,
      "context" : "Naive Bayes method, Support Vector Machine(SVM), decision tree and associative classification methods are applied to detect new malicious executables in previous studies [13, 19, 24, 27].",
      "startOffset" : 170,
      "endOffset" : 186
    }, {
      "referenceID" : 18,
      "context" : "Naive Bayes method, Support Vector Machine(SVM), decision tree and associative classification methods are applied to detect new malicious executables in previous studies [13, 19, 24, 27].",
      "startOffset" : 170,
      "endOffset" : 186
    }, {
      "referenceID" : 23,
      "context" : "Naive Bayes method, Support Vector Machine(SVM), decision tree and associative classification methods are applied to detect new malicious executables in previous studies [13, 19, 24, 27].",
      "startOffset" : 170,
      "endOffset" : 186
    }, {
      "referenceID" : 26,
      "context" : "Naive Bayes method, Support Vector Machine(SVM), decision tree and associative classification methods are applied to detect new malicious executables in previous studies [13, 19, 24, 27].",
      "startOffset" : 170,
      "endOffset" : 186
    }, {
      "referenceID" : 5,
      "context" : "Recently, a malware detection system based on largescale graph inference using file relationships is developed in [6].",
      "startOffset" : 114,
      "endOffset" : 117
    }, {
      "referenceID" : 25,
      "context" : ", link information) have been widely studied for web document categorization in data mining and information retrieval community [26].",
      "startOffset" : 128,
      "endOffset" : 132
    }, {
      "referenceID" : 2,
      "context" : "Early approaches for combining content information and link information fall into two general categories: (1) feature integration [3, 11, 16]: this approach enlarges the feature representation to incorporate all data and produce a unified feature space.",
      "startOffset" : 130,
      "endOffset" : 141
    }, {
      "referenceID" : 10,
      "context" : "Early approaches for combining content information and link information fall into two general categories: (1) feature integration [3, 11, 16]: this approach enlarges the feature representation to incorporate all data and produce a unified feature space.",
      "startOffset" : 130,
      "endOffset" : 141
    }, {
      "referenceID" : 15,
      "context" : "Early approaches for combining content information and link information fall into two general categories: (1) feature integration [3, 11, 16]: this approach enlarges the feature representation to incorporate all data and produce a unified feature space.",
      "startOffset" : 130,
      "endOffset" : 141
    }, {
      "referenceID" : 9,
      "context" : "(2) Kernel Integration [10, 14]: The data is kept in their original form and they are integrated at the similarity computation or the Kernel level.",
      "startOffset" : 23,
      "endOffset" : 31
    }, {
      "referenceID" : 13,
      "context" : "(2) Kernel Integration [10, 14]: The data is kept in their original form and they are integrated at the similarity computation or the Kernel level.",
      "startOffset" : 23,
      "endOffset" : 31
    }, {
      "referenceID" : 30,
      "context" : "Recently Joint-Embedding approaches are proposed to address the limitations of the above two types of approaches [31, 5, 30].",
      "startOffset" : 113,
      "endOffset" : 124
    }, {
      "referenceID" : 4,
      "context" : "Recently Joint-Embedding approaches are proposed to address the limitations of the above two types of approaches [31, 5, 30].",
      "startOffset" : 113,
      "endOffset" : 124
    }, {
      "referenceID" : 29,
      "context" : "Recently Joint-Embedding approaches are proposed to address the limitations of the above two types of approaches [31, 5, 30].",
      "startOffset" : 113,
      "endOffset" : 124
    } ],
    "year" : 2011,
    "abstractText" : "Due to their damages to Internet security, malware (such as virus, worms, trojans, spyware, backdoors, and rootkits) detection has caught the attention not only of anti-malware industry but also of researchers for decades. Resting on the analysis of file contents extracted from the file samples, like Application Programming Interface (API) calls, instruction sequences, and binary strings, data mining methods such as Naive Bayes and Support Vector Machines have been used for malware detection. However, besides file contents, relations among file samples, such as a “Downloader” is always associated with many Trojans, can provide invaluable information about the properties of file samples. In this paper, we study how file relations can be used to improve malware detection results and develop a file verdict system (named “Valkyrie”) building on a semi-parametric classifier model to combine file content and file relations together for malware detection. To the best of our knowledge, this is the first work of using both file content and file relations for malware detection. A comprehensive experimental study on a large collection of PE files obtained from the clients of anti-malware products of Comodo Security Solutions Incorporation is performed to compare various malware detection approaches. Promising experimental results demonstrate that the accuracy and efficiency of our Valkyrie system outperform other popular anti-malware software tools such as Kaspersky AntiVirus and McAfee VirusScan, as well as other alternative data mining based detection systems. Our system has already been incorporated into the scanning tool of Comodo’s Anti-Malware software.",
    "creator" : " TeX output 2011.06.28:1428"
  }
}