{
  "name" : "acm_10.1145##2381896.2381900.pdf",
  "metadata" : {
    "source" : "CRF",
    "title" : "Improving Malware Classification: Bridging the Static/Dynamic Gap",
    "authors" : [ "Blake Anderson", "Curtis Storlie", "Terran Lane" ],
    "emails" : [ "banderson@lanl.gov", "storlie@lanl.gov", "terran@cs.unm.edu" ],
    "sections" : [ {
      "heading" : "survey",
      "text" : "Malware classification systems have typically used some machine learning algorithm in conjunction with either static or dynamic features collected from the binary. Recently, more advanced malware has introduced mechanisms to avoid detection in these views by using obfuscation techniques to avoid static detection and execution-stalling techniques to avoid dynamic detection. In this paper we construct a classification framework that is able to incorporate both static and dynamic views into a unified framework in the hopes that, while a malicious executable can disguise itself in some views, disguising itself in every view while maintaining malicious intent will prove to be substantially more difficult. Our method uses kernels to place a similarity metric on each distinct view and then employs multiple kernel learning to find a weighted combination of the data sources which yields the best classification accuracy in a support vector machine classifier. Our approach opens up new avenues of malware research which will allow the research community to elegantly look at multiple facets of malware simultaneously, and which can easily be extended to integrate any new data sources that may become popular in the future."
    }, {
      "heading" : "Categories and Subject Descriptors",
      "text" : "I.5.2 [Design Methodology]: Classifier design and evaluation; K.6.5 [Security and Protection]: Invasive software (e.g., viruses, worms, Trojan horses"
    }, {
      "heading" : "General Terms",
      "text" : "Security, Algorithms, Experimentation"
    }, {
      "heading" : "Keywords",
      "text" : "Computer Security, Malware, Machine Learning, Multiple Kernel Learning"
    }, {
      "heading" : "1. INTRODUCTION",
      "text" : "In 2010, more than 286 million unique variants of malware were detected [47]. Despite the majority of this new malware being created through polymorphism and simple code obfuscation techniques, and thus being very similar to known malware, it will still not be detected by signaturebased anti-virus programs [13, 32]. To meet these challenges, machine learning techniques have been developed that are able to learn a generalized description of malware and apply this knowledge to classify new, unseen instances of malware.\nThe machine learning techniques for malware classification have used a variety of data sources to learn discriminatory functions that are able to differentiate benign and malicious software. Some of the most popular data sources that have been examined include binary files [21, 46], disassembled files [10, 40], entropy measures on the binary [27], dynamic system call traces [9, 18], dynamic instruction traces [4, 14], and control flow graphs [13, 22].\nThe novel contribution of this paper is to show how to combine different data sources using multiple kernel learning [43] to arrive at a new classification system that integrates all of the available information about a program into a unified framework. The key insight of our approach is that each data source provides complementary information about the true nature of a program, but no one data source contains all of this information. We aim to construct a classification system that does contain all aspects of a program’s true intentions. We begin by defining a kernel, a positive semi-definite matrix where each entry in the matrix is a measure of similarity between a pair of instances in the dataset, for each data source. We then use multiple kernel learning [6, 43] to find the weights of each kernel, create a linear combination of the kernels, and finally use a support vector machine [12] to perform classification.\nOur framework is particularly appealing for three reasons. First, we are able to elegantly combine both static and dynamic features in a way which allows the learning algorithm to take advantage of both simultaneously. Second, our method is extendable in the sense that future popular data sources could be easily added to the model without complicating the final result. Finally, the method presented in this paper is highly parallelizable: computing the kernel values for testing new malware can all be done in parallel, the implication being that larger datasets can easily be handled.\nWe present our results on a dataset composed of 776 benign programs and 780 malicious programs. In addition to this dataset, we test our methods on a separate validation dataset composed of 20,936 malicious samples. For each program we collect six data sources: the static binary, the disassembled binary file, the control flow graph from the disassembled binary file, a dynamic instruction trace, a dynamic system call trace, and a file information feature vector composed of information gathered from all of the previous data sources. For the binary file, disassembled file, and two\ndynamic traces, we build kernels based on the Markov chain graphs; for the control flow graph we use a graphlet kernel [41]; and for the file information feature vector we use a standard Gaussian kernel as explained in Section 4. We show that integrating multiple data sources increases overall classification performance with regard to accuracy, receiver operating characteristic (ROC) curves, and area under the ROC curve (AUC). We also provide results examining the efficacy of each individual data source with regard to different metrics, including the time from receiving the sample to making a classification decision. We report kernel combinations (in addition to the combination of all six data sources) which can achieve reasonably high performance if time and computing resources are at a premium. We also demonstrate some of the pitfalls of the dynamic and static methodologies, such as static data sources having difficulties with packed instances and/or instances with abnormal entropies."
    }, {
      "heading" : "2. RELATEDWORK",
      "text" : "There has been a large volume of work applying machine learning techniques to the malware classification problem [8, 14, 22, 35]. Most of this work has used a single data source (i.e. static binary or dynamic system call data) and some set of machine learning algorithms (i.e. support vector machines or decision trees) to perform classification and/or clustering. Unlike these methods, we incorporate multiple data sources, both static and dynamic, by using multiple kernel learning [43] to perform classification. Combining different features of static files has been examined [28]. Here the authors use n-grams and features about the static binary to build a series of classifiers based on various machine learning algorithms. They then use an ensemble learning algorithm to combine the results of the individual learners. In our work, we also incorporate learning with dynamic trace data, which has been shown to be very important for classifying classes of malware which are packed or obfuscated in other ways [29]. Also, the final combined kernel that we find can be used in a kernel-based clustering algorithm [26] to look at the phylogenetics of the malware as discussed in Section 6. Some authors have looked into combining static and dynamic features. In [24], the authors build different clusterings based on exploits, payloads, malware, and behavioral features captured by the Anubis framework [5]. Then they explore the relationships between the different clusterings. This is a results fusion model, whereas we are concerned with a data fusion model. We do not build separate models for each type of static and/or dynamic data source, but rather combines all of the data sources using multiple kernel learning to arrive at a unified view of what it means to be malicious. Another key difference of our approach is that we are concerned with classification and not clustering, with previous efforts not being suitable for the classification domain. We also base our analysis on different types of data. [24] uses 17 static features for the exploit/payload/malware clusters, whereas we compare the Markov chain graphs based on the binary and disassembled information, control flow graphs, and other file information statistics described in Section 3. The behavioral features of Anubis are concerned with modifications to the Windows registry and file system, or interactions with other processes. Our dynamic analysis is based on the Markov chain graphs of the dynamic instructions and system calls performed. It is important to note that the framework presented in this paper is general enough to in-\nclude the data sources of [24] once an appropriate Kernel is defined. Finally, we combine the information of the data sources using a multiple kernel learning framework and build a single unified classification system, whereas the individual clusterings found in [24] are based solely on their respective data sources.\nThere has been some work done which combines static and dynamic analysis to locate packed and/or obfuscated code. In [36], the authors first disassemble the code, and then run the code looking for sequences of instructions in the dynamic trace that are not found in the disassembled data. They are only concerned with locating the hidden code which could not be disassembled, whereas we are concerned with classifying instances of malware, whether they have hidden code or not. We also make use of more data sources, such as system calls and control flow graphs."
    }, {
      "heading" : "3. DATA SOURCES",
      "text" : "In this work, we take advantage of six different types of data with the aim of covering the most popular data sources that have been used for malware classification in the literature. These data sources also try to capture many of the different views of a program in the hopes that, while a malicious executable can disguise itself in some views, disguising itself in every view while maintaining malicious intent will prove to be substantially more difficult. We use three static data sources: the binary file, the disassembled binary, and the control flow graph of the disassembled binary. We use two dynamic data sources: the dynamic instruction trace and the dynamic system call trace. Finally, we use a file information data source which contains seven statistics that provide a summary of the previous data sources.\nBinary. We use the raw byte information contained in the binary executable to construct our first data source. There is a long history of using this type of data to classify malware [21, 46]. Generally, the bytes are used in an n-gram framework to construct a feature vector that is then given to some machine learning classification algorithm (i.e. boosted decision trees [21]). In contrast to these methods, we use the 2-grams to condition a Markov chain and then perform classification in graph space as explained in Section 4. In the Markov chain, the byte values (0-255) correspond to different vertices in the graph, and the transition probabilities are estimated by the frequencies of the 2-grams.\nDisassembled. The opcodes of the disassembled program have also been used to generate malware detection schemes [10, 40]. To generate the disassembled code, we use IDA Pro [33]. Once we have the disassembled code, we build a Markov chain similar to the way we built the Markov chain for the binary files. Instead of the byte values being the vertices in the graph, we use the disassembled instructions for the vertices in the graph. Unfortunately, the number of unique instructions found in the disassembled files (∼1200) gave us very large Markov chains that overfitted the data resulting in poor initial performance. This is in part due to the curse of dimensionality: the feature space becomes too large and we do not have enough data to sufficiently condition the model. Furthermore, some instructions perform identical or very similar tasks, resulting in many transitions that are identical yet treated as distinct. To combat this, we used several categorizations, each with increasing complexity. The coarsest categorization contained eight categories (math, logic, privileged, branch, memory, stack, nop, and\nother). The other categorizations had 34, 68, 77, 86, 154, and 172 categories. We found the categorization with 86 categories to perform the best. This categorization had separate categories for most of the initial 8086/8088 instructions as well as categories for some extended instruction sets such as SSE and MMX. Further research into an optimal categorization that better represents program behavior is currently being considered and is discussed in Section 6.\nControl Flow Graph. The use of control flow graphs has become a very popular means to perform malware classification [13, 22]. A control flow graph is a graph representation that models all of the paths of execution that a program might take during its lifetime (Figure 1). In the graph, the vertices are the basic blocks, sequential code without branches or jump targets, of the program, and the edges represent the jumps in control flow of the program. One of the advantages of this representation is that it has been shown to be very difficult for a polymorphic virus to create a semantically similar version of itself while modifying its control flow graph enough to avoid detection [22]. To compute the similarity between different control flow graphs, we use a simplified kernel based on previous work in the literature [22], which works by counting similarly shaped subgraphs of a certain size. This kernel is explained in detail in Section 4.\nDynamic Instruction Traces. Although static analysis techniques for malware classification have been proven to perform quite well, it has been shown that these methods can be evaded by using advanced obfuscation transformations [29]. Because of these limits to static analysis, we chose to include two dynamic data sources, the instruction traces and the system call traces collected over a five minute run using the Xen virtual machine [7] and the Intel Pin program [25]. Dynamic instructions traces are known to produce highly accurate malware classification results [4, 14]. Over the 1556 traces, we recorded 237 unique instructions. We built the Markov chains in the same fashion as the disassembled code, using the seven categorizations mentioned previously and\nusing all 237 unique instructions. We found that mapping each of the 237 unique instructions to 237 unique vertices provided the best results.\nDynamic System Call Traces. System call traces have been another popular dynamic data source [9, 18, 38]. Over the 1556 traces, we recorded 2460 unique system calls. We used the Markov chain graph representation, and like the disassembled instruction set, we found that treating each unique system call as a vertex in the Markov chain led to poor initial performance. We grouped the system calls into 94 categories where each category represents semantically similar groups of system calls, such as painting to the screen, writing to files, or cryptographic functions.\nMiscellaneous File Information. For this data source, we collected seven pieces of information about the various data sources described previously. This data is summarized in Table 1. We look at the entropy and the size of the binary file. Similar to previous work on entropy [27, 39], we found the average entropy of the benign files in our dataset to be 6.34 and the average entropy of the malicious files in our dataset to be 7.52. We also have a binary feature to look at whether the binary executable has a recognizable packer such as UPX [49] or Armadillo [48]. To find whether a file was packed or not, we used the PEID signature method [3]. For the disassembled binary feature, we took the number of instructions found in the disassembled file. We also use the number of edges and the number of vertices in the control flow graph. Finally, we took the sum of the number of dynamic instructions and dynamic system calls as the last feature."
    }, {
      "heading" : "4. METHOD",
      "text" : "In this section, we first describe how we transform the six data sources of Section 3 into more convenient representations. We then show how it is possible to define kernels, or similarity measures, that are able to accurately compare these data sources in their new representations. Finally, we describe a method of multiple kernel learning that finds a linear combination of these kernels which can then be used in a support vector machine setting.\nData Representations. The six canonical data sources described in Section 3 can be grouped into three sets. The miscellaneous file information that we collect can be represented as a simple feature vector of length seven where each\nof the seven statistics corresponds to a feature. The control flow graphs are represented in the same way as the standard in the literature [13, 22]. For the third set, the raw binary, disassembled binary, dynamic instruction trace, and dynamic system call trace, we use a Markov chain representation. Given some data source, such as the dynamic instruction trace P, we are interested in finding a new representation, P ′, such that we can make unified comparisons in graph space while still capturing the sequential nature of the data. We achieved this by transforming the data into a Markov chain, which is represented as a weighted, directed graph. A graph, G = 〈V,E〉, is composed of two sets, V and E. The elements of V are vertices and the elements of E are edges. In our representation, the edge weight, eij , between vertices i and j corresponds to the transition probability from state i to state j in a Markov chain, hence, we require the edge weights for edges originating at vi to sum to 1, ∑\ni;j eij = 1.\nWe use an n × n (n = |V |) adjacency matrix to represent the graph, where each entry in the matrix, aij = eij . As an illustrative example, we will now consider the dynamic instruction trace. We found 237 unique instructions across all of the traces we collected. These instructions are the vertices of the Markov chains. The 237 instructions are irrespective of the operands used with those instructions. By ignoring operands, we remove sensitivity to register allocation and other compiler artifacts. It is important to note that rarely did the instruction trace of a single program make use of all 237 unique instructions, and therefore, the adjacency matrix of that Markov chain graph will contain some rows of zeros. The decision to incorporate unused instructions in the model allowed us to maintain a consistent vertex set between all instruction trace graphs, granting us the ability to make uniform comparisons in graph space. To find the transition probabilities of the Markov chain, we first scan the dynamic instruction trace, keeping counts for each pair of successive instructions. After filling in the adjacency matrix with these values, we normalize the matrix such that all of the non-zero rows sum to one. This process of estimating the transition probabilities ensures us a well-formed Markov chain. Figure 2 shows a snippet of dynamic instruction trace data with a resulting fragment of the hypothetical Markov chain graph.\nKernels. A kernel, K(x,x′), is a generalized inner product and can be thought of as a measure of similarity between two objects [37]. The power of kernels lies in their ability to\ncompute the inner product between two objects in a possibly much higher dimensional feature space, without explicitly constructing this feature space. Let X be any dataset, then a kernel, K : X ×X → R, is defined as:\nK(x,x′) = 〈φ(x), φ(x′)〉 (1)\nwhere x,x′ ∈ X, 〈·, ·〉 is the dot product, and φ(·) is the projection of the input object into feature space. A welldefined kernel must satisfy two properties:\n1. A kernel must be symmetric: for all x and y ∈ X, K(x,y) = K(y,x).\n2. A kernel must be positive-semidefinite: for any x1, . . . xn ∈ X and c ∈ R n, ∑n\ni=1 ∑n j=1 cicjK(xi, xj) ≥ 0.\nKernels are appealing in a classification setting due to the kernel trick, which replaces inner products with kernel evaluations [37]. The kernel trick uses the kernel function to perform a non-linear projection of the data into a higher dimensional space, where linear classification in this higher dimensional space is equivalent to non-linear classification in the original input space.\nFor the Markov chain representations and the file information feature vector, we used a standard squared exponential kernel:\nKSE(x,x ′) = σ2e − 1 2λ2 ∑ i (xi−x′i)2 (2)\nwhere xi represents one of the seven features for the file information data source, or a transition probability for the Markov chain representations. σ and λ are the hyperparameters of the kernel function (estimated through crossvalidation), and ∑\ni,j sums the squared distance between\nthe corresponding features. For the control flow graph data source, we attempted to find a kernel that closely matched the work done in the literature [22]. Although the approach we chose did not take the instruction information of the basic blocks into account, we settled on a graphlet kernel due to its computational efficiency [41]. A k-graphlet is defined as a subgraph, of a graph G, with the number of nodes of the subgraph equal to k. If we let fG be a feature vector, where each feature is the number of times a unique graphlet of size k occurs in G, the normalized probability vector is:\nDG = fG\n# of all graphlets of size k in G (3)\nand we have the following graphlet kernel:\nKg(G,G ′) = DTGDG′ (4)\nWe experimented with graphlets of size k ∈ {3, 4, 5} and found k = 4 to be optimal with respect to both classification accuracy and AUC. Figure 3 shows the heatmaps for the six individual kernels and Figure 4 shows the heatmap of the combined kernel with the weights of the individual kernels being found using multiple kernel learning (see Equation 10). The block structure observed in these figures is very interesting as it shows that the kernels and data sources we selected are able to discriminate between malware and benign samples. This is very apparent in Figure 4 where we see that the top left block (the similarity between the malware samples) has very high values compared with the rest of the image. These figures, especially Figure 3 (b), (c), and (e), offer support in using the methodology presented in this paper in a malware phylogenetic setting. The structured blocks along the diagonal lend support to these samples coming from similar families. Ideas to extend the current work for use in malware phylogenetics is examined in Section 6. If we have some set of M valid kernels, K1, K2, . . ., KM , we are assured that\nKcomb = M∑\n1≤i≤M\nKi (5)\nis also a valid kernel [11]. This algebra on kernels allows us to elegantly combine kernels that measure very different aspects of the input data, or even different views of the data, and is the object of study in multiple kernel learning [6, 43].\nMultiple Kernel Learning. The goal of classical kernelbased learning with support vector machines is to learn the weight vector, α, describing each data instance’s contribution to the hyperplane that separates the points of the two classes with a maximal margin [12] and can be found with\nthe following optimization problem:\nmin α\n(\n1\n2\nn∑\ni=1\nn∑\nj=1\nαiαjyiyjK(xi,xj)−\nn∑\ni=1\nαi\n)\n︸ ︷︷ ︸\nSk(α)\n(6)\nsubject to the constraints:\nn∑\ni=1\nαiyi = 0 (7)\n0 ≤ αi ≤ C\nwhere yi is the class label of instance xi. Equation 7 constrains the α’s to be non-negative and less than some constant C. C allows for soft-margins, meaning that some of the examples may fall between the margins. This helps to prevent over-fitting the training data and allows for better generalization accuracy. Given α found in Equation 6, we have the following decision function:\nf(x) = sgn\n( n∑\ni\nαiyiK(xi,x)\n)\n(8)\nwhich returns class +1 if the summation is ≥ 0, and class -1 if the summation is < 0. With multiple kernel learning, we are interested in finding β, in addition to the standard α of support vector machines, such that\nKcomb(xi,xj) = M∑\nk=1\nβkKk(xi,xj) (9)\nis a convex combination of M kernels with βk ≥ 0, where each kernel, Kk, uses a distinct set of features [43]. In our case, each distinct set of features is a different view of the data given by our different data sources (Section 3). The general outline of the algorithm is to first combine the kernels with βk = 1/M , find α, and then iteratively keep optimizing for β and α until convergence. To solve for β, assuming we have a fixed set of support vectors (α), the following semi-infinite linear program has been proposed [43]:\nmax θ (10)\nw.r.t. θ ∈ R, β ∈ RK\nsubject to the constraints:\n0 ≤ β (11)\n∑\nk\nβk = 1\nM∑\nk=1\nβkSk(α) ≥ θ\nfor all α ∈ RN with 0 ≤ α ≤ 1C and ∑\ni yiαi = 0, and where\nSk(α) is defined in Equation 6. M is the number of kernels to be combined. This is a semi-infinite linear program as all of the constraints in Equation 11 are linear, and there are infinitely many of these constraints, one for each α ∈ RN satisfying 0 ≤ α ≤ 1C and ∑\ni yiαi = 0 [17].\nTo find solutions for both α and β, an iterative algorithm was proposed that first uses a standard support vector machine algorithm to find α (Equation 6), and then fixes α and solves Equation 10 to find β. While this algorithm is known to converge, there are no known convergence rates [17]. Therefore, the following stopping criterion was proposed [43]:\nǫt+1 ≥ ǫt := ∣ ∣ ∣ ∣ ∣ 1− ∑M k=1 β t kSk(α t) θt ∣ ∣ ∣ ∣ ∣\n(12)\nThis method of multiple kernel learning has been found to be very efficient. Solving for α and β with as many as one million examples and twenty kernels has been shown to take just over an hour [43]. It is important to note that this optimization problem only needs to be solved once, as the support vectors (α) and kernel weights (β) found can be used to classify all of the newly collected data."
    }, {
      "heading" : "5. RESULTS",
      "text" : "In this section, we present our results on a dataset composed of 1,556 samples, 780 malicious programs and 776 benign programs. This dataset was provided by Offensive Computing [1]. In order to get a relevant sample set, the Offensive Computing samples were obtained from a fresh malware feed. This feed takes place between security vendors who harvest malware from a variety of sources such as web spidering and customer uploads. These are distributed in a batched format to researchers on a daily basis. We also present results which demonstrates the generalization accuracy of our methods on a separate dataset composed of 20,936 malicious samples. All of this data was gathered over a six month period, from August 2011 to January 2012.\nThe metrics we use to quantify our results are classification accuracy, receiver operating characteristic (ROC) curves, area under the ROC curve (AUC), and the average time it takes to classify a new instance. We look at three combination strategies: static sources, dynamic sources, and a combination with all six of our data sources. We compare our combined kernel method against methods based on a single data source. We conclude this section with some interesting observations we found with regard to the performance of the static sources versus the dynamic sources.\nMachine/Tools. To perform all of our experiments, we used a machine with quad Xeon X5570s running at 2.93GHz and having 24GB of memory. To perform the multiple kernel learning, we used the modular Python interface of the Shogun Machine Learning Toolbox [44].\nAccuracy. Table 2 presents our results for the individual kernels as well as the combined kernels using 10-fold cross validation. The three best performing anti-virus programs (out of 11 considered) are also shown. For the anti-virus program results, it is important to emphasize that our malicious dataset was not composed of zero-day malware, but rather malware that is 9 months to a year old. Despite\nthis, the worst performing data source based on the file information feature vector still had ∼6% better classification accuracy than the best anti-virus program. All but one of the false positives found by the anti-virus programs were actually confirmed to be true positives as discussed later in this section. The best performing method was the combined kernel that used all six data sources and achieved an accuracy of 98.07%. Although using purely static sources performed very well (96.14%), adding dynamic information significantly improved overall performance. All of the single data sources were between 84% to 89% with the single data source winner being the disassembled binary at 89.97%. The disassembled binary most likely has an advantage over the raw binary because it was unpacked before it was disassembled.\nROC Curves / AUC Values. To analyze the different data sources with regard to different false positive thresholds, we looked at the ROC curves and various ROC points representing different false positive rates. Figure 5 plots all the ROC curves together (including the combined kernels) along with a zoomed version of the curve. Figure 5 (b) is particularly informative as we can see that the combined kernel, which includes all six data sources, performs better than any single data source or the two other combined\nkernels for all false positive rates. If there are certain time and/or other resource constraints, Figure 5 (b) also shows that we are able to achieve reasonably high results by just using the kernel based on the three static sources.\nTable 3 displays the full AUC value, as well as the AUC values for five different false positive rates: 0.01, 0.05, 0.1, 0.25, and 0.5. We see that by integrating all six data sources, we can achieve an AUC value of .9467 with a .01 false positive rate, significantly higher than any other kernel based on a single data source, which adds more support to the power of our approach and multiple kernel learning in general. The file information data source is the worst performing data source with regard to this metric, and as we explain at the end of this section, we expect this is due to misclassifying a large percentage of files that are packed and/or have abnormal entropy values.\nLearned Kernel Weights. The kernel weights learned from 10 are an interesting way to look at how informative different data sources are with regard to the classification accuracy. The weights we found for our data views are shown in Table 5. It is interesting to note that the weights are not representative of how well the single data source does at classification. For example, the dynamic instruction view has the highest kernel weight among the weights for all six\nviews, but in our experiments, the binary, disassembled and CFG all individually have higher accuracy than the dynamic instruction view.\nSpeed. Due to the fact that computing the kernel for each dataset, finding the kernel weights for the combined kernels, and finding the support vectors for the support vector machine are all essentially O(1) operations (all of these calculations only need to be done once, offline), we will focus our analysis of the timing results on the average amount of time it takes to classify a new instance. As a note of interest, the time to find the kernel weights and support vectors for the kernel composed of all six data sources, averaged over 10 runs, was only 0.86 seconds!\nGiven a new instance to classify, there are two or three steps, depending on whether we are using a dynamic data source, that must be performed:\n1. Run the instance in a virtual machine keeping a log of the instructions and system calls the program performs.\n2. Transform the data source into one of our data representations.\n3. Classify the transformed data instance according to Equation 8.\nIn our timing results, we allow five minutes to collect the dynamic trace data. Transforming the data to our representation could mean several different things for each of the different data sources. For instance, we might have to disassemble the data, find the 2-grams in the disassembled data, and finally build the Markov chain; we might have to build the control flow graph and find the number of graphlets with a specific structure; we might have to collect the statistics of Table 1 in the case of the file information data source; etc. For the classification step, it is important to note that support vector machines are known to find sparse α vectors [12], easing the computational burden of Equation 8.\nThe timing results, which are broken down into the three stages, are presented in Table 4 and are pictorially featured in Figure 6. These results were averaged over the entire dataset. As the reader can see, classifying an instance takes very little time, and the only real bottleneck is the time to collect the dynamic trace. The combined kernel composed of the three static sources is especially impressive as we have shown it to have great performance and it only takes 2.03 seconds on average to transform the data and make a classification decision. Using the combined kernel based on the static data sources, assuming 2.03 seconds per data instance, it is possible to classify up to 42,561 new samples each day! Again, the methods presented in this paper are highly parallelizable, and these methods will scale very easily with more computational resources.\nTesting on a Large Malware Sample. As explained earlier in this section, obtaining a large benign dataset is difficult. On the other hand, we had an additional 20,936 malware samples at our disposal. We are treating this data as a validation set to test the generalization accuracy of our methods. We first train on all of the 1,556 samples (780 malicious and 776 benign), find the β’s and α’s, and finally classify the 20,936 malicious samples as either benign or malicious according to Equation 8.\nThe results for this experiment are shown in Table 6. The classification accuracies are similar to those of the dataset with 780 malicious and 776 benign samples with the exception that the signature-based anti-virus programs do worse. This is due to the fact that in the original dataset, these methods would always get close to 100% accuracy on the benign samples giving a positive skew to their results. As with the previous results, we can see that by combining data sources in our multiple kernel learning framework we were able to achieve a large increase in classification accuracy. The results presented in Table 6 suggest that our methods would generalize very well to larger datasets given that they performed well on this validation set.\nObservations. A well-known problem in any supervised machine learning setting is the integrity of the training dataset. In training our classifier, we assumed that the labeled benign samples in our dataset were actually benign. This was reasonable as the executables were taken from clean installations of commercial software. To test this hypothesis, we ran our classifier based on the combined kernel, with all six data sources, using 10-fold cross validation 50 times and counted how many times a data instance was classified incorrectly. We found 19 data instances that were consistently misclassified, 8 which were labeled as malicious and 11 which were labeled as benign. 5 of the 11 benign samples were found to actually be malicious using VirusTotal [2]. It is interesting that our method was able to reduce the original 1,556 instance dataset to a manageable size of 19 suspicious samples, making closer manual inspection of these files much more manageable. Note that we did not correct the dataset for this paper, and these 5 files are still considered false positives in the previous results. Traditional static analysis techniques have been shown to be insufficient given the rise of newer malware obfuscation techniques [29]. Due to these limitations, we chose to include dynamic data sources to improve malware classification despite the time constraints these data collection methods impose. To further analyze some of the pitfalls of our static data sources, we again ran the combined kernel with all six data sources, a kernel with all of the static data sources, a kernel with all of the dynamic data sources, and the six separate kernels, one for each of the six different data sources 50 times, keeping track of the files that were consistently misclassified with respect to each kernel. Table 7 shows the percentage of files consistently misclassified which were packed. The kernel based on the binary data had significant problems classifying packed benign in-\nstances, as one would expect, with 43.75% of the false positives being packed (only 19.59% of all benign instances in the training data were packed). On the other hand, using dynamic data sources, the percentage of false positives that were packed is the same as the packed percentage of the training data, which would offer support for the kernels based on these data sources not being deceived by the packer. Although the dynamic traces of packed files will also have an unpacking“footprint”, it has been shown that 5 minutes for a dynamic trace is enough time for a significant number of the instructions to represent the true behavior of the program [34]. A notable exception of static sources stumbling on programs that were packed is the disassembled data source (and the control flow graph which is based on the disassembled data source), but to get these data sources, we first had to unpack the binary.\nTable 8 shows the average entropy of files which were consistently misclassified. The link between entropy and files being packed is well-known [27], therefore we see similar results to Table 7. Again, the two dynamic sources’ classification accuracies seem to be independent of the entropy as the average entropy of the files they misclassify corresponds to the average entropy of the entire dataset. Also, much like the previous results, the binary data source had problems with classifying instances whose entropies differ significantly from the norm. As we would expect, the file information data source had the most problems with entropy (remember that entropy is one of the seven features for this source), with average entropy of misclassified benign and malicious files being 7.77 (average in dataset: 6.34) and 5.98 (average in dataset: 7.52), respectively.\nHaving a dynamic tracing tool that is able to evade detection from the program being traced is essential to get an accurate picture of how the program actually behaves in the wild. Unfortunately, there are malware that are able to detect if they are being run in a sandboxed environment and being traced [9]. We choose the Intel Pin program [25] because it allowed us to collect both instructions and system calls simultaneously, but it does not make an effort to be a transparent tracing tool like the Ether framework [15]. The dynamic instruction data source’s classification accuracy in this paper is lower than that reported in the literature [14] and we suspect that this is in part due to Intel Pin not being transparent and the malware altering its behavior. To test this hypothesis, we looked at 8 malicious data instances that were consistently misclassified (over 50 runs) by the kernel based on the dynamic instruction data source. We first collected the dynamic traces with both Intel Pin and Ether and then computed the kernel values between the resulting Markov chains of these traces. These results are displayed in Table 9. Note that a kernel value of zero represents completely orthogonal behavior between the two traces (no instruction transitions in common) and a kernel value of one represents exactly the same program behavior between the two traces, which would be highly unlikely even if we used the same tracing tool for both samples (a kernel value of 0 is also highly unlikely for obvious reasons). Although this is a coarse measure as to whether the program alters its behavior, it does give us useful information as to why these instances could have been classified incorrectly. The lower values of sample4, sample5, sample6, and sample7 are particularly interesting and do suggest that their dynamic instruction traces are substantially different under the different tracing tools."
    }, {
      "heading" : "6. LIMITATIONS AND FUTUREWORK",
      "text" : "There has been a rising interest in learning how to cluster malware so that researchers can gain insight into the phylogenetic structure of current viruses [8, 19, 23, 35]. Because the majority of new viruses are derived from, or are composites of, established viruses, this information would allow for more immediate responses and allow researchers to understand the new virus much more quickly. Given our kernel matrix, we can easily use spectral clustering [26] to partition our dataset into groups with similar structure with regard to the data sources we have chosen. We would first construct\nthe weighted graph Laplacian, a |V | × |V | matrix:\nL =\n \n\n1− evv dv if u = v, and dv 6= 0, − euv√ dudv if u and v are adjacent, 0 otherwise.\n(13)\nwhere evv is the edge weight, in our case the entry in the kernel matrix, and dv is the degree of the vertex, which would be the sum of the corresponding row in the kernel matrix. Then we would perform an eigen-decomposition on the Laplacian and take the l-smallest eigenvectors. Finally, we would use standard k-means clustering with the l-smallest eigenvectors as the features [16].\nWith our method, we are not restricted to only using different data sources, but we also have the flexibility to incorporate different data representations for each data source assuming a suitable kernel can be defined. For instance, it is common in the literature to use n-gram analysis [14, 45] on the dynamic trace or static data. But these approaches have the drawback of choosing the appropriate n. In our approach, we could use several values for n and then let the multiple kernel learning optimization weight the choices which it finds to be the most informative. This would be an interesting avenue for future research as we can view the same dataset in a variety of ways which would allow us to extract even more information for classification.\nIn this paper, we made the decision to use a standard squared exponential kernel (Equation 2) for the majority of the data sources. With our framework, we have the ability to incorporate more advanced kernels that have the ability to measure different aspects of similarity of the different data sources. These kernels can be based on random walks over the Markov chains, the eigen-structure of the graph Laplacians, the number of shortest paths in the graphs, etc. [20]. And like using different n-gram values, the multiple kernel learning optimization problem would find the kernel weights it deems most appropriate.\nAlthough we have shown that acceptable performance can be achieved if certain time constraints are imposed by using solely static data sources, the full multiple kernel learning infrastructure, which includes the time it takes to collect the dynamic trace data, would be too resource intensive to be deployed on a normal user’s system. There has been a rising interest in performing virus classification in the cloud [30, 31, 50] due to the constraints of users’ resources. Our work would be perfect for a cloud-based solution as we could dedicate machines to collect the dynamic trace data and wouldn’t have to burden the user’s system with these expensive tracing tools.\nAs we explained in Section 3, we choose to use instruction/system call categorizations to reduce the size of the vertex set of the resulting Markov chains to avoid the curse of dimensionality with these models. Choosing an optimal instruction categorization is a non-trivial task. For example, using the coarse categorization with 8 categories on the disassembled data gave us ∼10% less classification accuracy than the categorization with 86 categories. There is also the possibility that different categorizations could prove to be better suited for different tasks. Clustering could be easier with a categorization that uses categories based on different instructions that are more likely to be used by different compilers. Or similarly, categories based on different instruction sets, such as SSE, MMX, AVX, and FMA, could be useful.\nA unified data gathering infrastructure that would supply us with both our static and dynamic data sources would be an invaluable tool for our analysis. BitBlaze [42] aims to pro-\nvide this need, incorporating static analysis techniques such as disassembled code generation, control flow graph generation, and other data flow analyses using the static analysis component of BitBlaze, Vine. The dynamic analysis component of BitBlaze, TEMU, allows for dynamic instruction traces and memory taint analysis, among other things. BitBlaze has been shown to provide reliable data that has been used to produce very accurate malware classification results [51]. It would be interesting to take advantage of all of the data sources provided by BitBlaze in our multiple kernel learning framework."
    }, {
      "heading" : "7. CONCLUSIONS",
      "text" : "In this paper we have shown that significant benefits, with respect to both classification accuracy and number of false positives, can be gained when malware researchers use all of the information about executables that are available to perform classification, and not just restricting malware classification to a single data source. We were able to achieve an accuracy of 98.07% on a dataset of 780 malware and 776 benign instances. We showed that while we had 16 false positives in this dataset, several of these were confirmed to be true positives. Our ROC curve analysis showed significant increases in performance when the data sources were combined, and also that acceptable performance can be achieved with just static sources in a resource constrained environment. We demonstrated several interesting observations about our results, illustrating some of the pitfalls of both static analysis and dynamic analysis techniques. Namely that static data sources have problems classifying instances which were packed and/or had abnormal entropy values. We also showed the importance of having a dynamic tracing tool that is capable of evading detection from the malware so that we can get a truly representative sample of how the malware actually behaves in the wild.\n8. REFERENCES [1] Offensive Computing.\nhttp://www.offensivecomputing.net/, Accessed June 2011.\n[2] Virus Total. http://www.virustotal.com/, Accessed October 2011.\n[3] Portable Executable iDentifier. http://peid.info/, Accessed 6 October 2011.\n[4] Blake Anderson, Daniel Quist, Joshua Neil, Curtis Storlie, and Terran Lane. Graph-Based Malware Detection using Dynamic Analysis. Journal in Computer Virology, 7:247–258, 2011.\n[5] Anubis. http://anubis.iseclab.org/, 2009.\n[6] Francis R. Bach, Gert R. G. Lanckriet, and Michael I. Jordan. Multiple Kernel Learning, Conic Duality, and the SMO Algorithm. In Proceedings of the Twenty-First International Conference on Machine Learning. ACM, 2004.\n[7] Paul Barham, Boris Dragovic, Keir Fraser, Steven Hand, Tim Harris, Alex Ho, Rolf Neugebauer, Ian Pratt, and Andrew Warfield. Xen and the Art of Virtualization. In Proceedings of the Nineteenth ACM Symposium on Operating Systems Principles, pages 164–177. ACM, 2003.\n[8] Ulrich Bayer, Paolo Milani Comparetti, Clemens Hlauschek, Christopher Kruegel, and Engin Kirda. Scalable, Behavior-Based Malware Clustering. In\nISOC Network and Distributed System Security Symposium. 2009.\n[9] Ulrich Bayer, Andreas Moser, Christopher Kruegel, and Engin Kirda. Dynamic Analysis of Malicious Code. Journal in Computer Virology, 2:67–77, 2006.\n[10] Daniel Bilar. Opcodes as Predictor for Malware. International Journal of Electronic Security and Digital Forensics, 1:156–168, January 2007.\n[11] Christopher M. Bishop. Pattern Recognition and Machine Learning (Information Science and Statistics). Springer-Verlag New York, Inc., Secaucus, NJ, USA, 2006.\n[12] Christopher J. C. Burges. A Tutorial on Support Vector Machines for Pattern Recognition. Data Mining and Knowledge Discovery, 2:121–167, 1998.\n[13] Mihai Christodorescu and Somesh Jha. Static Analysis of Executables to Detect Malicious Patterns. In Proceedings of the 12th USENIX Security Symposium, pages 169–186, 2003.\n[14] Jianyong Dai, Ratan Guha, and Joohan Lee. Efficient Virus Detection Using Dynamic Instruction Sequences. Journal of Computers, 4(5), 2009.\n[15] Artem Dinaburg, Paul Royal, Monirul Sharif, and Wenke Lee. Ether: Malware Analysis Via Hardware Virtualization Extensions. In Proceedings of the 15th ACM Conference on Computer and Communications Security, pages 51–62, 2008.\n[16] J. A. Hartigan and M. A. Wong. Algorithm AS 136: A K-Means Clustering Algorithm. Journal of the Royal Statistical Society. Series C (Applied Statistics), 28(1):100–108, 1979.\n[17] R. Hettich and K. O. Kortanek. Semi-Infinite Programming: Theory, Methods, and Applications. SIAM Review, 35:380–429, September 1993.\n[18] Steven A. Hofmeyr, Stephanie Forrest, and Anil Somayaji. Intrusion Detection Using Sequences of System Calls. Journal of Computer Security, 6(3):151–180, January 1998.\n[19] Md. Karim, Andrew Walenstein, Arun Lakhotia, and Laxmi Parida. Malware Phylogeny Generation Using Permutations of Code. Journal in Computer Virology, 1:13–23, 2005.\n[20] H. Kashima, K. Tsuda, and A. Inokuchi. Kernels for Graphs. MIT Press, 2004.\n[21] J. Zico Kolter and Marcus A. Maloof. Learning to Detect and Classify Malicious Executables in the Wild. The Journal of Machine Learning Research, 7:2721–2744, December 2006.\n[22] Christopher Kruegel, Engin Kirda, Darren Mutz, William Robertson, and Giovanni Vigna. Polymorphic Worm Detection Using Structural Information of Executables. In Recent Advances in Intrusion Detection, pages 207–226. Springer Berlin / Heidelberg, 2006.\n[23] G. Jacob L. Nataraj, S. Karthikeyan and B. Manjunath. Malware Images: Visualization and Automatic ClassïıňA֒cation. In Proceedings of VizSec, 2011.\n[24] Corrado Leita, Ulrich Bayer, and Engin Kirda. Exploiting Diverse Observation Perspectives to get Insights on the Malware Landscape. In 2010 IEEE/IFIP International Conference on Dependable Systems and Networks, pages 393–402, 2010.\n[25] Chi-Keung Luk, Robert Cohn, Robert Muth, Harish Patil, Artur Klauser, Geoff Lowney, Steven Wallace, Vijay Janapa Reddi, and Kim Hazelwood. Pin: Building Customized Program Analysis Tools with Dynamic Instrumentation. ACM SIGPLAN Conference on Programming Language Design and Implementation, pages 190–200, June 2005.\n[26] Ulrike Luxburg. A Tutorial on Spectral Clustering. Statistics and Computing, 17(4):395–416, 2007.\n[27] Robert Lyda and James Hamrock. Using Entropy Analysis to Find Encrypted and Packed Malware. IEEE Security & Privacy, 5(2):40–45, 2007.\n[28] Eitan Menahem, Asaf Shabtai, Lior Rokach, and Yuval Elovici. Improving Malware Detection by Applying Multi-Inducer Ensemble. Computational Statistics and Data Analysis, 53(4):1483–1494, 2009.\n[29] Andreas Moser, Christopher Kruegel, and Engin Kirda. Limits of Static Analysis for Malware Detection. Computer Security Applications Conference, Annual, 0:421–430, 2007.\n[30] Jon Oberheide, Evan Cooke, and Farnam Jahanian. CloudAV: N-version Antivirus in the Network Cloud. In Proceedings of the 17th Conference on Security Symposium, pages 91–106, 2008.\n[31] Jon Oberheide, Kaushik Veeraraghavan, Evan Cooke, Jason Flinn, and Farnam Jahanian. Virtualized In-Cloud Security Services for Mobile Devices. In Proceedings of the First Workshop on Virtualization in Mobile Computing, MobiVirt, pages 31–35. ACM, 2008.\n[32] Roberto Perdisci, David Dagon, Prahlad Fogla, and Monirul Sharif. Misleading Worm Signature Generators Using Deliberate Noise Injection. In In Proceedings of the 2006 IEEE Symposium on Security and Privacy, pages 17–31, 2006.\n[33] IDA Pro. http://www.hex-rays.com/products/ida/index.shtml, 2012.\n[34] Daniel Quist, Lorie Liebrock, and Joshua Neil. Improving Antivirus Accuracy with Hypervisor Assisted Analysis. Journal in Computer Virology, pages 1–11, 2010.\n[35] Konrad Rieck, Thorsten Holz, Carsten Willems,\nPatrick DÃijssel, and Pavel Laskov. Learning and Classification of Malware Behavior. In Detection of Intrusions and Malware, and Vulnerability Assessment, volume 5137 of Lecture Notes in Computer Science, pages 108–125. Springer Berlin / Heidelberg, 2008.\n[36] Paul Royal, Mitch Halpin, David Dagon, Robert Edmonds, and Wenke Lee. PolyUnpack: Automating the Hidden-Code Extraction of Unpack-Executing Malware. In 22nd Annual Computer Security Applications Conference (ACSAC), pages 289–300, 2006.\n[37] Bernhard Schölkopf and Alexander Johannes Smola. Learning with Kernels. MIT Press, 2002.\n[38] R. Sekar, M. Bendre, D. Dhurjati, and P. Bollineni. A Fast Automaton-Based Method for Detecting Anomalous Program Behaviors. In IEEE Symposium on Security and Privacy, pages 144–155, 2001.\n[39] M. Shafiq, Syed Khayam, and Muddassar Farooq. Embedded Malware Detection Using Markov n-Grams. In Detection of Intrusions and Malware, and\nVulnerability Assessment, volume 5137 of Lecture Notes in Computer Science, pages 88–107. Springer Berlin / Heidelberg, 2008.\n[40] Madhu Shankarapani, Subbu Ramamoorthy, Ram Movva, and Srinivas Mukkamala. Malware Detection Using Assembly and API Call Sequences. Journal in Computer Virology, 7(2):1–13, 2010.\n[41] Nino Shervashidze, S. V. N. Vishwanathan, Tobias H. Petri, Kurt Mehlhorn, and Karsten M. Borgwardt. Efficient Graphlet Kernels for Large Graph Comparison. In Proceedings of the Twelfth International Conference on Artificial Intelligence and Statistics (AISTATS), volume 5, pages 488–495. CSAIL, 2009.\n[42] Dawn Song, David Brumley, Heng Yin, Juan Caballero, Ivan Jager, Min Kang, Zhenkai Liang, James Newsome, Pongsin Poosankam, and Prateek Saxena. BitBlaze: A New Approach to Computer Security via Binary Analysis. In Information Systems Security, volume 5352 of Lecture Notes in Computer Science, pages 1–25. Springer Berlin / Heidelberg, 2008.\n[43] Sören Sonnenburg, Gunnar Raetsch, and Christin Schaefer. A General and Efficient Multiple Kernel Learning Algorithm. Nineteenth Annual Conference on Neural Information Processing Systems, 2005.\n[44] Sören Sonnenburg, Gunnar Rätsch, Sebastian Henschel, Christian Widmer, Jonas Behr, Alexander Zien, Fabio de Bona, Alexander Binder, Christian Gehl, and Vojtěch Franc. The SHOGUN Machine Learning Toolbox. The Journal of Machine Learning Research, 99:1799–1802, August 2010.\n[45] Salvatore Stolfo, Ke Wang, and Wei-Jen Li. Towards Stealthy Malware Detection. In Malware Detection, volume 27 of Advances in Information Security, pages 231–249. Springer US, 2007.\n[46] Salvatore J. Stolfo, Ke Wang, and Wei-Jen Li. Fileprint Analysis for Malware Detection. In ACM Workshop on Recurring/Rapid Malcode, 2005.\n[47] Symantec. Internet Security Threat Report, Volume 16. White Paper, April 2011.\n[48] The Silicon Realms Toolworks. Armadillo Software Protection System. http://www.siliconrealms.com/, Accessed 6 October 2011.\n[49] UPX: The Ultimate Packer for eXecutables. http://upx.sourceforge.net/, Accessed 6 October 2011.\n[50] Yanfang Ye, Tao Li, Shenghuo Zhu, Weiwei Zhuang, Egmen Tas, Umesh Gupta, and Melih Abdulhayoglu. Combining File Content and File Relations for Cloud Based Malware Detection. In Proceedings of the 17th ACM SIGKDD International Conference on Knowledge Discovery and Data Mining, 2011.\n[51] Heng Yin, Dawn Song, Manuel Egele, Christopher Kruegel, and Engin Kirda. Panorama: Capturing System-Wide Information Flow for Malware Detection and Analysis. In Proceedings of the 14th ACM Conference on Computer and Communications Security, CCS ’07, pages 116–127. ACM, 2007."
    } ],
    "references" : [ {
      "title" : "Graph-Based Malware Detection using Dynamic Analysis",
      "author" : [ "Blake Anderson", "Daniel Quist", "Joshua Neil", "Curtis Storlie", "Terran Lane" ],
      "venue" : "Journal in Computer Virology,",
      "citeRegEx" : "4",
      "shortCiteRegEx" : "4",
      "year" : 2011
    }, {
      "title" : "Multiple Kernel Learning, Conic Duality, and the SMO Algorithm",
      "author" : [ "Francis R. Bach", "Gert R.G. Lanckriet", "Michael I. Jordan" ],
      "venue" : "In Proceedings of the Twenty-First International Conference on Machine Learning",
      "citeRegEx" : "6",
      "shortCiteRegEx" : "6",
      "year" : 2004
    }, {
      "title" : "Xen and the Art of Virtualization",
      "author" : [ "Paul Barham", "Boris Dragovic", "Keir Fraser", "Steven Hand", "Tim Harris", "Alex Ho", "Rolf Neugebauer", "Ian Pratt", "Andrew Warfield" ],
      "venue" : "In Proceedings of the Nineteenth ACM Symposium on Operating Systems Principles,",
      "citeRegEx" : "7",
      "shortCiteRegEx" : "7",
      "year" : 2003
    }, {
      "title" : "Scalable, Behavior-Based Malware Clustering",
      "author" : [ "Ulrich Bayer", "Paolo Milani Comparetti", "Clemens Hlauschek", "Christopher Kruegel", "Engin Kirda" ],
      "venue" : "In ISOC Network and Distributed System Security Symposium",
      "citeRegEx" : "8",
      "shortCiteRegEx" : "8",
      "year" : 2009
    }, {
      "title" : "Dynamic Analysis of Malicious Code",
      "author" : [ "Ulrich Bayer", "Andreas Moser", "Christopher Kruegel", "Engin Kirda" ],
      "venue" : "Journal in Computer Virology,",
      "citeRegEx" : "9",
      "shortCiteRegEx" : "9",
      "year" : 2006
    }, {
      "title" : "Opcodes as Predictor for Malware",
      "author" : [ "Daniel Bilar" ],
      "venue" : "International Journal of Electronic Security and Digital Forensics,",
      "citeRegEx" : "10",
      "shortCiteRegEx" : "10",
      "year" : 2007
    }, {
      "title" : "Pattern Recognition and Machine Learning (Information Science and Statistics)",
      "author" : [ "Christopher M. Bishop" ],
      "venue" : null,
      "citeRegEx" : "11",
      "shortCiteRegEx" : "11",
      "year" : 2006
    }, {
      "title" : "A Tutorial on Support Vector Machines for Pattern Recognition",
      "author" : [ "Christopher J.C. Burges" ],
      "venue" : "Data Mining and Knowledge Discovery,",
      "citeRegEx" : "12",
      "shortCiteRegEx" : "12",
      "year" : 1998
    }, {
      "title" : "Static Analysis of Executables to Detect Malicious Patterns",
      "author" : [ "Mihai Christodorescu", "Somesh Jha" ],
      "venue" : "In Proceedings of the 12th USENIX Security Symposium,",
      "citeRegEx" : "13",
      "shortCiteRegEx" : "13",
      "year" : 2003
    }, {
      "title" : "Efficient Virus Detection Using Dynamic Instruction Sequences",
      "author" : [ "Jianyong Dai", "Ratan Guha", "Joohan Lee" ],
      "venue" : "Journal of Computers,",
      "citeRegEx" : "14",
      "shortCiteRegEx" : "14",
      "year" : 2009
    }, {
      "title" : "Ether: Malware Analysis Via Hardware Virtualization Extensions",
      "author" : [ "Artem Dinaburg", "Paul Royal", "Monirul Sharif", "Wenke Lee" ],
      "venue" : "In Proceedings of the 15th ACM Conference on Computer and Communications Security,",
      "citeRegEx" : "15",
      "shortCiteRegEx" : "15",
      "year" : 2008
    }, {
      "title" : "Algorithm AS 136: A K-Means Clustering Algorithm",
      "author" : [ "J.A. Hartigan", "M.A. Wong" ],
      "venue" : "Journal of the Royal Statistical Society. Series C (Applied Statistics),",
      "citeRegEx" : "16",
      "shortCiteRegEx" : "16",
      "year" : 1979
    }, {
      "title" : "Semi-Infinite Programming: Theory, Methods, and Applications",
      "author" : [ "R. Hettich", "K.O. Kortanek" ],
      "venue" : "SIAM Review,",
      "citeRegEx" : "17",
      "shortCiteRegEx" : "17",
      "year" : 1993
    }, {
      "title" : "Intrusion Detection Using Sequences of System Calls",
      "author" : [ "Steven A. Hofmeyr", "Stephanie Forrest", "Anil Somayaji" ],
      "venue" : "Journal of Computer Security,",
      "citeRegEx" : "18",
      "shortCiteRegEx" : "18",
      "year" : 1998
    }, {
      "title" : "Malware Phylogeny Generation Using Permutations of Code",
      "author" : [ "Md. Karim", "Andrew Walenstein", "Arun Lakhotia", "Laxmi Parida" ],
      "venue" : "Journal in Computer Virology,",
      "citeRegEx" : "19",
      "shortCiteRegEx" : "19",
      "year" : 2005
    }, {
      "title" : "Kernels for Graphs",
      "author" : [ "H. Kashima", "K. Tsuda", "A. Inokuchi" ],
      "venue" : null,
      "citeRegEx" : "20",
      "shortCiteRegEx" : "20",
      "year" : 2004
    }, {
      "title" : "Learning to Detect and Classify Malicious Executables in the Wild",
      "author" : [ "J. Zico Kolter", "Marcus A. Maloof" ],
      "venue" : "The Journal of Machine Learning Research,",
      "citeRegEx" : "21",
      "shortCiteRegEx" : "21",
      "year" : 2006
    }, {
      "title" : "Polymorphic Worm Detection Using Structural Information of Executables",
      "author" : [ "Christopher Kruegel", "Engin Kirda", "Darren Mutz", "William Robertson", "Giovanni Vigna" ],
      "venue" : null,
      "citeRegEx" : "22",
      "shortCiteRegEx" : "22",
      "year" : 2006
    }, {
      "title" : "Malware Images: Visualization and Automatic ClassïıňA֒cation",
      "author" : [ "G. Jacob L. Nataraj", "S. Karthikeyan", "B. Manjunath" ],
      "venue" : "In Proceedings of VizSec,",
      "citeRegEx" : "23",
      "shortCiteRegEx" : "23",
      "year" : 2011
    }, {
      "title" : "Exploiting Diverse Observation Perspectives to get Insights on the Malware Landscape",
      "author" : [ "Corrado Leita", "Ulrich Bayer", "Engin Kirda" ],
      "venue" : "In 2010 IEEE/IFIP International Conference on Dependable Systems and Networks,",
      "citeRegEx" : "24",
      "shortCiteRegEx" : "24",
      "year" : 2010
    }, {
      "title" : "Pin: Building Customized Program Analysis Tools with Dynamic Instrumentation",
      "author" : [ "Chi-Keung Luk", "Robert Cohn", "Robert Muth", "Harish Patil", "Artur Klauser", "Geoff Lowney", "Steven Wallace", "Vijay Janapa Reddi", "Kim Hazelwood" ],
      "venue" : "ACM SIGPLAN Conference on Programming Language Design and Implementation,",
      "citeRegEx" : "25",
      "shortCiteRegEx" : "25",
      "year" : 2005
    }, {
      "title" : "A Tutorial on Spectral Clustering",
      "author" : [ "Ulrike Luxburg" ],
      "venue" : "Statistics and Computing,",
      "citeRegEx" : "26",
      "shortCiteRegEx" : "26",
      "year" : 2007
    }, {
      "title" : "Using Entropy Analysis to Find Encrypted and Packed Malware",
      "author" : [ "Robert Lyda", "James Hamrock" ],
      "venue" : "IEEE Security & Privacy,",
      "citeRegEx" : "27",
      "shortCiteRegEx" : "27",
      "year" : 2007
    }, {
      "title" : "Improving Malware Detection by Applying Multi-Inducer Ensemble",
      "author" : [ "Eitan Menahem", "Asaf Shabtai", "Lior Rokach", "Yuval Elovici" ],
      "venue" : "Computational Statistics and Data Analysis,",
      "citeRegEx" : "28",
      "shortCiteRegEx" : "28",
      "year" : 2009
    }, {
      "title" : "Limits of Static Analysis for Malware Detection",
      "author" : [ "Andreas Moser", "Christopher Kruegel", "Engin Kirda" ],
      "venue" : "Computer Security Applications Conference, Annual,",
      "citeRegEx" : "29",
      "shortCiteRegEx" : "29",
      "year" : 2007
    }, {
      "title" : "CloudAV: N-version Antivirus in the Network Cloud",
      "author" : [ "Jon Oberheide", "Evan Cooke", "Farnam Jahanian" ],
      "venue" : "In Proceedings of the 17th Conference on Security Symposium,",
      "citeRegEx" : "30",
      "shortCiteRegEx" : "30",
      "year" : 2008
    }, {
      "title" : "Virtualized In-Cloud Security Services for Mobile Devices",
      "author" : [ "Jon Oberheide", "Kaushik Veeraraghavan", "Evan Cooke", "Jason Flinn", "Farnam Jahanian" ],
      "venue" : "In Proceedings of the First Workshop on Virtualization in Mobile Computing,",
      "citeRegEx" : "31",
      "shortCiteRegEx" : "31",
      "year" : 2008
    }, {
      "title" : "Misleading Worm Signature Generators Using Deliberate Noise Injection",
      "author" : [ "Roberto Perdisci", "David Dagon", "Prahlad Fogla", "Monirul Sharif" ],
      "venue" : "Proceedings of the 2006 IEEE Symposium on Security and Privacy,",
      "citeRegEx" : "32",
      "shortCiteRegEx" : "32",
      "year" : 2006
    }, {
      "title" : "Improving Antivirus Accuracy with Hypervisor Assisted Analysis",
      "author" : [ "Daniel Quist", "Lorie Liebrock", "Joshua Neil" ],
      "venue" : "Journal in Computer Virology,",
      "citeRegEx" : "34",
      "shortCiteRegEx" : "34",
      "year" : 2010
    }, {
      "title" : "Learning and Classification of Malware Behavior. In Detection of Intrusions and Malware, and Vulnerability Assessment, volume 5137 of Lecture Notes in Computer Science, pages 108–125",
      "author" : [ "Konrad Rieck", "Thorsten Holz", "Carsten Willems", "Patrick DÃijssel", "Pavel Laskov" ],
      "venue" : null,
      "citeRegEx" : "35",
      "shortCiteRegEx" : "35",
      "year" : 2008
    }, {
      "title" : "PolyUnpack: Automating the Hidden-Code Extraction of Unpack-Executing Malware",
      "author" : [ "Paul Royal", "Mitch Halpin", "David Dagon", "Robert Edmonds", "Wenke Lee" ],
      "venue" : "In 22nd Annual Computer Security Applications Conference (ACSAC),",
      "citeRegEx" : "36",
      "shortCiteRegEx" : "36",
      "year" : 2006
    }, {
      "title" : "Learning with Kernels",
      "author" : [ "Bernhard Schölkopf", "Alexander Johannes Smola" ],
      "venue" : null,
      "citeRegEx" : "37",
      "shortCiteRegEx" : "37",
      "year" : 2002
    }, {
      "title" : "A Fast Automaton-Based Method for Detecting Anomalous Program Behaviors",
      "author" : [ "R. Sekar", "M. Bendre", "D. Dhurjati", "P. Bollineni" ],
      "venue" : "In IEEE Symposium on Security and Privacy,",
      "citeRegEx" : "38",
      "shortCiteRegEx" : "38",
      "year" : 2001
    }, {
      "title" : "Embedded Malware Detection Using Markov n-Grams",
      "author" : [ "M. Shafiq", "Syed Khayam", "Muddassar Farooq" ],
      "venue" : null,
      "citeRegEx" : "39",
      "shortCiteRegEx" : "39",
      "year" : 2008
    }, {
      "title" : "Malware Detection Using Assembly and API Call Sequences",
      "author" : [ "Madhu Shankarapani", "Subbu Ramamoorthy", "Ram Movva", "Srinivas Mukkamala" ],
      "venue" : "Journal in Computer Virology,",
      "citeRegEx" : "40",
      "shortCiteRegEx" : "40",
      "year" : 2010
    }, {
      "title" : "Efficient Graphlet Kernels for Large Graph Comparison",
      "author" : [ "Nino Shervashidze", "S.V.N. Vishwanathan", "Tobias H. Petri", "Kurt Mehlhorn", "Karsten M. Borgwardt" ],
      "venue" : "In Proceedings of the Twelfth International Conference on Artificial Intelligence and Statistics (AISTATS),",
      "citeRegEx" : "41",
      "shortCiteRegEx" : "41",
      "year" : 2009
    }, {
      "title" : "BitBlaze: A New Approach to Computer Security via Binary Analysis",
      "author" : [ "Dawn Song", "David Brumley", "Heng Yin", "Juan Caballero", "Ivan Jager", "Min Kang", "Zhenkai Liang", "James Newsome", "Pongsin Poosankam", "Prateek Saxena" ],
      "venue" : "In Information Systems Security,",
      "citeRegEx" : "42",
      "shortCiteRegEx" : "42",
      "year" : 2008
    }, {
      "title" : "A General and Efficient Multiple Kernel Learning Algorithm",
      "author" : [ "Sören Sonnenburg", "Gunnar Raetsch", "Christin Schaefer" ],
      "venue" : "Nineteenth Annual Conference on Neural Information Processing Systems,",
      "citeRegEx" : "43",
      "shortCiteRegEx" : "43",
      "year" : 2005
    }, {
      "title" : "The SHOGUN Machine Learning Toolbox",
      "author" : [ "Sören Sonnenburg", "Gunnar Rätsch", "Sebastian Henschel", "Christian Widmer", "Jonas Behr", "Alexander Zien", "Fabio de Bona", "Alexander Binder", "Christian Gehl", "Vojtěch Franc" ],
      "venue" : "The Journal of Machine Learning Research,",
      "citeRegEx" : "44",
      "shortCiteRegEx" : "44",
      "year" : 2010
    }, {
      "title" : "Towards Stealthy Malware Detection. In Malware Detection, volume 27 of Advances in Information Security, pages 231–249",
      "author" : [ "Salvatore Stolfo", "Ke Wang", "Wei-Jen Li" ],
      "venue" : null,
      "citeRegEx" : "45",
      "shortCiteRegEx" : "45",
      "year" : 2007
    }, {
      "title" : "Fileprint Analysis for Malware Detection",
      "author" : [ "Salvatore J. Stolfo", "Ke Wang", "Wei-Jen Li" ],
      "venue" : "In ACM Workshop on Recurring/Rapid Malcode,",
      "citeRegEx" : "46",
      "shortCiteRegEx" : "46",
      "year" : 2005
    }, {
      "title" : "Combining File Content and File Relations for Cloud Based Malware Detection",
      "author" : [ "Yanfang Ye", "Tao Li", "Shenghuo Zhu", "Weiwei Zhuang", "Egmen Tas", "Umesh Gupta", "Melih Abdulhayoglu" ],
      "venue" : "In Proceedings of the 17th ACM SIGKDD International Conference on Knowledge Discovery and Data Mining,",
      "citeRegEx" : "50",
      "shortCiteRegEx" : "50",
      "year" : 2011
    }, {
      "title" : "Panorama: Capturing System-Wide Information Flow for Malware Detection and Analysis",
      "author" : [ "Heng Yin", "Dawn Song", "Manuel Egele", "Christopher Kruegel", "Engin Kirda" ],
      "venue" : "In Proceedings of the 14th ACM Conference on Computer and Communications Security, CCS",
      "citeRegEx" : "51",
      "shortCiteRegEx" : "51",
      "year" : 2007
    } ],
    "referenceMentions" : [ {
      "referenceID" : 8,
      "context" : "known malware, it will still not be detected by signaturebased anti-virus programs [13, 32].",
      "startOffset" : 83,
      "endOffset" : 91
    }, {
      "referenceID" : 27,
      "context" : "known malware, it will still not be detected by signaturebased anti-virus programs [13, 32].",
      "startOffset" : 83,
      "endOffset" : 91
    }, {
      "referenceID" : 16,
      "context" : "Some of the most popular data sources that have been examined include binary files [21, 46], disassembled files [10, 40], entropy measures on the binary [27], dynamic system call traces [9, 18], dynamic instruction traces [4, 14], and control flow graphs [13, 22].",
      "startOffset" : 83,
      "endOffset" : 91
    }, {
      "referenceID" : 40,
      "context" : "Some of the most popular data sources that have been examined include binary files [21, 46], disassembled files [10, 40], entropy measures on the binary [27], dynamic system call traces [9, 18], dynamic instruction traces [4, 14], and control flow graphs [13, 22].",
      "startOffset" : 83,
      "endOffset" : 91
    }, {
      "referenceID" : 5,
      "context" : "Some of the most popular data sources that have been examined include binary files [21, 46], disassembled files [10, 40], entropy measures on the binary [27], dynamic system call traces [9, 18], dynamic instruction traces [4, 14], and control flow graphs [13, 22].",
      "startOffset" : 112,
      "endOffset" : 120
    }, {
      "referenceID" : 34,
      "context" : "Some of the most popular data sources that have been examined include binary files [21, 46], disassembled files [10, 40], entropy measures on the binary [27], dynamic system call traces [9, 18], dynamic instruction traces [4, 14], and control flow graphs [13, 22].",
      "startOffset" : 112,
      "endOffset" : 120
    }, {
      "referenceID" : 22,
      "context" : "Some of the most popular data sources that have been examined include binary files [21, 46], disassembled files [10, 40], entropy measures on the binary [27], dynamic system call traces [9, 18], dynamic instruction traces [4, 14], and control flow graphs [13, 22].",
      "startOffset" : 153,
      "endOffset" : 157
    }, {
      "referenceID" : 4,
      "context" : "Some of the most popular data sources that have been examined include binary files [21, 46], disassembled files [10, 40], entropy measures on the binary [27], dynamic system call traces [9, 18], dynamic instruction traces [4, 14], and control flow graphs [13, 22].",
      "startOffset" : 186,
      "endOffset" : 193
    }, {
      "referenceID" : 13,
      "context" : "Some of the most popular data sources that have been examined include binary files [21, 46], disassembled files [10, 40], entropy measures on the binary [27], dynamic system call traces [9, 18], dynamic instruction traces [4, 14], and control flow graphs [13, 22].",
      "startOffset" : 186,
      "endOffset" : 193
    }, {
      "referenceID" : 0,
      "context" : "Some of the most popular data sources that have been examined include binary files [21, 46], disassembled files [10, 40], entropy measures on the binary [27], dynamic system call traces [9, 18], dynamic instruction traces [4, 14], and control flow graphs [13, 22].",
      "startOffset" : 222,
      "endOffset" : 229
    }, {
      "referenceID" : 9,
      "context" : "Some of the most popular data sources that have been examined include binary files [21, 46], disassembled files [10, 40], entropy measures on the binary [27], dynamic system call traces [9, 18], dynamic instruction traces [4, 14], and control flow graphs [13, 22].",
      "startOffset" : 222,
      "endOffset" : 229
    }, {
      "referenceID" : 8,
      "context" : "Some of the most popular data sources that have been examined include binary files [21, 46], disassembled files [10, 40], entropy measures on the binary [27], dynamic system call traces [9, 18], dynamic instruction traces [4, 14], and control flow graphs [13, 22].",
      "startOffset" : 255,
      "endOffset" : 263
    }, {
      "referenceID" : 17,
      "context" : "Some of the most popular data sources that have been examined include binary files [21, 46], disassembled files [10, 40], entropy measures on the binary [27], dynamic system call traces [9, 18], dynamic instruction traces [4, 14], and control flow graphs [13, 22].",
      "startOffset" : 255,
      "endOffset" : 263
    }, {
      "referenceID" : 37,
      "context" : "The novel contribution of this paper is to show how to combine different data sources using multiple kernel learning [43] to arrive at a new classification system that integrates all of the available information about a program into a unified framework.",
      "startOffset" : 117,
      "endOffset" : 121
    }, {
      "referenceID" : 1,
      "context" : "We then use multiple kernel learning [6, 43] to find the weights of each kernel, create a linear combination of the kernels, and finally use a support vector machine [12] to perform classification.",
      "startOffset" : 37,
      "endOffset" : 44
    }, {
      "referenceID" : 37,
      "context" : "We then use multiple kernel learning [6, 43] to find the weights of each kernel, create a linear combination of the kernels, and finally use a support vector machine [12] to perform classification.",
      "startOffset" : 37,
      "endOffset" : 44
    }, {
      "referenceID" : 7,
      "context" : "We then use multiple kernel learning [6, 43] to find the weights of each kernel, create a linear combination of the kernels, and finally use a support vector machine [12] to perform classification.",
      "startOffset" : 166,
      "endOffset" : 170
    }, {
      "referenceID" : 35,
      "context" : "dynamic traces, we build kernels based on the Markov chain graphs; for the control flow graph we use a graphlet kernel [41]; and for the file information feature vector we use a standard Gaussian kernel as explained in Section 4.",
      "startOffset" : 119,
      "endOffset" : 123
    }, {
      "referenceID" : 3,
      "context" : "There has been a large volume of work applying machine learning techniques to the malware classification problem [8, 14, 22, 35].",
      "startOffset" : 113,
      "endOffset" : 128
    }, {
      "referenceID" : 9,
      "context" : "There has been a large volume of work applying machine learning techniques to the malware classification problem [8, 14, 22, 35].",
      "startOffset" : 113,
      "endOffset" : 128
    }, {
      "referenceID" : 17,
      "context" : "There has been a large volume of work applying machine learning techniques to the malware classification problem [8, 14, 22, 35].",
      "startOffset" : 113,
      "endOffset" : 128
    }, {
      "referenceID" : 29,
      "context" : "There has been a large volume of work applying machine learning techniques to the malware classification problem [8, 14, 22, 35].",
      "startOffset" : 113,
      "endOffset" : 128
    }, {
      "referenceID" : 37,
      "context" : "Unlike these methods, we incorporate multiple data sources, both static and dynamic, by using multiple kernel learning [43] to perform classification.",
      "startOffset" : 119,
      "endOffset" : 123
    }, {
      "referenceID" : 23,
      "context" : "Combining different features of static files has been examined [28].",
      "startOffset" : 63,
      "endOffset" : 67
    }, {
      "referenceID" : 24,
      "context" : "In our work, we also incorporate learning with dynamic trace data, which has been shown to be very important for classifying classes of malware which are packed or obfuscated in other ways [29].",
      "startOffset" : 189,
      "endOffset" : 193
    }, {
      "referenceID" : 21,
      "context" : "Also, the final combined kernel that we find can be used in a kernel-based clustering algorithm [26] to look at the phylogenetics of the malware as discussed in Section 6.",
      "startOffset" : 96,
      "endOffset" : 100
    }, {
      "referenceID" : 19,
      "context" : "In [24], the authors build different clusterings based on exploits, payloads, malware, and behavioral features captured by the Anubis framework [5].",
      "startOffset" : 3,
      "endOffset" : 7
    }, {
      "referenceID" : 19,
      "context" : "[24] uses 17 static features for the exploit/payload/malware clusters, whereas we compare the Markov chain graphs based on the binary and disassembled information, control flow graphs,",
      "startOffset" : 0,
      "endOffset" : 4
    }, {
      "referenceID" : 19,
      "context" : "It is important to note that the framework presented in this paper is general enough to include the data sources of [24] once an appropriate Kernel is defined.",
      "startOffset" : 116,
      "endOffset" : 120
    }, {
      "referenceID" : 19,
      "context" : "Finally, we combine the information of the data sources using a multiple kernel learning framework and build a single unified classification system, whereas the individual clusterings found in [24] are based solely on their respective data sources.",
      "startOffset" : 193,
      "endOffset" : 197
    }, {
      "referenceID" : 30,
      "context" : "In [36], the authors first disassemble the code, and then run the code looking for sequences of instructions in the dynamic trace that are not found in the disassembled data.",
      "startOffset" : 3,
      "endOffset" : 7
    }, {
      "referenceID" : 16,
      "context" : "There is a long history of using this type of data to classify malware [21, 46].",
      "startOffset" : 71,
      "endOffset" : 79
    }, {
      "referenceID" : 40,
      "context" : "There is a long history of using this type of data to classify malware [21, 46].",
      "startOffset" : 71,
      "endOffset" : 79
    }, {
      "referenceID" : 5,
      "context" : "The opcodes of the disassembled program have also been used to generate malware detection schemes [10, 40].",
      "startOffset" : 98,
      "endOffset" : 106
    }, {
      "referenceID" : 34,
      "context" : "The opcodes of the disassembled program have also been used to generate malware detection schemes [10, 40].",
      "startOffset" : 98,
      "endOffset" : 106
    }, {
      "referenceID" : 8,
      "context" : "The use of control flow graphs has become a very popular means to perform malware classification [13, 22].",
      "startOffset" : 97,
      "endOffset" : 105
    }, {
      "referenceID" : 17,
      "context" : "The use of control flow graphs has become a very popular means to perform malware classification [13, 22].",
      "startOffset" : 97,
      "endOffset" : 105
    }, {
      "referenceID" : 17,
      "context" : "One of the advantages of this representation is that it has been shown to be very difficult for a polymorphic virus to create a semantically similar version of itself while modifying its control flow graph enough to avoid detection [22].",
      "startOffset" : 232,
      "endOffset" : 236
    }, {
      "referenceID" : 17,
      "context" : "a simplified kernel based on previous work in the literature [22], which works by counting similarly shaped subgraphs of a certain size.",
      "startOffset" : 61,
      "endOffset" : 65
    }, {
      "referenceID" : 24,
      "context" : "perform quite well, it has been shown that these methods can be evaded by using advanced obfuscation transformations [29].",
      "startOffset" : 117,
      "endOffset" : 121
    }, {
      "referenceID" : 2,
      "context" : "the system call traces collected over a five minute run using the Xen virtual machine [7] and the Intel Pin program [25].",
      "startOffset" : 86,
      "endOffset" : 89
    }, {
      "referenceID" : 20,
      "context" : "the system call traces collected over a five minute run using the Xen virtual machine [7] and the Intel Pin program [25].",
      "startOffset" : 116,
      "endOffset" : 120
    }, {
      "referenceID" : 0,
      "context" : "accurate malware classification results [4, 14].",
      "startOffset" : 40,
      "endOffset" : 47
    }, {
      "referenceID" : 9,
      "context" : "accurate malware classification results [4, 14].",
      "startOffset" : 40,
      "endOffset" : 47
    }, {
      "referenceID" : 4,
      "context" : "System call traces have been another popular dynamic data source [9, 18, 38].",
      "startOffset" : 65,
      "endOffset" : 76
    }, {
      "referenceID" : 13,
      "context" : "System call traces have been another popular dynamic data source [9, 18, 38].",
      "startOffset" : 65,
      "endOffset" : 76
    }, {
      "referenceID" : 32,
      "context" : "System call traces have been another popular dynamic data source [9, 18, 38].",
      "startOffset" : 65,
      "endOffset" : 76
    }, {
      "referenceID" : 22,
      "context" : "Similar to previous work on entropy [27, 39], we found the average entropy of the benign files in our dataset to be 6.",
      "startOffset" : 36,
      "endOffset" : 44
    }, {
      "referenceID" : 33,
      "context" : "Similar to previous work on entropy [27, 39], we found the average entropy of the benign files in our dataset to be 6.",
      "startOffset" : 36,
      "endOffset" : 44
    }, {
      "referenceID" : 8,
      "context" : "The control flow graphs are represented in the same way as the standard in the literature [13, 22].",
      "startOffset" : 90,
      "endOffset" : 98
    }, {
      "referenceID" : 17,
      "context" : "The control flow graphs are represented in the same way as the standard in the literature [13, 22].",
      "startOffset" : 90,
      "endOffset" : 98
    }, {
      "referenceID" : 31,
      "context" : "Kernels are appealing in a classification setting due to the kernel trick, which replaces inner products with kernel evaluations [37].",
      "startOffset" : 129,
      "endOffset" : 133
    }, {
      "referenceID" : 17,
      "context" : "For the control flow graph data source, we attempted to find a kernel that closely matched the work done in the literature [22].",
      "startOffset" : 123,
      "endOffset" : 127
    }, {
      "referenceID" : 35,
      "context" : "Although the approach we chose did not take the instruction information of the basic blocks into account, we settled on a graphlet kernel due to its computational efficiency [41].",
      "startOffset" : 174,
      "endOffset" : 178
    }, {
      "referenceID" : 1,
      "context" : "This algebra on kernels allows us to elegantly combine kernels that measure very different aspects of the input data, or even different views of the data, and is the object of study in multiple kernel learning [6, 43].",
      "startOffset" : 210,
      "endOffset" : 217
    }, {
      "referenceID" : 37,
      "context" : "This algebra on kernels allows us to elegantly combine kernels that measure very different aspects of the input data, or even different views of the data, and is the object of study in multiple kernel learning [6, 43].",
      "startOffset" : 210,
      "endOffset" : 217
    }, {
      "referenceID" : 7,
      "context" : "classes with a maximal margin [12] and can be found with Figure 4: Heatmap for all six kernels combined with the weights found using multiple kernel learning.",
      "startOffset" : 30,
      "endOffset" : 34
    }, {
      "referenceID" : 37,
      "context" : "is a convex combination of M kernels with βk ≥ 0, where each kernel, Kk, uses a distinct set of features [43].",
      "startOffset" : 105,
      "endOffset" : 109
    }, {
      "referenceID" : 37,
      "context" : "To solve for β, assuming we have a fixed set of support vectors (α), the following semi-infinite linear program has been proposed [43]:",
      "startOffset" : 130,
      "endOffset" : 134
    }, {
      "referenceID" : 12,
      "context" : "This is a semi-infinite linear program as all of the constraints in Equation 11 are linear, and there are infinitely many of these constraints, one for each α ∈ R satisfying 0 ≤ α ≤ 1C and ∑ i yiαi = 0 [17].",
      "startOffset" : 202,
      "endOffset" : 206
    }, {
      "referenceID" : 37,
      "context" : "Therefore, the following stopping criterion was proposed [43]:",
      "startOffset" : 57,
      "endOffset" : 61
    }, {
      "referenceID" : 37,
      "context" : "Solving for α and β with as many as one million examples and twenty kernels has been shown to take just over an hour [43].",
      "startOffset" : 117,
      "endOffset" : 121
    }, {
      "referenceID" : 38,
      "context" : "To perform the multiple kernel learning, we used the modular Python interface of the Shogun Machine Learning Toolbox [44].",
      "startOffset" : 117,
      "endOffset" : 121
    }, {
      "referenceID" : 7,
      "context" : "For the classification step, it is important to note that support vector machines are known to find sparse α vectors [12], easing the computational burden of Equation 8.",
      "startOffset" : 117,
      "endOffset" : 121
    }, {
      "referenceID" : 24,
      "context" : "Traditional static analysis techniques have been shown to be insufficient given the rise of newer malware obfuscation techniques [29].",
      "startOffset" : 129,
      "endOffset" : 133
    }, {
      "referenceID" : 28,
      "context" : "Although the dynamic traces of packed files will also have an unpacking“footprint”, it has been shown that 5 minutes for a dynamic trace is enough time for a significant number of the instructions to represent the true behavior of the program [34].",
      "startOffset" : 243,
      "endOffset" : 247
    }, {
      "referenceID" : 22,
      "context" : "The link between entropy and files being packed is well-known [27], therefore we see similar results to Table 7.",
      "startOffset" : 62,
      "endOffset" : 66
    }, {
      "referenceID" : 4,
      "context" : "Unfortunately, there are malware that are able to detect if they are being run in a sandboxed environment and being traced [9].",
      "startOffset" : 123,
      "endOffset" : 126
    }, {
      "referenceID" : 20,
      "context" : "We choose the Intel Pin program [25] because it allowed us to collect both instructions and system calls simultaneously, but it does not make an effort to be a transparent tracing tool like the Ether framework [15].",
      "startOffset" : 32,
      "endOffset" : 36
    }, {
      "referenceID" : 10,
      "context" : "We choose the Intel Pin program [25] because it allowed us to collect both instructions and system calls simultaneously, but it does not make an effort to be a transparent tracing tool like the Ether framework [15].",
      "startOffset" : 210,
      "endOffset" : 214
    }, {
      "referenceID" : 9,
      "context" : "The dynamic instruction data source’s classification accuracy in this paper is lower than that reported in the literature [14] and we suspect that this is in part due to Intel Pin not being transparent and the malware altering its behavior.",
      "startOffset" : 122,
      "endOffset" : 126
    }, {
      "referenceID" : 3,
      "context" : "There has been a rising interest in learning how to cluster malware so that researchers can gain insight into the phylogenetic structure of current viruses [8, 19, 23, 35].",
      "startOffset" : 156,
      "endOffset" : 171
    }, {
      "referenceID" : 14,
      "context" : "There has been a rising interest in learning how to cluster malware so that researchers can gain insight into the phylogenetic structure of current viruses [8, 19, 23, 35].",
      "startOffset" : 156,
      "endOffset" : 171
    }, {
      "referenceID" : 18,
      "context" : "There has been a rising interest in learning how to cluster malware so that researchers can gain insight into the phylogenetic structure of current viruses [8, 19, 23, 35].",
      "startOffset" : 156,
      "endOffset" : 171
    }, {
      "referenceID" : 29,
      "context" : "There has been a rising interest in learning how to cluster malware so that researchers can gain insight into the phylogenetic structure of current viruses [8, 19, 23, 35].",
      "startOffset" : 156,
      "endOffset" : 171
    }, {
      "referenceID" : 21,
      "context" : "Given our kernel matrix, we can easily use spectral clustering [26] to partition our dataset into groups with similar structure with regard to the data sources we have chosen.",
      "startOffset" : 63,
      "endOffset" : 67
    }, {
      "referenceID" : 11,
      "context" : "Finally, we would use standard k-means clustering with the l-smallest eigenvectors as the features [16].",
      "startOffset" : 99,
      "endOffset" : 103
    }, {
      "referenceID" : 9,
      "context" : "For instance, it is common in the literature to use n-gram analysis [14, 45] on the dynamic trace or static data.",
      "startOffset" : 68,
      "endOffset" : 76
    }, {
      "referenceID" : 39,
      "context" : "For instance, it is common in the literature to use n-gram analysis [14, 45] on the dynamic trace or static data.",
      "startOffset" : 68,
      "endOffset" : 76
    }, {
      "referenceID" : 25,
      "context" : "There has been a rising interest in performing virus classification in the cloud [30, 31, 50] due to the constraints of users’ resources.",
      "startOffset" : 81,
      "endOffset" : 93
    }, {
      "referenceID" : 26,
      "context" : "There has been a rising interest in performing virus classification in the cloud [30, 31, 50] due to the constraints of users’ resources.",
      "startOffset" : 81,
      "endOffset" : 93
    }, {
      "referenceID" : 41,
      "context" : "There has been a rising interest in performing virus classification in the cloud [30, 31, 50] due to the constraints of users’ resources.",
      "startOffset" : 81,
      "endOffset" : 93
    }, {
      "referenceID" : 42,
      "context" : "BitBlaze has been shown to provide reliable data that has been used to produce very accurate malware classification results [51].",
      "startOffset" : 124,
      "endOffset" : 128
    } ],
    "year" : 2012,
    "abstractText" : "Malware classification systems have typically used some machine learning algorithm in conjunction with either static or dynamic features collected from the binary. Recently, more advanced malware has introduced mechanisms to avoid detection in these views by using obfuscation techniques to avoid static detection and execution-stalling techniques to avoid dynamic detection. In this paper we construct a classification framework that is able to incorporate both static and dynamic views into a unified framework in the hopes that, while a malicious executable can disguise itself in some views, disguising itself in every view while maintaining malicious intent will prove to be substantially more difficult. Our method uses kernels to place a similarity metric on each distinct view and then employs multiple kernel learning to find a weighted combination of the data sources which yields the best classification accuracy in a support vector machine classifier. Our approach opens up new avenues of malware research which will allow the research community to elegantly look at multiple facets of malware simultaneously, and which can easily be extended to integrate any new data sources that may become popular in the future.",
    "creator" : "dvips(k) 5.98 Copyright 2009 Radical Eye Software"
  }
}