{
  "name" : "acm_10.1145##130385.130417.pdf",
  "metadata" : {
    "source" : "CRF",
    "title" : "Query & Committee",
    "authors" : [ "H. S. Seung", "M. Oppert", "H. Sompolinsky" ],
    "emails" : [ "haim@galaxy." ],
    "sections" : [ {
      "heading" : "1 Introduction",
      "text" : "Although query algorithms have been proposed for a variety of learning problems [Bau91], little work has gone into understanding the general principles by which these algorithms should be constructed. In this work, we argue that the Shannon information of a query can be a suitable guide[Fed72]. We further show that the degree of disagreement among a committee of learners can serve as an estimate of this information value. The al-\n*Present address: AT&T Bell Laboratories, 600 Mountain Ave., Murray Hill, NJ 07974, seungOphyslcs. att. com\ntPresent address: Institut fur Theoretische Physik, Julius Maximilian Universit5t Wiirzburg, Am Hubland, D8700 Wiirzburg, Germany, opperOvax. rz. uni-vuerzburg. dbp. de\nPermission to copy without fee all or part of this material is granted provided that the copies are not made or distributed for\ndirect commercial advantage, the ACM copyright notice and the title of the publication end its date appear, and notice is given that copying is by permission of the Association for Computing Machinary. To copy otherwise, or to republish, requires a fee and/or specific permission. COLT’92-71921PA, USA\nQ 1992 ACM 0-89791 -498 -81921000710287 . ..$ 1.50\ngorithms considered in this work focus on minimizing the number of queries required, and hence are most relevant to situations in which queries carry the heaviest computational cost.\nWe consider the paradigm of incremental query learning, in which the training set is built up one example at a time. We restrict our scope to parametric learning models with cent inuously varying weights, learning perfectly realizable, boolean-valued target rules. The prior distribution on the weight space is assumed to be flat.\nAn incremental learning procedure consists of two components: a training algorithm and a query algorithm. Given a set of P examples, the training algorithm produces a set of weights satisfying the training set. The query algorithm is then used to select example P + 1. Then the training algorithm is run again on the newly incremented training set, and so on.\nIn this paper, the only training algorithm that we consider is the (zero temperature) Gibbs algorithm, which selects a weight vector at random from the version space, the set of all weight vectors that are consistent with the training set. This will enable us to use techniques from statistical mechanics [SST92].\nAfter training 2k students on the same training set, the query by committee algorithm selects an input that is classified as positive by half of the committee, and negative by the other half. By maximizing disagreement among the committee, the information gain of the query can be made high. In the k - co limit, each query bisects the version space, so that the information gain saturates the bound of 1 bit per query.\nIn the following, the query by committee algorithm is first illustrated using a very simple model, the high-low game. We then move on to a more complicated model, perception learning of another perceptron[GD89]. For both models, the information gain approaches a finite value as the number of queries goes to infinity. This asymptotically finite information gain leads to generalization error that decreaees exponentially with the number of queries.\nThis is in marked contrast to the case of learning with random inputs, in which the information gain\napproaches zero as the number of examples increases. In the random input case, the generalization error decreases relatively slowly, as an inverse power law in the number of examples."
    } ],
    "references" : [ {
      "title" : "Neural net algorithms that learn in polynomial time from examples and queries",
      "author" : [ "E. Baum" ],
      "venue" : "IEEE Trans. in Neural Networks,",
      "citeRegEx" : "Baum.,? \\Q1991\\E",
      "shortCiteRegEx" : "Baum.",
      "year" : 1991
    }, {
      "title" : "Three unfinished works on the optimal storage capacity of networks",
      "author" : [ "E. Gardner", "B. Derrida" ],
      "venue" : "J. Phys.,",
      "citeRegEx" : "Gardner and Derrida.,? \\Q1989\\E",
      "shortCiteRegEx" : "Gardner and Derrida.",
      "year" : 1989
    }, {
      "title" : "Improving a network generalization ability by selecting examples",
      "author" : [ "Morgan Kaufmann. W. Kinzel", "P. Rujzin" ],
      "venue" : "Europhys. Lett.,",
      "citeRegEx" : "Kinzel and Rujzin.,? \\Q1990\\E",
      "shortCiteRegEx" : "Kinzel and Rujzin.",
      "year" : 1990
    }, {
      "title" : "Statistical mechanics of learning from examples",
      "author" : [ "H.S. Seung", "H. Sompolinsky", "N. Tishby" ],
      "venue" : "Phys. Rev.,",
      "citeRegEx" : "Seung et al\\.,? \\Q1992\\E",
      "shortCiteRegEx" : "Seung et al\\.",
      "year" : 1992
    } ],
    "referenceMentions" : [ ],
    "year" : 1997,
    "abstractText" : "We propose an algorithm called query by committee, in which a committee of students is trained on the same data set. The next query is chosen according to the principle of maximal disagreement. The algorithm is studied for two toy models: the high-low game and perception learning of another perception. As the number of queries goes to infinity, the committee algorithm yields asymptotically finite information gain. This leads to generalization error that decreases exponentially with the number of examples. This in marked contrast to learning from randomly chosen inputs, for which the information gain approaches zero and the generalization error decreases with a relatively slow inverse power law. We suggest that asymptotically finite information gain may be an important characteristic of good query algorithms.",
    "creator" : "ACM"
  }
}