{
  "name" : "acm_10.1145##1014052.1014066.pdf",
  "metadata" : {
    "source" : "CRF",
    "title" : "Adversarial Classification",
    "authors" : [ "Nilesh Dalvi", "Pedro Domingos", "Mausam Sumit Sanghai", "Deepak Verma" ],
    "emails" : [ "nilesh@cs.washington.edu", "pedrod@cs.washington.edu", "mausam@cs.washington.edu", "sanghai@cs.washington.edu", "deepak@cs.washington.edu" ],
    "sections" : [ {
      "heading" : null,
      "text" : "Categories and Subject Descriptors H.2.8 [Database Management]: Database Applications— data mining ; I.2.6 [Artificial Intelligence]: Learning— concept learning, induction, parameter learning ; I.5.1 [Pattern Recognition]: Models—statistical ; I.5.2 [Pattern Recognition]: Design Methodology—classifier design and evaluation, feature evaluation and selection; G.3 [Mathematics of Computing]: Probability and Statistics—multivariate statistics\nGeneral Terms Algorithms\nKeywords Cost-sensitive learning, game theory, naive Bayes, spam detection, integer linear programming\nPermission to make digital or hard copies of all or part of this work for personal or classroom use is granted without fee provided that copies are not made or distributed for profit or commercial advantage and that copies bear this notice and the full citation on the first page. To copy otherwise, to republish, to post on servers or to redistribute to lists, requires prior specific permission and/or a fee. KDD’04, August 22–25, 2004, Seattle, Washington, USA. Copyright 2004 ACM 1-58113-888-1/04/0008 ...$5.00."
    }, {
      "heading" : "1. INTRODUCTION",
      "text" : "Many major applications of KDD share a characteristic that has so far received little attention from the research community: the presence of an adversary actively manipulating the data to defeat the data miner. In these domains, deployment of a KDD system causes the data to change so as to make the system ineffective. For example, in the domain of email spam detection, standard classifiers like naive Bayes were initially quite successful (e.g., [23]). Unfortunately, spammers soon learned to fool them by inserting “non-spam” words into emails, breaking up “spam” ones with spurious punctuation, etc. Once spam filters were modified to detect these tricks, spammers started using new ones [4]. Effectively, spammers and data miners are engaged in a never-ending game where data miners continually come up with new ways to detect spam, and spammers continually come up with new ways to avoid detection.\nSimilar arms races are found in many other domains: computer intrusion detection, where new attacks circumvent the defenses put in place against old ones [17]; fraud detection, where perpetrators learn to avoid the actions that previously gave them away [5, 25]; counter-terrorism, where terrorists disguise their identity and activities in ever-shifting ways [11]; aerial surveillance, where targets are camouflaged with increasing sophistication [22]; comparison shopping, where merchants continually change their Web sites to avoid wrapping by shopbots [3]; file sharing, where media companies try to detect and frustrate illegal copying, and users find ways to circumvent the obstacles [14]; Web search, where webmasters manipulate pages and links to inflate their rankings, and search engines reengineer their ranking functions to deflate them back again [9, 16]; etc.\nIn many of these domains, researchers have noted the presence of adaptive adversaries and the need to take them into account (e.g., [4, 5, 11]), but to our knowledge no systematic approach for this has so far been developed. The result is that the performance of deployed KDD systems in adversarial domains can degrade rapidly over time, and much human effort and cost is incurred in repeatedly bringing the systems back up to the desired performance level. This paper proposes a first step towards automating this process. While complete automation will never be possible, we believe our approach and its future extensions have the potential to significantly improve the speed and cost-effectiveness of keeping KDD systems up to date with their adversaries.\nNotice that adversarial problems cannot simply be solved by learners that account for concept drift (e.g., [10]): while these learners allow the data-generating process to change\nover time, they do not allow this change to be a function of the classifier itself.\nWe first formalize the problem as a game between a costsensitive classifier and a cost-sensitive adversary (Section 2). Focusing on the naive Bayes classifier (Section 3), we describe the optimal strategy for the adversary against a standard (adversary-unaware) classifier (Section 4), and the optimal strategy for a classifier playing against this strategy (Section 5). We provide efficient algorithms for computing or approximating these strategies. Experiments in a spam detection domain illustrate the sometimes very large utility gains that an adversary-aware classifier can yield, and its ability to co-evolve with the adversary (Section 6). We conclude with a discussion of future research directions (Section 7)."
    }, {
      "heading" : "2. PROBLEM DEFINITION",
      "text" : "Consider a vector variable X = (X1, . . . , Xi, . . . , Xn), where Xi is the i th feature or attribute, and let the instance space X be the set of possible values of X. An instance x is a vector where feature Xi has the value xi. Instances can belong to one of two classes: positive (malicious) or negative (innocent). Innocent instances are generated i.i.d. (independent and identically distributed) from a distribution P (X|-), and malicious ones likewise from P (X|+). The global distribution is thus P (X) = P (-)P (X|-) + P (+)P (X|+). Let the training set S and test set T be two sets of (x, y) pairs, where x is generated according to P (X) and y is the “true” class of x. We define adversarial classification as a game between two players: Classifier, which attempts to learn from S a function yC = C(x) that will correctly predict the classes of instances in T , and Adversary, which attempts to make Classifier classify positive instances in T as negative by modifying those instances from x to x′ = A(x). (Adversary cannot modify negative instances, and thus A(x) = x for all x ∈ -.) Classifier is characterized by a set of cost/utility parameters (see Table 1 for a summary of the notation used in this paper):\n1. Vi: Cost of measuring Xi. Depending on their costs, Classifier may choose not to measure some features.\n2. UC(yC, y): Utility of classifying as yC an instance with true class y. Typically, UC(+, -) < 0 and UC(-, +) < 0, denoting the cost of misclassifying an instance (costs being negative utilities), and UC(+, +) > 0, UC(-, -) > 0.\nAdversary has a corresponding set of parameters:\n1. Wi(xi, x ′ i) : Cost of changing the i th feature from xi to x′i. Wi(xi, xi) = 0 for all xi. We will also use W (x, x′) to represent the cost of changing an instance x to x′ (which is simply the sum of the costs of all the individual feature changes made).\n2. UA(yC, y): Utility accrued by Adversary when Classifier classifies as yC an instance of class y. Typically, UA(-, +) > 0, UA(+, +) < 0 and UA(-, -) = UA(+, -) = 0, and we will assume this henceforth.\nThe goal of Classifier is to build a classifier C that will maximize its expected utility, taking into account that instances may have been modified by Adversary:\nUC = ∑\n(x,y)∈XY\nP (x, y)\n\nUC(C(A(x)), y)− ∑\nXi∈XC(x)\nVi\n\n (1)\nwhere Y = {+, -} and XC(x) ⊆ {X1, . . . , Xn} is the set of features measured by C, possibly dependent on x. We call C the optimal strategy of Classifier.\nThe goal of Adversary is to find a feature change strategy A that will maximize its own expected utility:\nUA = ∑\n(x,y)∈XY\nP (x, y) [UA(C(A(x)), y)−W (x,A(x))] (2)\nWe call A the optimal strategy of Adversary. Notice that Adversary will not change instances if the cost of doing so exceeds the utility of fooling Classifier. For example, a spammer will not modify his emails to the point where they no longer help sell his product. In practice, UC and UA are estimated by averages over T : UC = (1/|T |) ∑\n(x,y)∈T\n[UC(C(A(x)), y)− ∑\nXi∈XC(x) Vi], etc.\nGiven two players, the actions available to each, and the payoffs from each combination of actions, classical game theory is concerned with finding a combination of strategies such that neither player can gain by unilaterally changing its strategy. This combination is known as a Nash equilibrium [7]. In our case, the actions are classifiers C and feature change strategies A, and the payoffs are UC and UA. As the following theorem shows, some realizations of the adversarial classification game always have a Nash equilibrium.\nTheorem 2.1. Consider a classification game with a binary cost model for Adversary, i.e., given a pair of instances x and x′, Adversary can either change x to x′ (incurring a unit cost) or it cannot (the cost is infinite). This game always has a Nash equilibrium, which can be found in time polynomial in the number of instances.\nWe omit the proof due to lack of space. Unfortunately, the calculation of the Nash equilibrium requires complete and perfect knowledge of the probabilities of all the instances, which in practice Adversary and Classifier will not have. Computing Nash equilibria will generally be intractable. The chief difficulty is that even in finite domains the number of available actions is doubly exponential in the number of features n. The best known algorithms for finding Nash equilibria in general (nonzero) sum games have worst-case exponential time in the number of actions, making them triply exponential in our case. Even using the more general notion of correlated equilibria, for which polynomial algorithms exist, the computational cost is still doubly exponential. Recent years have seen substantial work on computationally tractable approaches to game theory, but they focus mainly on scaling up with the number of players, not the number of actions [12]. Further, equilibrium strategies, either mixed or pure, assume optimal play on the part of the opponent, which is highly unrealistic in our case. When this assumption is not met, standard game theory gives no guidance on how to play. (This, and computational intractability, have significantly limited its practical use.) We thus leave the general existence and form of Nash or other equilibria in adversarial classification as an open\nSymbol Meaning X = (X1, X2, . . . , Xn) Instance.\nP (x) Probability distribution of untainted data. Xi i\nth feature (attribute). X ,Xi Domain of X and Xi, respectively. x , xi An instance and the i\nth attribute of that instance. S, T Training and test set.\nyC = C(x) The Classifier function. xA = A(x) The Adversary transformation.\nVi Cost of measuring Xi. UC(yC , y) Utility for Classifier of classifying as yC an instance of class y.\nWi(xi, x ′ i), W (x, x ′) Cost of changing the ith feature from xi to x ′ i and instance x to x ′, respectively. UA(yC , y) Utility accrued by Adversary when Classifier classifies as yC an instance of class y. XC(x) Set of features measured by C.\nLOC(xi) Log-odds or “contribution” of i th attribute to naive Bayes classifier\n(\nln P (Xi=xi|+) P (Xi=Xi|-)\n)\n.\ngap(x) gap(x) > 0 ⇐⇒ NB classifies x as positive (\nLOC(x)− UC(-,-)−UC(+,-) UC(+,+)−UC(-,+)\n)\n.\n∆UA Adversary’s utility gain from successfully camouflaging a positive instance (UA(-,+)−UA(+,+)). ∆LOi,x′\ni “Gain” towards making x negative by changing ith feature to x′i (LOC(xi)− LOC(x ′ i)).\nMCC(x) Nearest instance (costwise) to x which Naive Bayes classifies as negative. x[i=x′\ni ] An instance identical to x except that i\nth attribute is changed to x′i ∈ Xi.\nPA(x) Probability distribution after Adversary has modified the data.\nTable 1: Summary of the notation used in this paper.\nquestion, and propose instead to start from a set of assumptions that more closely resembles the way adversarial classification takes place in practice: Classifier initially operates assuming the data is untainted (i.e., A(x) = x for all x); Adversary then deploys an optimal plan A(x) against this classifier; Classifier in turn deploys an optimal classifier C(A(x)) against this adversary, etc. This approach has some commonality with evolutionary game theory [26], but the latter makes a number of assumptions that are inappropriate in our case (infinite population of players repeatedly matched at random, symmetric payoff matrices, players having offspring proportional to average payoff, etc.).\nIn this paper, we focus mainly on the single-shot version of the adversarial classification game: one move by each of the players. We touch only briefly on the repeated version of the game, where players continue to make moves indefinitely. A number of learning approaches to repeated games have been proposed [6], but these are also intractable in large action spaces. Other learning approaches focus on games with sequential states (e.g., [15]), while classification is stateless.\nWe make the assumption, standard in game theory, that all parameters of both players are known to each other. Although this is unlikely to be the case in practice, it is generally plausible that each player will be able to make a rough guess of the other’s (and, indeed, its own) parameters. Classification with imprecisely known costs and other parameters has been well studied in KDD (e.g., [20]), and extending this to the adversarial case is an important item for future work."
    }, {
      "heading" : "3. COST-SENSITIVE LEARNING",
      "text" : "In this paper, we will focus on naive Bayes as the classifier to be made adversary-aware [2]. Naive Bayes is attractive because of its simplicity, efficiency, and excellent performance in a wide range of applications, including adversarial ones like spam detection [23]. Naive Bayes estimates the\nprobability that an instance x belongs to class y as\nP (y|x) = P (y)\nP (x) P (x|y) =\nP (y)\nP (x)\nn ∏\ni=1\nP (xi|y) (3)\nand predicts the class with highest P (y|x). The denominator P (x) is independent of the class, and can be ignored. P (x|y) = ∏n\ni=1 P (xi|y) is the naive Bayes assumption. The relevant probabilities are learned simply by counting the corresponding occurrences in the training set S.\nWe begin by extending naive Bayes to incorporate the measurement costs Vi and classification utilities UC(yC, y) defined in the previous section, and to maximize the expected utility UC (Equation 1). For now, we assume that no adversary is present (i.e., A(x) = x for all x). We remove this restriction in the next sections.\nCost-sensitive learning has been the object of substantial study in the KDD literature [1, 27]. Given a classification utility matrix UC(yC, y), the Bayes optimal prediction for an instance x is the class yC that maximizes the conditional utility U(yC |x):\nU(yC|x) = ∑\ny∈Y\nP (y|x)UC(yC, y) (4)\nThis is simply Equation 1 conditioned on a particular x, and ignoring the adversary and measurement costs Vi. In naive Bayes, P (y|x) is computed using Equation 3.\nMeasurement costs are incorporated into the choice of which subset of features to measure, XC⊆ {X1, . . . , Xn}. Intuitively, we want to measure feature Xi only if this improves the expected utility UC by more than Vi. Since a feature’s effect on UC will in general depend on what other features are being measured, finding the optimal XC requires a potentially exponential search. In practice, XC can be found using standard feature selection algorithms with UC as the evaluation function. We use greedy forward selection ([13])\nin our experiments. (Feature selection can also be carried out online, but we do not pursue that approach here.)"
    }, {
      "heading" : "4. ADVERSARY STRATEGY",
      "text" : "In this section, we formalize the notion of an optimal strategy for Adversary. We model it as a constrained optimization problem, which can be formulated as an integer linear program. We then propose a pseudo-linear time solution to the integer LP, based on dynamic programming. We make the following assumptions.\nAssumption 1. Complete Information: Both Classifier and Adversary know all the relevant parameters: Vi, UC , Wi, UA and the naive Bayes model learned by Classifier on S (including XC, P (y), and P (xi|y) for each feature and class).\nAssumption 2. Adversary assumes that Classifier is unaware of its presence (i.e., Adversary assumes that C(x) is the naive Bayes model described in the previous section).\nTo defeat Classifier, Adversary needs only to modify features in XC, since the others are not measured. From Equation 3:\nlog P (+|x)\nP (-|x) = log\nP (+) P (-) + ∑\nxi∈XC\nlog P (xi|+)\nP (xi|-) (5)\nFor brevity, we will use the notation LOC(x) = log P (+|x) P (-|x) and LOC(xi) = log P (xi|+) P (xi|-) , where LO is short for “log odds.” Naive Bayes classifies an instance x as positive if the expected utility of doing so exceeds that of classifying it as negative, i.e., if UC(+, +)P (+|x)+UC(+, -)P (-|x) > UC(-, +) P (+|x) + UC(-, -)P (-|x), or\nP (+|x) P (-|x) > UC(-, -)− UC(+, -) UC(+, +)− UC(-, +) (6)\nLet the log of the right hand side be LT (UC) (log threshold). Then naive Bayes classifies instance x as positive if LOC(x) > LT (UC), or equivalently if gap(x) > 0, where gap(x) = LOC(x) − LT (UC). If the instance is classified as negative, Adversary does not need to do anything. Let us assume, then, that x is classified as positive, i.e., gap(x) > 0. The objective of Adversary is to make some set of feature changes to x that will cause it to be classified as negative, while incurring the minimum possible cost. This causes Adversary to gain a utility of ∆UA = UA(-, +) − UA(+, +). Thus Adversary will transform x as long as the total cost incurred is less than ∆UA and not otherwise.\nWe formulate the problem of finding an optimal strategy for Adversary as an integer linear program. Recall that Xi is the domain of Xi. For x ′ i ∈ Xi, let δi,x′\ni be an integer\n(binary) variable which takes the value one if the feature Xi is changed from xi to x ′ i, and zero otherwise. Let the new data item thus obtained be x′. The cost of transforming x to x′ is W (x,x′) = Wi(xi, x ′ i), and the resulting change in log odds is LOC(x ′)−LOC(x) = LOC(x ′ i)−LOC(xi). Define ∆LOi,x′ i = LOC(xi)−LOC(x ′ i). This is the gain in Adversary’s objective of making the instance negative. Note that ∆LOi,xi = 0; this represents the case where Xi has not been changed. To transform x so that the new instance is classified as negative, Adversary needs to change the values of\nsome features such that the sum of their gains (decrease in log odds) is more that gap(x).\nThus, to find the minimum cost changes required to transform this instance into a negative instance, we need to solve the following integer (binary) linear program:\nmin\n\n\n\n∑\nXi∈XC\n∑\nx′ i ∈Xi\nWi(xi, x ′ i)δi,x′\ni\n\n\n\ns.t.\n∑\nXi∈XC\n∑\nx′ i ∈Xi\n∆LOi,x′ i δi,x′ i ≥ gap(x)\nδi,x′ i ∈ {0, 1},\n∑\nx′ i ∈Xi\nδi,x′ i ≤ 1\nThe binary δi,x′ i values encode which features are changed to which values. The optimizing equation minimizes the cost incurred in this transformation. The first constraint makes sure that the new instance will be classified as negative. The second constraint encodes the requirement that a feature can only have a single value in an instance. We will call the transformed instance obtained by solving this integer linear program the minimum cost camouflage (MCC) of x. In other words, MCC(x) is the nearest instance (costwise) to x which naive Bayes classifies as negative.\nAfter solving this integer LP, Adversary transforms the instance only if the minimum cost obtained is less than ∆UA. Therefore, letting NB(x) be the naive Bayes class prediction for x,\nA(x) =\n{\nMCC(x) if NB(x) = +, W (x,MCC(x)) < ∆UA\nx otherwise\n(7) The above integer (binary) LP problem is NP-hard, as the 0-1 knapsack problem can be reduced to it [8]. However, a pseudo-linear time algorithm can be obtained by discretizing LOC , which allows dynamic programming to be used. Although the algorithm is approximate, it can compute the solution to arbitrary precision.\nThe procedure is shown in Algorithm 1. Function FindMCC(i, w) computes the minimum cost needed to change the log odds of x by w using only the first i features. It returns the pair (MinCost, MinList) where MinCost is the minimum cost and MinList is a list of feature-value pairs denoting the changes to be made to x. (In each pair, i is the feature index and x′i is the value it should be changed to.) To obtain the optimal adversary strategy, we need to compute FindMCC(n,W ), where the integer W is gap(x) after discretization and n is the number of features in XC. Note that ∆LOi,x′\ni is now a (non-negative) integer in the\ndiscretized log odds space. The algorithm can be efficiently implemented using topdown recursion with memoization (so that no recursive call is computed more than once). Note that although the features can be considered in any order, some orderings may find solutions faster than the others. If, in the discretized space, instance x requires a gap of W to be filled by the transformation, then the algorithm runs in time at most O(W ∑\ni |Xi|) (since the for loop in FindMCC is called at\nmost W times and each time it takes O( ∑\ni |Xi|) time).\nHence it is pseudo-linear in the number of features. Pseudo-\nlinearity may be expensive for large values of W or for cases where features have large domains. We now present two pruning rules, one for use in the first situation, and one for the second.\nAlgorithm 1 FindMCC(i,w)\nif w ≤ 0 then return (0, {}) end if if i = 0 then\nreturn (∞,Undefined) end if MinCost←∞ MinList← Undefined for x′i ∈ Xi do\nif ∆LOi,x′ i ≥ 0 then\n(CurCost, CurList)←FindMCC(i − 1, w − ∆LOi,x′ i ) CurCost ← CurCost + Wi(xi, x ′ i). CurList ← CurList + (i, x′i). if CurCost < MinCost then\nMinCost← CurCost MinList← CurList\nend if end if\nend for return (MinCost, MinList)\nAlgorithm 2 A(x)\nW ← gap(x) (discretized). (MinCost, MinList) ←FindMCC(n,W ) if NB(x) = + and MinCost < ∆UA then\nnewx← x for all (i, x′i) ∈MinList do\nnewxi ← x ′ i end for return newx\nelse return x end if\nLemma 4.1. If\nmax i,x′\ni\n(\n∆LOi,x′ i\nWi(xi, x′i)\n)\n< gap(x)\n∆UA\nthen A(x) = x.\nThis lemma is easy to prove and can be used to detect the instances for which MinCost > ∆UA. Instances which are positive by very large gap(x) values can thus be pruned early on, and we need to run the algorithm only for more reasonable values of gap(x).\nOur second pruning strategy can be employed in situations where the cost metric is sufficiently coarsely discretized. We globally sort all the (i, x′i) tuples in increasing order of Wi(xi, x ′ i) ≥ 0. For identical values of Wi(xi, x ′ i), we use decreasing order of ∆LOi,x′ i as the secondary key. For a particular i, Wi(xi, x ′ i) combination, over all i, we can remove all but the first entry in the list. This is valid because, if the Xi is changed in the optimal solution, then taking the\nvalue x′i with the highest ∆LOi,x′ i will also yield the optimal solution. We can prune even further by only considering the first k tuples in each W such that\n∑i−1 j=1 ∆LOj,x′j > gap(x)\nand ∑k\nj=1 ∆LOj,x′j < gap(x). It is easy to see that this\npruning does not affect the optimal solution. Thus, if the feature-changing costs Wi are sufficiently coarsely discretized, we will never need to consider more than a few tuples for each integer value of Wi. Our algorithm will thus run efficiently even when the domains of features are large."
    }, {
      "heading" : "5. CLASSIFIER STRATEGY",
      "text" : "We now describe how Classifier can adapt to the adversary strategy described in the previous section. We derive the optimal C(x) taking into account A(x), and give an efficient algorithm for computing it. We make the following additional assumptions.\nAssumption 3. Classifier assumes that Adversary uses its optimal strategy to modify test instances (Algorithm 2).\nAssumption 4. The training set S used for learning the initial naive Bayes classifier is not tampered with by Adversary (i.e., S is drawn from the real distribution of adversarial and non-adversarial data).\nAssumption 5. ∀Xi ∈ X , Wi(xi, x ′ i) is a semi-metric,\ni.e., it has the following properties:\n1. Wi(xi, x ′ i) ≥ 0 and the equality holds iff xi = x ′ i\n2. Wi(xi, x ′′ i ) ≤Wi(xi, x ′ i) + Wi(x ′ i, x ′′ i )\nThe above also implies that W (x, x′′) ≤W (x, x′)+W (x′, x′′). The triangular inequality for cost holds in most real domains. This is because to change a feature from xi to x ′′ i the adversary always has the option of changing it via x′i, i.e., with x′i as an intermediate value.\nThe goal of Classifier, as in Section 3, is to predict for each instance x′ the class that maximizes its conditional utility (Equation 4). The difference is that now we want to take into account the fact that Adversary has tampered with the data. Of all the probabilities used by Classifier (Equation 3), the only one that is changed by Adversary is P (x′|+); P (+), P (-) and P (x′|-) remain unaltered. Let PA(x ′|+) be the post-adversary version of P (x′|+). Then\nPA(x ′|+) =\n∑\nx∈X\nP (x|+)PA(x ′|x, +) (8)\nIn other words, the probability of observing an instance x′ is the probability that the adversary generates some instance x and then modifies it into x′, summed over all x. Since PA(x ′|x, +) = 1 if A(x) = x′ and PA(x ′|x, +) = 0 otherwise,\nPA(x ′|+) =\n∑\nx∈XA(x ′)\nP (x|+) (9)\nwhere XA(x ′) = {x : x′ = A(x)}. There are two cases where Adversary will leave an instance x untampered (i.e., A(x) = x): when naive Bayes predicts it is negative, since then no action is necessary, and when there is no transformation of x whose cost is lower than the utility gained by making it appear negative. Thus\nPA(x ′|+) =\n\n\n∑\nx∈X ′ A (x′)\nP (x|+)\n\n + I(x′)P (x′|+) (10)\nwhere X ′A(x ′) = XA(x ′) \\ {x′}, I(x′) = 1 if NB(x′) = - or W (x′, MCC(x′)) ≥ ∆UA, and I(x\n′) = 0 otherwise (see Equation 7 and Algorithm 2). The untampered probabilities P (x′|+) are estimated using the naive Bayes model (Equation 3): P (x′|+) = ∏\nXi∈XC P (Xi = x\n′ i|+). 1 The optimal\nadversary-aware classification algorithm C(x′) is shown be-\nlow, with P̂ () used to denote the probability P () estimated from the training data S. P̂A(x ′|+) is given by Equation 10 using the empirical estimates of P (x′|+). The second term in Equation 10, I(x′)P (x′|+), is easy to compute given calls to NB(x′) and Algorithm 1 to determine if x has a feasible camouflage. The remainder of this section is devoted to efficiently computing the first term, ∑\nx∈X ′ A\n(x′) P (x|+).\nAlgorithm 3 C(x′)\nP -x′ ← P̂ (-) ∏ i P̂ (Xi = x ′ i|-) P +x′ ← P̂ (+)P̂A(x ′|+) U(+|x′)← P +x′ UC(+, +) + P -\nx′ UC(-, +) U(-|x′)← P +x′ UC(-, +) + P -\nx′ UC(-, -) if U(+|x′) > U(-|x′) then\nreturn + else\nreturn - end if\nOne solution is to iterate through all possible positive examples and check if x′ is their minimum cost camouflage. This is, of course, not feasible. We now study some theoretical properties of the MCC function which will later be used to prune this search. Recall that if NB(x) =- then gap(x) < 0 and vice versa. We define x[i=x′\ni ] as a data in-\nstance which is identical to x except that its ith feature is changed to x′i.\nLemma 5.1. Let xA be any positive instance and let x ′ =\nMCC(xA). Then, ∀i,\n(xA)i 6= x ′ i ⇒ gap(x ′) + LOC((xA)i)− LOC(x ′ i) > 0\nProof. Let x′′ = x′[i=(xA)i]. This implies that W (xA, x ′′) < W (xA, x ′), since x′′ differs from xA on one less feature than x′. Also gap(x′′) = gap(x′) + LOC((xA)i) − LOC(x ′ i). Since x′ is MCC(xA) and W (xA, x ′′) < W (xA, x\n′), NB(x′′) must be +, and therefore gap(x′′) > 0, proving the result.\nGiven a negative instance x′, for each feature we compute all values v that satisfy Lemma 5.1. To compute X ′A(x\n′), we only need to take combinations of these feature-value pairs and check if x′ is their MCC. This can substantially reduce the number of positive instances in our search space. The search space can still potentially contain an exponential number of instances. However, after we employ the next theorem, we obtain a fast algorithm for estimating the set X ′A(x\n′). 1Notice that the optimal feature subset XC for the adversary-aware classifier may be different from the adversary-unaware one, but can be found using the same methods (see Section 3).\nTheorem 5.2. Let xA be a positive instance such that x′ = MCC(xA). Let D be the set of features that are changed in xA to obtain x\n′. Let E be a non-trivial subset of D, and let x′A be an instance that matches x\n′ for all features in E and xA for all others, i.e., (x ′ A)i = x ′ i if Xi ∈ E, (x′A)i = (xA)i otherwise. Then x ′ = MCC(x′A).\nProof. By contradiction. Suppose x′′ = MCC(x′A) and x′′ 6= x′. Then W (x′A, x ′′) < W (x′A, x ′). Also, since E ⊂ D, by definition of W (x, y) we have W (xA, x ′) = W (xA, x ′ A) + W (x′A, x ′). So by the triangle inequality\nW (xA, x ′′) ≤ W (xA, x ′ A) + W (x ′ A, x ′′)\n< W (xA, x ′ A) + W (x ′ A, x ′) = W (xA, x ′)\nThus W (xA, x ′′) < W (xA, x ′), which gives a contradiction, since then x′ 6= MCC(xA). This completes the proof.\nThe above theorem implies that if xA is a positive instance such that x′ 6= MCC(xA) then x\n′ cannot be the MCC of any other instance x′A such that the changed features from x ′ A to x′ form a superset of the changed features from xA to x′. We now use the following result to obtain bounds on X ′A(x ′).\nCorollary 5.3. Let FV be the set of feature-value pairs that satisfy Lemma 5.1. Let GV ⊂ FV be such that (i, xi) ∈ GV if x′[i=xi] ∈ X ′ A(x ′). Then for every xA ∈ X ′ A(x ′), the set of feature-value pairs where xA and x ′ differ form a subset of GV .\nFrom the above corollary, after we compute GV , we only need to consider the combinations of feature-value pairs that are in GV and change those in the observed instance x′. Theorem 5.2 also implies that performing single changes from GV returns instances in X ′A(x\n′). This gives us the following bounds on ∑\nx∈X ′ A\n(x′) P (x|+).\nTheorem 5.4. Let x′ be any instance and let GV be the set defined in Corollary 5.3. Let G = {i|∃xi(i, xi) ∈ GV } and let XGi = {xi ∈ Xi|(i, xi) ∈ GV }. Then\n∑\n(i,xi)∈GV\nP (x′[i=xi]|+) ≤ ∑\nx∈X ′ A (x′)\nP (x|+) ≤\n\n\n\n∏\ni∈G\n\n1 + ∑\nxi∈X G i\nP (x′[i=xi]|+)\nP (x′|+)\n\n− 1\n\n\n\nProof. The proof of the first inequality follows directly from Theorem 5.2, which states that changing any single feature of x′ to any value in GV returns an instance from X ′A(x\n′). To prove the second inequality, we observe that the expression on the right side, when expanded, gives the sum of probabilities of all possible changes in x′ due to the set GV , and X ′A(x ′) is a subset of those instances.\nGiven these bounds, we can classify a test instance as follows. If plugging the lower bound into Algorithm 3 gives U(+|x′) > U(-|x′), then the instance can be safely classified as positive. Similarly, if using the upper bound gives U(+|x′) < U(-|x′), then the instance is negative. If GV is large, so is the lower bound on PA(X ′ A(x\n′)|+). If GV is small, we can do an exhaustive search over the subsets of GV and check if each of the items considered belongs to X ′A(x\n′). In our experiments we find that using the lower bound for making predictions works well in practice."
    }, {
      "heading" : "6. EXPERIMENTS",
      "text" : "We implemented an adversarial classifier system for the spam filtering domain. Spam is an attractive testbed for our methods because of its practical importance, its rapidly evolving adversarial nature, the wide availability of data (in contrast to many other adversarial domains), the fact that naive Bayes is the de facto standard classifier in this area, and its richness as a challenge problem for KDD [4]. One disadvantage of spam as a testbed is that feature measurement costs are generally negligible, leaving this part of our framework untested. (In contrast, in a domain like counterterrorism feature measurements are a major issue, often requiring large numbers of personnel and expensive equipment, raising privacy issues, and imposing costs on millions of individuals and transactions.)\nWe used the following two datasets in our experiments:\nLing-Spam [24]: This corpus contains the legitimate discussions on a linguistics mailing list and the spam mails received by the list. There are 2412 non-spam messages and 481 spam ones. Thus, around 16.6% of the corpus is spam.\nEmail-Data [19]: This corpus consists of texts from 1431 emails, with 642 non-spam messages (conferences (370) and jobs (272)) and 789 spam ones.\nEach of these datasets was divided into ten parts for tenfold cross-validation. We defined three scenarios, as described below, and applied our implementation of naive Bayes (NB) and the adversary-aware classifier (AC) to each. We used ifile [21] for preprocessing emails."
    }, {
      "heading" : "6.1 Scenarios",
      "text" : "The three spam filtering scenarios that we implemented differ in how the email is represented for the classifier, how the adversary can modify the features, and at what cost.\nAdd Words (AW): This the simplest scenario. The binomial model of text for classification is used [18]: there is one Boolean feature per word, denoting whether or not the word is present in the email. The only way to modify the email is by adding words which are not already present, and each word added incurs unit cost. This is akin to saying that the original mail has content that the spammer is not willing to change, and thus the spammer only adds unnecessary words to fool the spam detector. In this model, Adversary’s strategy reduces to a greedy search where it adds words in decreasing order of LOC .\nAdd Length (AL): This model is very similar to AW, except that the cost of adding a word is proportional to the number of characters in it. This corresponds to a hypothetical situation where Adversary needs to pay a certain amount per bit of mail transmitted, and wants to minimize the number of characters sent.\nSynonym (SYN): Generally, spammers want to avoid detection while preserving the semantic content of their messages. Thus, in this scenario we consider the case where Adversary changes the mail by replacing the existing words by other semantically similar words. For example, a spammer attempting to sell a product would like to send emails claiming it to be cheap, but\nwithout the use of words like “free,” “sale”, etc. This is because the naive Bayes classifier uses the presence or absence of specific words with high LOC to classify emails, independent of their actual meaning. Given the above intent, we define this scenario as follows. We use the multinomial model of text [18]: an email is viewed a sequence of word positions, with one feature per position, and the domain of each feature is the set of words in the vocabulary. In this case, the number of times a word occurs in an email is important. However, the word order is disregarded (i.e., the probability of word occurrence is assumed to be independent of location). For each word, we obtain a list of synonyms from the WordNet lexical database [28]. A word in an email can then be changed only to one of its synonyms, at unit cost.\nIt is easy to see that the costs used in all scenarios are metrics, so we can apply Lemma 5.1 and Theorem 5.2.\nThe UA classification utility matrix for Adversary we used is such that whenever a spam email is classified as non-spam the adversary receives a utility of 20, and all other entries are 0. Thus, in the SYN and AW scenarios 20 word replacements/additions are allowed. In the AL scenario, the cost of adding a character is set to 0.1, and as a result 200 character additions are allowed.\nFor Classifier, we ran the experiments with three different utility matrices (UC). All matrices had a utility of 1 for correctly classifying an email and a penalty (negative utility) of 1 for incorrectly classifying a spam email as nonspam. The penalty for incorrectly classifying a non-spam email as spam was set to 10 in one matrix, 100 in another, and 1000 in the third. This reflects the fact that, in spam filtering, the critical and dominant cost is that of false positives: letting a single spam email get through to the user is a relatively insignificant event, but filtering out a non-spam email is highly undesirable (and potentially disastrous). The different UC(+, -) values correspond to the different values of the λ parameter in Sakkis et al [24]. Table 2 summarizes the utility parameters used in the experiments."
    }, {
      "heading" : "6.2 Results",
      "text" : "The results of running the various algorithms on the LingSpam and Email-data datasets are shown in Figures 1 and 2 respectively. The figures show the average utilities obtained (with a maximum value of 1.0) by naive Bayes and the adversary-aware classifier under the different scenarios and different UC matrices. The utility of naive Bayes on the original, untampered data (“PLAIN”) is represented by the black bar on the left. The remaining black bars represent the performance of naive Bayes on tainted data in the three scenarios, and the white bars the performance of the corresponding adversary-aware classifier. We observe that Adversary significantly degrades the performance of naive Bayes in all three scenarios and with all three Classifier utility matrices. This effect is more pronounced in the Email-Data set because it has a higher percentage of spam\nemails than Ling-Spam. For naive Bayes on Email-Data, the cost of misclassifying spam emails exceeds the utility of the correct predictions, causing the overall utility to be negative. In contrast, Classifier was able to correctly identify a large percentage of the spam emails in all cases, and its accuracy on non-spam emails was also quite high.\nTo help in interpreting these results, we report the numbers of false negatives and false positives for the Ling-Spam dataset in Table 3. We observe that as the misclassification penalty for non-spam increases, fewer non-spam emails are classified incorrectly, but naturally more spam emails are misclassified as non-spam. Notice that the adversarial classifier never produces false positives (except for the SYN scenario with UC(+, -) = 10). As a result, its average utility stays approximately constant even when UC(+, -) changes by two orders of magnitude. An interesting observation is that Adversary’s manipulations can actually help Classifier to reduce the number of false positives. This is because Adversary is unlikely to send a spam mail unaltered, and as a result many non-spam emails which were previously\nclassified as positive are now classified as negative. We also compared the running times of our algorithms for the three scenarios, for both the adversary and classifier strategies. For both AW and SYN models, the average running times were less than 5 ms per email. For AL, the average running time of the classifier strategy was less than 5 ms per mail while the running time of the adversary strategy was around 500 ms per email. The adversary running time for AW was small because one can use a simple greedy algorithm to implement the adversary strategy. In the SYN model, the search space is small because there are few synonyms per word. Hence the time taken by both algorithms is small. However, in the AL model, when the LOC of emails was high (> 50), the adversary took longer. On the other hand, the adversarial classifier, after using the pruning strategies, had to consider very few instances and these had small LOC . Hence its running time was quite small. From the experiments we can conclude that in practice we can use the pruning strategies for Adversary and Classifier to reduce the search space and time without compromising accuracy.\nTo simulate the effects of non-adversarial concept drift (a reality in spam and many other adversarial domains), we also tried classifying the mails in the Email-data set using NB and AC trained on the Ling-Spam data. As the frequencies of spam and non-spam mails are different in the two datasets, we ran the classifiers without considering the class priors. For both algorithms, the results obtained were only marginally worse than the results obtained by training on the Email-data set itself, demonstrating the robustness of the algorithms."
    }, {
      "heading" : "6.3 Repeated Game",
      "text" : "In Sections 4 and 5 we discussed one round of the game that goes on between Adversary and Classifier. It consists of one ply of Adversary in which it finds the best strategy to fool Classifier and then one ply of Classifier to adapt to it. Both parties can continue playing this game. However, Classifier is no longer using a simple naive Bayes algorithm. In these experiments, we make the simplifying assumption that Adversary continues to model the classifier as Naive Bayes, and uses the techniques that we have developed for Naive Bayes.\nAt the end of each round, Adversary learns a Naive Bayes classifier based on the outputs of the actual classifier that Classifier is using in that round. We denote the classifier used by Classifier in round i − 1 by Ci−1.\nLet NBi−1 be the classifier that Adversary learns from it. Then Ai(x) is defined as the optimal adversary strategy (as in Algorithm 2) to fool NBi−1 instead of the original NB learned on S. The data coming from Adversary in round i is Ai applied to the original test data to produce Ti, i.e., Ti = Ai(T ). Classifier uses Algorithm 3 based on NBi−1 to classify Ti, i.e., Yi = Ci(Ti). The key insight is that a new naive Bayes model NBi can be trained on (Ti,Yi) and that can serve as the “Classifier” for the next round. We compared the performance of NBi with that of Ci and found them to be very similar, justifying our assumption, as Adversary is not reacting to a “crippled” Classifier but to one which performs almost as well as the “optimal” Classifier. This procedure can then repeated for an arbitrary number of rounds.\nFigure 3 shows the results of this experiment on the LingSpam dataset for the AW scenario. The X-axis is round i of the game, and the Y-axis is the average utility obtained by Yi (the i\nth adversary-aware classifier). The graphs also show the average utility obtained by NBi−1(Ti), to demonstrate the effect of using an adversary-aware classifier at each round.\nIn all rounds of the game, Classifier using the adversaryaware strategy performs significantly better than the plain naive Bayes. As expected, the difference is highest when the penalty for misclassifying non-spam is 1000. Furthermore, in this scenario Classifier and Adversary never reach an equilibrium, and utility alternates between two values. This is surprising at first glance, but a closer examination elucidates the reason. In the AW scenario, Adversary can only add words. So the only way of tampering with an instance is to add “good” words with very low (negative) LOC (based on NBi−1 in the ith round). Let the top few “good” words be GWi−1. These would have a high frequency of occurrence in spam mails of Ti. When NBi is learned on (Ti,Yi) these words no longer have a low LOC and hence are not in GWi. Thus, Ai+1 ignores these words, making them have a high LOC in NBi+1 and be in GWi+1! This phenomenon causes LOC values for a word to oscillate, giving rise to the periodic average utility in Fig. 3.\n2540"
    }, {
      "heading" : "7. FUTURE WORK",
      "text" : "This paper is only the first step in a potentially very rich research direction. The next steps include:\nRepeated games. In reality, Adversary and Classifier never cease to evolve against each other. Thus, we need to find the optimal strategy A′ for Adversary taking into account that an adversarial classifier C(A(x)) is being used, then find the optimal strategy for Classifier taking A′ into account, and so on indefinitely. To what extent this can be done analytically is a key open question.\nTheory. We would like to answer questions like: What are the most general conditions under which adversarial classification problems have Nash or correlated equilibria? If so, what form do they take, and are there cases where they can be computed efficiently? Under what conditions do repeated games converge to these equilibria? Etc.\nIncomplete information. When Classifier and Adversary do not know each other’s parameters, and Adversary does not know the exact form of the classifier, additional learning needs to occur, and the optimal strategies need to be made robust to imprecise knowledge.\nApproximately optimal strategies. When finding the optimal strategy is too computationally expensive, approximate solutions and weaker notions of optimality become necessary. Also, real-world adversaries will often act suboptimally, and it would be good to take this into account.\nGeneralization to other classifiers. We would like to extend the ideas in this paper to classifiers like decision trees, nearest neighbor, support vector machines, etc.\nInteraction with humans. Because adversaries are resourceful and unpredictable, adversarial classifiers will always require regular human intervention. The goal is to make this as easy and productive as possible. For example, extending the framework to allow new features to be added at each round of the game could be a good way to combine human and automatic refinement of the classifier.\nMultiple adversaries. Classification games are often played against more than one adversary at a time (e.g., multiple spammers, intruders, fraud perpetrators, terrorist groups, etc.). Handling this case is a natural but nontrivial extension of our framework.\nVariants of the problem. Our problem definition does not fit all classification games, but it could be extended appropriately. For example, adversaries may produce innocent as well as malicious instances, they may deliberately seek to make the classifier produce false positives, detection of some malicious instances may deter them from producing more, etc.\nOther domains and tasks. We would like to apply adversarial classifiers to computer intrusion detection, fraud detection, face recognition, etc., and to develop adversarial extensions to related data mining tasks (e.g., adversarial ranking for search engines)."
    }, {
      "heading" : "8. CONCLUSION",
      "text" : "In domains ranging from spam detection to counter-terrorism, classifiers have to contend with adversaries manipulating the data to produce false negatives. This paper formalizes the problem and extends the naive Bayes classifier to optimally detect and reclassify tainted instances, by taking into account the adversary’s optimal feature-changing strategy. When applied to spam detection in a variety of scenarios, this approach consistently outperforms the standard naive Bayes, sometimes by a large margin. Research in this direction has the potential to produce KDD systems that are more robust to adversary manipulations and require less human intervention to keep up with them."
    }, {
      "heading" : "ACKNOWLEDGMENTS",
      "text" : "We are grateful to Daniel Lowd, Foster Provost and Ted Senator for their insightful comments on a draft of this paper. This research was partly supported by a Sloan Fellowship awarded to the second author."
    }, {
      "heading" : "9. REFERENCES",
      "text" : "[1] P. Domingos. MetaCost: A general method for making\nclassifiers cost-sensitive. In Proceedings of the Fifth ACM SIGKDD International Conference on Knowledge Discovery and Data Mining, pages 155–164, San Diego, CA, 1999. ACM Press.\n[2] P. Domingos and M. Pazzani. On the optimality of the simple Bayesian classifier under zero-one loss. Machine Learning, 29:103–130, 1997.\n[3] R. B. Doorenbos, O. Etzioni, and D. S. Weld. A scalable comparison-shopping agent for the World-Wide Web. In Proceedings of the First International Conference on Autonomous Agents, pages 39–48, Marina del Rey, CA, 1997. ACM Press.\n[4] T. Fawcett. “In vivo” spam filtering: A challenge problem for KDD. SIGKDD Explorations, 5(2):140–148, 2003.\n[5] T. Fawcett and F. Provost. Adaptive fraud detection. Data Mining and Knowledge Discovery, 1(3):291–316, 1997.\n[6] D. Fudenberg and D. Levine. The Theory of Learning in Games. MIT Press, Cambridge, MA, 1999.\n[7] D. Fudenberg and J. Tirole. Game Theory. MIT Press, Cambridge, MA, 1991.\n[8] M. R. Garey and D. S. Johnson. Computers and Intractability. Freeman, New York, NY, 1979.\n[9] L. Guernsey. Retailers rise in Google rankings as rivals cry foul. New York Times, November 20, 2003.\n[10] G. Hulten, L. Spencer, and P. Domingos. Mining time-changing data streams. In Proceedings of the Seventh ACM SIGKDD International Conference on Knowledge Discovery and Data Mining, pages 97–106, San Francisco, CA, 2001. ACM Press.\n[11] D. Jensen, M. Rattigan, and H. Blau. Information awareness: A prospective technical assessment. In Proceedings of the Ninth ACM SIGKDD International Conference on Knowledge Discovery and Data Mining, pages 378–387, Washington, DC, 2003. ACM Press.\n[12] M. Kearns. Computational game theory. Tutorial, Department of Computer and Information Sciences,\nUniversity of Pennsylvania, Philadelphia, PA, 2002. http://www.cis.upenn.edu/ mkearns/nips02tutorial/.\n[13] R. Kohavi and G. John. Wrappers for feature subset selection. Artificial Intelligence, 97(1-2):273–324, 1997.\n[14] B. Krebs. Online piracy spurs high-tech arms race. Washington Post, June 26, 2003.\n[15] M. L. Littman. Markov games as a framework for multi-agent reinforcement learning. In Proceedings of the Eleventh International Conference on Machine Learning, pages 157–163, New Brunswick, NJ, 1994. Morgan Kaufmann.\n[16] B. Lloyd. Been gazumped by Google? Trying to make sense of the “Florida” update. Search Engine Guide, November 25, 2003.\n[17] M. V. Mahoney and P. K. Chan. Learning nonstationary models of normal network traffic for detecting novel attacks. In Proceedings of the Eighth ACM SIGKDD International Conference on Knowledge Discovery and Data Mining, pages 376–385, Edmonton, Canada, 2002. ACM Press.\n[18] A. McCallum and K. Nigam. A comparison of event models for Naive Bayes text classification. In Proceedings of the AAAI-98 Workshop on Learning for Text Categorization, Madison, WI, 1998. AAAI Press.\n[19] F. Nielsen. Email data, 2003. http://www.imm.dtu.dk/ rem/datasets/.\n[20] F. Provost and T. Fawcett. Robust classification for imprecise environments. Machine Learning, 42:203–231, 2001.\n[21] J. Rennie. Ifile spam classifier, 2003. http://www.nongnu.org/ifile/.\n[22] P. Robertson and J. M. Brady. Adaptive image analysis for aerial surveillance. IEEE Intelligent Systems, 14(3):30–36, 1999.\n[23] M. Sahami, S. Dumais, D. Heckerman, and E. Horvitz. A Bayesian approach to filtering junk e-mail. In Proceedings of the AAAI-98 Workshop on Learning for Text Categorization, Madison, WI, 1998. AAAI Press.\n[24] G. Sakkis, I. Androutsopoulos, G. Paliouras, V. Karkaletsis, C.D. Spyropoulos, and P. Stamatopoulos. A memory-based approach to anti-spam filtering for mailing lists. In Information Retrieval, volume 6, pages 49–73. Kluwer, 2003.\n[25] T. Senator. Ongoing management and application of discovered knowledge in a large regulatory organization: A case study of the use and impact of NASD regulation’s advanced detection system (ADS). In Proceedings of the Sixth ACM SIGKDD International Conference on Knowledge Discovery and Data Mining, pages 44–53, Boston, MA, 2000. ACM Press.\n[26] J. M. Smith. Evolution and the Theory of Games. Cambridge University Press, Cambridge, UK, 1982.\n[27] P. Turney. Cost-sensitive learning bibliography. Online bibliography, NRC Institute for Information Technology, Ottawa, Canada, 1998. http://members.rogers.com/peter.turney/bibliographies/cost-sensitive.html.\n[28] WordNet 2.0: A lexical database for the English language, 2003. http://www.cogsci.princeton.edu/∼wn/."
    } ],
    "references" : [ {
      "title" : "MetaCost: A general method for making classifiers cost-sensitive",
      "author" : [ "P. Domingos" ],
      "venue" : "Proceedings of the Fifth ACM SIGKDD International Conference on Knowledge Discovery and Data Mining, pages 155–164, San Diego, CA",
      "citeRegEx" : "1",
      "shortCiteRegEx" : null,
      "year" : 1999
    }, {
      "title" : "On the optimality of the simple Bayesian classifier under zero-one loss",
      "author" : [ "P. Domingos", "M. Pazzani" ],
      "venue" : "Machine Learning, 29:103–130",
      "citeRegEx" : "2",
      "shortCiteRegEx" : null,
      "year" : 1997
    }, {
      "title" : "A scalable comparison-shopping agent for the World-Wide Web",
      "author" : [ "R.B. Doorenbos", "O. Etzioni", "D.S. Weld" ],
      "venue" : "Proceedings of the First International Conference on Autonomous Agents, pages 39–48, Marina del Rey, CA",
      "citeRegEx" : "3",
      "shortCiteRegEx" : null,
      "year" : 1997
    }, {
      "title" : "In vivo” spam filtering: A challenge problem for KDD",
      "author" : [ "T. Fawcett" ],
      "venue" : "SIGKDD Explorations, 5(2):140–148",
      "citeRegEx" : "4",
      "shortCiteRegEx" : null,
      "year" : 2003
    }, {
      "title" : "Adaptive fraud detection",
      "author" : [ "T. Fawcett", "F. Provost" ],
      "venue" : "Data Mining and Knowledge Discovery, 1(3):291–316",
      "citeRegEx" : "5",
      "shortCiteRegEx" : null,
      "year" : 1997
    }, {
      "title" : "The Theory of Learning in Games",
      "author" : [ "D. Fudenberg", "D. Levine" ],
      "venue" : "MIT Press, Cambridge, MA",
      "citeRegEx" : "6",
      "shortCiteRegEx" : null,
      "year" : 1999
    }, {
      "title" : "Game Theory",
      "author" : [ "D. Fudenberg", "J. Tirole" ],
      "venue" : "MIT Press, Cambridge, MA",
      "citeRegEx" : "7",
      "shortCiteRegEx" : null,
      "year" : 1991
    }, {
      "title" : "Computers and Intractability",
      "author" : [ "M.R. Garey", "D.S. Johnson" ],
      "venue" : "Freeman, New York, NY",
      "citeRegEx" : "8",
      "shortCiteRegEx" : null,
      "year" : 1979
    }, {
      "title" : "Retailers rise in Google rankings as rivals cry foul",
      "author" : [ "L. Guernsey" ],
      "venue" : "New York Times, November 20",
      "citeRegEx" : "9",
      "shortCiteRegEx" : null,
      "year" : 2003
    }, {
      "title" : "Mining time-changing data streams",
      "author" : [ "G. Hulten", "L. Spencer", "P. Domingos" ],
      "venue" : "Proceedings of the Seventh ACM SIGKDD International Conference on Knowledge Discovery and Data Mining, pages 97–106, San Francisco, CA",
      "citeRegEx" : "10",
      "shortCiteRegEx" : null,
      "year" : 2001
    }, {
      "title" : "Information awareness: A prospective technical assessment",
      "author" : [ "D. Jensen", "M. Rattigan", "H. Blau" ],
      "venue" : "Proceedings of the Ninth ACM SIGKDD International Conference on Knowledge Discovery and Data Mining, pages 378–387, Washington, DC",
      "citeRegEx" : "11",
      "shortCiteRegEx" : null,
      "year" : 2003
    }, {
      "title" : "Computational game theory",
      "author" : [ "M. Kearns" ],
      "venue" : "Tutorial, Department of Computer and Information Sciences, University of Pennsylvania, Philadelphia, PA",
      "citeRegEx" : "12",
      "shortCiteRegEx" : null,
      "year" : 2002
    }, {
      "title" : "Wrappers for feature subset selection",
      "author" : [ "R. Kohavi", "G. John" ],
      "venue" : "Artificial Intelligence, 97(1-2):273–324",
      "citeRegEx" : "13",
      "shortCiteRegEx" : null,
      "year" : 1997
    }, {
      "title" : "Online piracy spurs high-tech arms race",
      "author" : [ "B. Krebs" ],
      "venue" : "Washington Post, June 26",
      "citeRegEx" : "14",
      "shortCiteRegEx" : null,
      "year" : 2003
    }, {
      "title" : "Markov games as a framework for multi-agent reinforcement learning",
      "author" : [ "M.L. Littman" ],
      "venue" : "Proceedings of the Eleventh International Conference on Machine Learning, pages 157–163, New Brunswick, NJ",
      "citeRegEx" : "15",
      "shortCiteRegEx" : null,
      "year" : 1994
    }, {
      "title" : "Been gazumped by Google? Trying to make sense of the “Florida” update",
      "author" : [ "B. Lloyd" ],
      "venue" : "Search Engine Guide, November 25",
      "citeRegEx" : "16",
      "shortCiteRegEx" : null,
      "year" : 2003
    }, {
      "title" : "Learning nonstationary models of normal network traffic for detecting novel attacks",
      "author" : [ "M.V. Mahoney", "P.K. Chan" ],
      "venue" : "Proceedings of the Eighth ACM SIGKDD International Conference on Knowledge Discovery and Data Mining, pages 376–385, Edmonton, Canada",
      "citeRegEx" : "17",
      "shortCiteRegEx" : null,
      "year" : 2002
    }, {
      "title" : "A comparison of event models for Naive Bayes text classification",
      "author" : [ "A. McCallum", "K. Nigam" ],
      "venue" : "Proceedings of the AAAI-98 Workshop on Learning for Text Categorization, Madison, WI",
      "citeRegEx" : "18",
      "shortCiteRegEx" : null,
      "year" : 1998
    }, {
      "title" : "http://www.imm.dtu.dk/ rem/datasets",
      "author" : [ "F. Nielsen" ],
      "venue" : "Email data,",
      "citeRegEx" : "19",
      "shortCiteRegEx" : "19",
      "year" : 2003
    }, {
      "title" : "Robust classification for imprecise environments",
      "author" : [ "F. Provost", "T. Fawcett" ],
      "venue" : "Machine Learning, 42:203–231",
      "citeRegEx" : "20",
      "shortCiteRegEx" : null,
      "year" : 2001
    }, {
      "title" : "Adaptive image analysis for aerial surveillance",
      "author" : [ "P. Robertson", "J.M. Brady" ],
      "venue" : "IEEE Intelligent Systems, 14(3):30–36",
      "citeRegEx" : "22",
      "shortCiteRegEx" : null,
      "year" : 1999
    }, {
      "title" : "A Bayesian approach to filtering junk e-mail",
      "author" : [ "M. Sahami", "S. Dumais", "D. Heckerman", "E. Horvitz" ],
      "venue" : "Proceedings of the AAAI-98 Workshop on Learning for Text Categorization, Madison, WI",
      "citeRegEx" : "23",
      "shortCiteRegEx" : null,
      "year" : 1998
    }, {
      "title" : "A memory-based approach to anti-spam filtering for mailing lists",
      "author" : [ "G. Sakkis", "I. Androutsopoulos", "G. Paliouras", "V. Karkaletsis", "C.D. Spyropoulos", "P. Stamatopoulos" ],
      "venue" : "Information Retrieval, volume 6, pages 49–73. Kluwer",
      "citeRegEx" : "24",
      "shortCiteRegEx" : null,
      "year" : 2003
    }, {
      "title" : "Ongoing management and application of discovered knowledge in a large regulatory organization: A case study of the use and impact of NASD regulation’s advanced detection system (ADS)",
      "author" : [ "T. Senator" ],
      "venue" : "Proceedings of the Sixth ACM SIGKDD International Conference on Knowledge Discovery and Data Mining, pages 44–53, Boston, MA",
      "citeRegEx" : "25",
      "shortCiteRegEx" : null,
      "year" : 2000
    }, {
      "title" : "Evolution and the Theory of Games",
      "author" : [ "J.M. Smith" ],
      "venue" : "Cambridge University Press, Cambridge, UK",
      "citeRegEx" : "26",
      "shortCiteRegEx" : null,
      "year" : 1982
    }, {
      "title" : "Cost-sensitive learning bibliography",
      "author" : [ "P. Turney" ],
      "venue" : "Online bibliography, NRC Institute for Information Technology, Ottawa, Canada",
      "citeRegEx" : "27",
      "shortCiteRegEx" : null,
      "year" : 1998
    } ],
    "referenceMentions" : [ {
      "referenceID" : 3,
      "context" : "Once spam filters were modified to detect these tricks, spammers started using new ones [4].",
      "startOffset" : 88,
      "endOffset" : 91
    }, {
      "referenceID" : 16,
      "context" : "Similar arms races are found in many other domains: computer intrusion detection, where new attacks circumvent the defenses put in place against old ones [17]; fraud detection, where perpetrators learn to avoid the actions that previously gave them away [5, 25]; counter-terrorism, where terrorists disguise their identity and activities in ever-shifting ways [11]; aerial surveillance, where targets are camouflaged with increasing sophistication [22]; comparison shopping, where merchants continually change their Web sites to avoid wrapping by shopbots [3]; file sharing, where media companies try to detect and frustrate illegal copying, and users find ways to circumvent the obstacles [14]; Web search, where webmasters manipulate pages and links to inflate their rankings, and search engines reengineer their ranking functions to deflate them back again [9, 16]; etc.",
      "startOffset" : 154,
      "endOffset" : 158
    }, {
      "referenceID" : 4,
      "context" : "Similar arms races are found in many other domains: computer intrusion detection, where new attacks circumvent the defenses put in place against old ones [17]; fraud detection, where perpetrators learn to avoid the actions that previously gave them away [5, 25]; counter-terrorism, where terrorists disguise their identity and activities in ever-shifting ways [11]; aerial surveillance, where targets are camouflaged with increasing sophistication [22]; comparison shopping, where merchants continually change their Web sites to avoid wrapping by shopbots [3]; file sharing, where media companies try to detect and frustrate illegal copying, and users find ways to circumvent the obstacles [14]; Web search, where webmasters manipulate pages and links to inflate their rankings, and search engines reengineer their ranking functions to deflate them back again [9, 16]; etc.",
      "startOffset" : 254,
      "endOffset" : 261
    }, {
      "referenceID" : 23,
      "context" : "Similar arms races are found in many other domains: computer intrusion detection, where new attacks circumvent the defenses put in place against old ones [17]; fraud detection, where perpetrators learn to avoid the actions that previously gave them away [5, 25]; counter-terrorism, where terrorists disguise their identity and activities in ever-shifting ways [11]; aerial surveillance, where targets are camouflaged with increasing sophistication [22]; comparison shopping, where merchants continually change their Web sites to avoid wrapping by shopbots [3]; file sharing, where media companies try to detect and frustrate illegal copying, and users find ways to circumvent the obstacles [14]; Web search, where webmasters manipulate pages and links to inflate their rankings, and search engines reengineer their ranking functions to deflate them back again [9, 16]; etc.",
      "startOffset" : 254,
      "endOffset" : 261
    }, {
      "referenceID" : 10,
      "context" : "Similar arms races are found in many other domains: computer intrusion detection, where new attacks circumvent the defenses put in place against old ones [17]; fraud detection, where perpetrators learn to avoid the actions that previously gave them away [5, 25]; counter-terrorism, where terrorists disguise their identity and activities in ever-shifting ways [11]; aerial surveillance, where targets are camouflaged with increasing sophistication [22]; comparison shopping, where merchants continually change their Web sites to avoid wrapping by shopbots [3]; file sharing, where media companies try to detect and frustrate illegal copying, and users find ways to circumvent the obstacles [14]; Web search, where webmasters manipulate pages and links to inflate their rankings, and search engines reengineer their ranking functions to deflate them back again [9, 16]; etc.",
      "startOffset" : 360,
      "endOffset" : 364
    }, {
      "referenceID" : 20,
      "context" : "Similar arms races are found in many other domains: computer intrusion detection, where new attacks circumvent the defenses put in place against old ones [17]; fraud detection, where perpetrators learn to avoid the actions that previously gave them away [5, 25]; counter-terrorism, where terrorists disguise their identity and activities in ever-shifting ways [11]; aerial surveillance, where targets are camouflaged with increasing sophistication [22]; comparison shopping, where merchants continually change their Web sites to avoid wrapping by shopbots [3]; file sharing, where media companies try to detect and frustrate illegal copying, and users find ways to circumvent the obstacles [14]; Web search, where webmasters manipulate pages and links to inflate their rankings, and search engines reengineer their ranking functions to deflate them back again [9, 16]; etc.",
      "startOffset" : 448,
      "endOffset" : 452
    }, {
      "referenceID" : 2,
      "context" : "Similar arms races are found in many other domains: computer intrusion detection, where new attacks circumvent the defenses put in place against old ones [17]; fraud detection, where perpetrators learn to avoid the actions that previously gave them away [5, 25]; counter-terrorism, where terrorists disguise their identity and activities in ever-shifting ways [11]; aerial surveillance, where targets are camouflaged with increasing sophistication [22]; comparison shopping, where merchants continually change their Web sites to avoid wrapping by shopbots [3]; file sharing, where media companies try to detect and frustrate illegal copying, and users find ways to circumvent the obstacles [14]; Web search, where webmasters manipulate pages and links to inflate their rankings, and search engines reengineer their ranking functions to deflate them back again [9, 16]; etc.",
      "startOffset" : 556,
      "endOffset" : 559
    }, {
      "referenceID" : 13,
      "context" : "Similar arms races are found in many other domains: computer intrusion detection, where new attacks circumvent the defenses put in place against old ones [17]; fraud detection, where perpetrators learn to avoid the actions that previously gave them away [5, 25]; counter-terrorism, where terrorists disguise their identity and activities in ever-shifting ways [11]; aerial surveillance, where targets are camouflaged with increasing sophistication [22]; comparison shopping, where merchants continually change their Web sites to avoid wrapping by shopbots [3]; file sharing, where media companies try to detect and frustrate illegal copying, and users find ways to circumvent the obstacles [14]; Web search, where webmasters manipulate pages and links to inflate their rankings, and search engines reengineer their ranking functions to deflate them back again [9, 16]; etc.",
      "startOffset" : 690,
      "endOffset" : 694
    }, {
      "referenceID" : 8,
      "context" : "Similar arms races are found in many other domains: computer intrusion detection, where new attacks circumvent the defenses put in place against old ones [17]; fraud detection, where perpetrators learn to avoid the actions that previously gave them away [5, 25]; counter-terrorism, where terrorists disguise their identity and activities in ever-shifting ways [11]; aerial surveillance, where targets are camouflaged with increasing sophistication [22]; comparison shopping, where merchants continually change their Web sites to avoid wrapping by shopbots [3]; file sharing, where media companies try to detect and frustrate illegal copying, and users find ways to circumvent the obstacles [14]; Web search, where webmasters manipulate pages and links to inflate their rankings, and search engines reengineer their ranking functions to deflate them back again [9, 16]; etc.",
      "startOffset" : 860,
      "endOffset" : 867
    }, {
      "referenceID" : 15,
      "context" : "Similar arms races are found in many other domains: computer intrusion detection, where new attacks circumvent the defenses put in place against old ones [17]; fraud detection, where perpetrators learn to avoid the actions that previously gave them away [5, 25]; counter-terrorism, where terrorists disguise their identity and activities in ever-shifting ways [11]; aerial surveillance, where targets are camouflaged with increasing sophistication [22]; comparison shopping, where merchants continually change their Web sites to avoid wrapping by shopbots [3]; file sharing, where media companies try to detect and frustrate illegal copying, and users find ways to circumvent the obstacles [14]; Web search, where webmasters manipulate pages and links to inflate their rankings, and search engines reengineer their ranking functions to deflate them back again [9, 16]; etc.",
      "startOffset" : 860,
      "endOffset" : 867
    }, {
      "referenceID" : 3,
      "context" : ", [4, 5, 11]), but to our knowledge no systematic approach for this has so far been developed.",
      "startOffset" : 2,
      "endOffset" : 12
    }, {
      "referenceID" : 4,
      "context" : ", [4, 5, 11]), but to our knowledge no systematic approach for this has so far been developed.",
      "startOffset" : 2,
      "endOffset" : 12
    }, {
      "referenceID" : 10,
      "context" : ", [4, 5, 11]), but to our knowledge no systematic approach for this has so far been developed.",
      "startOffset" : 2,
      "endOffset" : 12
    }, {
      "referenceID" : 9,
      "context" : ", [10]): while these learners allow the data-generating process to change",
      "startOffset" : 2,
      "endOffset" : 6
    }, {
      "referenceID" : 6,
      "context" : "This combination is known as a Nash equilibrium [7].",
      "startOffset" : 48,
      "endOffset" : 51
    }, {
      "referenceID" : 11,
      "context" : "Recent years have seen substantial work on computationally tractable approaches to game theory, but they focus mainly on scaling up with the number of players, not the number of actions [12].",
      "startOffset" : 186,
      "endOffset" : 190
    }, {
      "referenceID" : 24,
      "context" : "This approach has some commonality with evolutionary game theory [26], but the latter makes a number of assumptions that are inappropriate in our case (infinite population of players repeatedly matched at random, symmetric payoff matrices, players having offspring proportional to average payoff, etc.",
      "startOffset" : 65,
      "endOffset" : 69
    }, {
      "referenceID" : 5,
      "context" : "A number of learning approaches to repeated games have been proposed [6], but these are also intractable in large action spaces.",
      "startOffset" : 69,
      "endOffset" : 72
    }, {
      "referenceID" : 14,
      "context" : ", [15]), while classification is stateless.",
      "startOffset" : 2,
      "endOffset" : 6
    }, {
      "referenceID" : 19,
      "context" : ", [20]), and extending this to the adversarial case is an important item for future work.",
      "startOffset" : 2,
      "endOffset" : 6
    }, {
      "referenceID" : 1,
      "context" : "In this paper, we will focus on naive Bayes as the classifier to be made adversary-aware [2].",
      "startOffset" : 89,
      "endOffset" : 92
    }, {
      "referenceID" : 21,
      "context" : "Naive Bayes is attractive because of its simplicity, efficiency, and excellent performance in a wide range of applications, including adversarial ones like spam detection [23].",
      "startOffset" : 171,
      "endOffset" : 175
    }, {
      "referenceID" : 0,
      "context" : "Cost-sensitive learning has been the object of substantial study in the KDD literature [1, 27].",
      "startOffset" : 87,
      "endOffset" : 94
    }, {
      "referenceID" : 25,
      "context" : "Cost-sensitive learning has been the object of substantial study in the KDD literature [1, 27].",
      "startOffset" : 87,
      "endOffset" : 94
    }, {
      "referenceID" : 7,
      "context" : "(7) The above integer (binary) LP problem is NP-hard, as the 0-1 knapsack problem can be reduced to it [8].",
      "startOffset" : 103,
      "endOffset" : 106
    }, {
      "referenceID" : 3,
      "context" : "Spam is an attractive testbed for our methods because of its practical importance, its rapidly evolving adversarial nature, the wide availability of data (in contrast to many other adversarial domains), the fact that naive Bayes is the de facto standard classifier in this area, and its richness as a challenge problem for KDD [4].",
      "startOffset" : 327,
      "endOffset" : 330
    }, {
      "referenceID" : 22,
      "context" : "Ling-Spam [24]: This corpus contains the legitimate discussions on a linguistics mailing list and the spam mails received by the list.",
      "startOffset" : 10,
      "endOffset" : 14
    }, {
      "referenceID" : 18,
      "context" : "Email-Data [19]: This corpus consists of texts from 1431 emails, with 642 non-spam messages (conferences (370) and jobs (272)) and 789 spam ones.",
      "startOffset" : 11,
      "endOffset" : 15
    }, {
      "referenceID" : 17,
      "context" : "The binomial model of text for classification is used [18]: there is one Boolean feature per word, denoting whether or not the word is present in the email.",
      "startOffset" : 54,
      "endOffset" : 58
    }, {
      "referenceID" : 17,
      "context" : "We use the multinomial model of text [18]: an email is viewed a sequence of word positions, with one feature per position, and the domain of each feature is the set of words in the vocabulary.",
      "startOffset" : 37,
      "endOffset" : 41
    }, {
      "referenceID" : 22,
      "context" : "The different UC(+, -) values correspond to the different values of the λ parameter in Sakkis et al [24].",
      "startOffset" : 100,
      "endOffset" : 104
    } ],
    "year" : 2004,
    "abstractText" : "Essentially all data mining algorithms assume that the datagenerating process is independent of the data miner’s activities. However, in many domains, including spam detection, intrusion detection, fraud detection, surveillance and counter-terrorism, this is far from the case: the data is actively manipulated by an adversary seeking to make the classifier produce false negatives. In these domains, the performance of a classifier can degrade rapidly after it is deployed, as the adversary learns to defeat it. Currently the only solution to this is repeated, manual, ad hoc reconstruction of the classifier. In this paper we develop a formal framework and algorithms for this problem. We view classification as a game between the classifier and the adversary, and produce a classifier that is optimal given the adversary’s optimal strategy. Experiments in a spam detection domain show that this approach can greatly outperform a classifier learned in the standard way, and (within the parameters of the problem) automatically adapt the classifier to the adversary’s evolving manipulations.",
    "creator" : "dvips(k) 5.86 Copyright 1999 Radical Eye Software"
  }
}