{
  "name" : "acm_10.1145##637201.637244.pdf",
  "metadata" : {
    "source" : "CRF",
    "title" : "Code-Red: a case study on the spread and victims of an Intemet worm",
    "authors" : [ "David Moore", "Colleen Shannon" ],
    "emails" : [ "kc}@caida," ],
    "sections" : [ {
      "heading" : "I. INTRODUCTION",
      "text" : "At 18:00 on November 2, 1988, Robert T. Morris released a 99 line program onto the Internet. At 00:34 on November 3, 1988, Andy Sudduth of Harvard University posted the following message: \"There may be a virus loose on the Internet?' Indeed, Sun and VAX machines across the country were screeching to a halt as invisible tasks utilized all available resources [1] [2].\nNo virus brought large computers across the country to a standstill - the culprit was actually the first malicious worm. Unlike viruses and trojans which rely on human intervention to spread, worms are self-repficating software designed to spread throughout a network on their own. Although the Morris worm was the first malicious worm to wreak widespread havoc, earfier worms were actually designed to maximize utilization of networked computation resources. In 1982 at Xerox's Palo Alto Research Center, John Shoch and Jon Hupp wrote five worm programs that performed such benign tasks as posting announcements [3]. However, research into using worm programs as tools was abandoned after it was determined that the consequences of a worm malfunction could be dire.\nIn the years between the Morris worm in November 1988 and June 2001, Several other worms achieved timited spread through host populations. The WANK (Worms Against Nuclear Killers) worm of October, 1989 attacked SPAN VAX/VMS systems via DECnet protocols [4]. The Ramen worm, first spread in January of 2001 targeted the wu-ftp daemon on RedHat Linux 6.2 and 7.0 systems [5]. Finally, the Lion Worm targeted the TSIG vulnerability in BIND in March of 2001 [6].\nWhile all of these worms caused some damage, none approached the $2.6 billion cost of recovering from the Code-Red and CodeRedlI worms [7]. We can no longer afford to remain ignorant of the spread and effects of worms as information technology plays a critical role in our global economy."
    }],
    "references" : [ {
      "title" : "The internet worm: Crisis and aftermath",
      "author" : [ "E. Spafford" ],
      "venue" : "1989.",
      "citeRegEx" : "1",
      "shortCiteRegEx" : null,
      "year" : 1989
    }, {
      "title" : "The 283 Morris Internet Worm",
      "author" : [ "Charles Schmidt", "Tom Darby" ],
      "venue" : "Tech. Rep., htt p://www.software.com.pl/newarchive/rnisc/Worrrddarbyt/ pages/history.html.",
      "citeRegEx" : "2",
      "shortCiteRegEx" : null,
      "year" : 0
    }, {
      "title" : "The 'Worm' Programs - Early Experience with a Distributed Computation",
      "author" : [ "John Shoch", "Jon Hupp" ],
      "venue" : "Communications of the ACM, vol. 25, no. 3, pp. 172-180, Mar. 1982.",
      "citeRegEx" : "3",
      "shortCiteRegEx" : null,
      "year" : 1982
    }, {
      "title" : "CERT Advisory CA-1989-04 WANK Worm On SPAN Network",
      "author" : [ "CERT Coordination Center" ],
      "venue" : "h g g p : / / w w w . c e r g . org/advi sories/CA- 1989- 04. htrnl.",
      "citeRegEx" : "4",
      "shortCiteRegEx" : null,
      "year" : 1989
    }, {
      "title" : "Ramen Internet Worm Analysis",
      "author" : [ "Max Vision" ],
      "venue" : "h t t p : //www. whitehat s. corn/librar y/worrns / ramen/.",
      "citeRegEx" : "5",
      "shortCiteRegEx" : null,
      "year" : 0
    }, {
      "title" : "Lion Worm",
      "author" : [ "SANS Global Incident Analysis Center" ],
      "venue" : "h t t p : //WWW. sans. org/y2k/lion.htrn.",
      "citeRegEx" : "6",
      "shortCiteRegEx" : null,
      "year" : 0
    }, {
      "title" : "2001 economic impact of malicious code attacks",
      "author" : [ "Computer Economics" ],
      "venue" : "http ://www. computereconomics, corn/cei/ press/pr92101, html.",
      "citeRegEx" : "7",
      "shortCiteRegEx" : null,
      "year" : 2101
    }, {
      "title" : "Advisories and Alerts: AD20010618",
      "author" : [ "eEye Digital Security" ],
      "venue" : "http : //www. eeye. com/html/Research/ Advisories/AD20010618. html.",
      "citeRegEx" : "8",
      "shortCiteRegEx" : null,
      "year" : 2001
    }, {
      "title" : "A Very Real and Present Threat to the Internet",
      "author" : [ "Microsoft" ],
      "venue" : "http:llwww.microsoft.comltechnetltreeviewldefault.asp?url=l technet/security/topic s/codealrt.asp.",
      "citeRegEx" : "9",
      "shortCiteRegEx" : null,
      "year" : 0
    }, {
      "title" : "Advisories and Alerts: .ida \"Code Red\" Worm",
      "author" : [ "eEye Digital Security" ],
      "venue" : "July 2001, h g t p : / /www. e e y e . com/hgrnl / Re sear ch/Advi sorie s/AL20010717, htrnl.",
      "citeRegEx" : "10",
      "shortCiteRegEx" : null,
      "year" : 2001
    }, {
      "title" : "Code Red Analysis page",
      "author" : [ "Silicon Defense" ],
      "venue" : "http://www. silicondefense, com/cr/.",
      "citeRegEx" : "11",
      "shortCiteRegEx" : null,
      "year" : 0
    }, {
      "title" : "Code Red\" Worm - Customer Impact",
      "author" : [ "Cisco Systems", "Inc", "\"Cisco Security Advisory" ],
      "venue" : "h t g p : / / w w w . c i s c o . c o m / warp/public/707 / cisco-code- red-worm-pub. shtrnl.",
      "citeRegEx" : "12",
      "shortCiteRegEx" : null,
      "year" : 0
    }, {
      "title" : "CodeRedlI Worm Analysis",
      "author" : [ "eEye Digital Security" ],
      "venue" : "August 2001, http : //www. eeye. corn/html/Research/ Advisories/AL200 i0804, html.",
      "citeRegEx" : "13",
      "shortCiteRegEx" : null,
      "year" : 2001
    }, {
      "title" : "SecurityFocus Code Red II Information Headquarters",
      "author" : [ "S~zurityFocus" ],
      "venue" : "http : //aris. securityfocus, corn/ alerts/codered2/.",
      "citeRegEx" : "14",
      "shortCiteRegEx" : null,
      "year" : 0
    }, {
      "title" : "Evaluating the size of the internet",
      "author" : [ "Cisco Ned~low, '' http ://www. cisco, corn/warp/ public/732/netflow/. [ 16] Vern Paxson, \"Bro: A System for Detecting Network Intruders in Real-Time,\" Computer Networks, vol. 31, no. 23-24, pp. 2435- 2463, 1999. [17] eEye Digital Security, \"eEye CodeRed analysis, commented disassembly, full IDA database,", "binary of the worm", "h t t p : //www. eeye. com/htrnl/advisories/codered, zip. [18] Ixiacom IxMapping, '~xmapping,\" http : //www. ipmapper. com. [19] David Moore, Geoffrey M. Voelker,", "Stefan Savage, \"Inferring Internet Denial-of-Service Activity,\" Usenix Security Symposium, 20) 1. [20] Dug Song", "Rob Malan", "\"A Snapshot of Global Internet Worm Activity~7' http://research.arbor.neffup _media/up_files/ snapshot _worrn_activity_f.ps. [21] Netsizer Robert Stone" ],
      "venue" : "h t t p : //www. netsizer, com. 284",
      "citeRegEx" : "15",
      "shortCiteRegEx" : null,
      "year" : 0
    } ],
    "referenceMentions" : [ {
      "referenceID" : 0,
      "context" : "At 00:34 on November 3, 1988, Andy Sudduth of Harvard University posted the following message: \"There may be a virus loose on the Internet?' Indeed, Sun and VAX machines across the country were screeching to a halt as invisible tasks utilized all available resources [1] [2].",
      "startOffset" : 267,
      "endOffset" : 270
    }, {
      "referenceID" : 1,
      "context" : "At 00:34 on November 3, 1988, Andy Sudduth of Harvard University posted the following message: \"There may be a virus loose on the Internet?' Indeed, Sun and VAX machines across the country were screeching to a halt as invisible tasks utilized all available resources [1] [2].",
      "startOffset" : 271,
      "endOffset" : 274
    }, {
      "referenceID" : 2,
      "context" : "In 1982 at Xerox's Palo Alto Research Center, John Shoch and Jon Hupp wrote five worm programs that performed such benign tasks as posting announcements [3].",
      "startOffset" : 153,
      "endOffset" : 156
    }, {
      "referenceID" : 3,
      "context" : "The WANK (Worms Against Nuclear Killers) worm of October, 1989 attacked SPAN VAX/VMS systems via DECnet protocols [4].",
      "startOffset" : 114,
      "endOffset" : 117
    }, {
      "referenceID" : 5,
      "context" : "Finally, the Lion Worm targeted the TSIG vulnerability in BIND in March of 2001 [6].",
      "startOffset" : 80,
      "endOffset" : 83
    }, {
      "referenceID" : 6,
      "context" : "6 billion cost of recovering from the Code-Red and CodeRedlI worms [7].",
      "startOffset" : 67,
      "endOffset" : 70
    }, {
      "referenceID" : 7,
      "context" : "On June 18, 2001, eEye released information about a buffer-overflow vulnerability in Microsoft's IIS web servers [8].",
      "startOffset" : 113,
      "endOffset" : 116
    }, {
      "referenceID" : 8,
      "context" : "Microsoft released a patch for the vulnerability eight days later, on June 26, 2001 [9].",
      "startOffset" : 84,
      "endOffset" : 87
    }, {
      "referenceID" : 9,
      "context" : "This seemingly minor change had a major impact: more than 359,000 machines were infected with Code-RedI v2 in just fourteen hours [10][11].",
      "startOffset" : 130,
      "endOffset" : 134
    }, {
      "referenceID" : 10,
      "context" : "This seemingly minor change had a major impact: more than 359,000 machines were infected with Code-RedI v2 in just fourteen hours [10][11].",
      "startOffset" : 134,
      "endOffset" : 138
    }, {
      "referenceID" : 11,
      "context" : "Code-RedI v2 also wreaked havoc on some additional devices with web interfaces, such as routers, switches, DSL modems, and printers [12].",
      "startOffset" : 132,
      "endOffset" : 136
    }, {
      "referenceID" : 12,
      "context" : "On August 4, 2001, an entirely new worm, CodeRedlI began to exploit the buffer-overflow vulnerability in Microsoft's HS web servers [13] [14].",
      "startOffset" : 132,
      "endOffset" : 136
    }, {
      "referenceID" : 13,
      "context" : "On August 4, 2001, an entirely new worm, CodeRedlI began to exploit the buffer-overflow vulnerability in Microsoft's HS web servers [13] [14].",
      "startOffset" : 137,
      "endOffset" : 141
    }, {
      "referenceID" : 14,
      "context" : "However, a backup data set consisting of sampled netflow [15] output from the filtering router was available for the/8 throughout the 24 hour period.",
      "startOffset" : 57,
      "endOffset" : 61
    }, {
      "referenceID" : 10,
      "context" : "On the surface, the data seems to fit reasonably with the growth model for the worm infection proposed by Stuart Staniford [11].",
      "startOffset" : 123,
      "endOffset" : 127
    }, {
      "referenceID" : 1,
      "context" : "[2] Charles Schmidt and Tom Darby, \"The",
      "startOffset" : 0,
      "endOffset" : 3
    }, {
      "referenceID" : 2,
      "context" : "[3] John Shoch and Jon Hupp, \"The 'Worm' Programs - Early Experience with a Distributed Computation,\" Communications of the ACM, vol.",
      "startOffset" : 0,
      "endOffset" : 3
    }, {
      "referenceID" : 3,
      "context" : "[4] CERT Coordination Center, \"CERT Advisory CA-1989-04 WANK Worm On SPAN Network,\" h g g p : / / w w w .",
      "startOffset" : 0,
      "endOffset" : 3
    }, {
      "referenceID" : 4,
      "context" : "[5] Max Vision, \"Ramen Internet Worm Analysis,\" h t t p : //www.",
      "startOffset" : 0,
      "endOffset" : 3
    }, {
      "referenceID" : 5,
      "context" : "[6] SANS Global Incident Analysis Center, \"Lion Worm,\" h t t p : //WWW.",
      "startOffset" : 0,
      "endOffset" : 3
    }, {
      "referenceID" : 6,
      "context" : "[7] Computer Economics, \"2001 economic impact of malicious code attacks,\" http ://www.",
      "startOffset" : 0,
      "endOffset" : 3
    }, {
      "referenceID" : 7,
      "context" : "[8] eEye Digital Security, \"Advisories and Alerts: AD20010618,\" http : //www.",
      "startOffset" : 0,
      "endOffset" : 3
    }, {
      "referenceID" : 8,
      "context" : "[9] Microsoft, \"A Very Real and Present Threat to the Internet,\" http:llwww.",
      "startOffset" : 0,
      "endOffset" : 3
    }, {
      "referenceID" : 9,
      "context" : "[10] eEye Digital Security, \"Advisories and Alerts: .",
      "startOffset" : 0,
      "endOffset" : 4
    }, {
      "referenceID" : 10,
      "context" : "[11] Silicon Defense, \"Code Red Analysis page,\" http://www.",
      "startOffset" : 0,
      "endOffset" : 4
    }, {
      "referenceID" : 11,
      "context" : "[12] Cisco Systems, Inc, \"Cisco Security Advisory: \"Code Red\" Worm - Customer Impact,\" h t g p : / / w w w .",
      "startOffset" : 0,
      "endOffset" : 4
    }, {
      "referenceID" : 12,
      "context" : "[13] eEye Digital Security, \"CodeRedlI Worm Analysis,\" August 2001, http : //www.",
      "startOffset" : 0,
      "endOffset" : 4
    }, {
      "referenceID" : 13,
      "context" : "[14] S~zurityFocus, \"SecurityFocus Code Red II Information Headquarters,\" http : //aris.",
      "startOffset" : 0,
      "endOffset" : 4
    } ],
    "year" : 2003,
    "abstractText" : "m On July 19, 2001, more than 359,000 computers connected to the Internet were infected with the CodeRed (CRv2) worm in less than 14 hours. The cost of this epidemic, including subsequent strains of Code-Red, is estimated to be in excess of $2.6 billion. Despite the global damage caused by this attack, there have been few serious attempts to characterize the spread of the worm, partly due to the challenge of collecting global information about worms. Using a technique that enables global detection of worm spread, we collected and analyzed data over a period of 45 days beginning July 2nd, 2001 to determine the characteristics of the spread of Code-Red throughout the Internet. In this paper, we describe the methodology we use to trace the spread of Code-Red, and then describe the results of our trace analyses. We first detail the spread of the Code-Red and CodeRedH worms in terms of infection and deactivation rates. Even without being optimized for spread of infection, Code-Red infection rates peaked at over 2,000 hosts per minute. We then examine the properties of the infected host population, including geographic location, weekly and diurnal time effects, top-level domains, and ISPs. We demonstrate that the worm was an international event, infection activity exhibited time-of-day effects, and found that, although most attention focused on large corporations, the Code-Red worm primarily preyed upon home and small business users. We also qualified the effects of DHCP on measurements of infected hosts and determined that IP addresses are not an accurate measure of the spread of a worm on fimescales longer than 24 hours. Finally, the experience of the CodeRed worm demonstrates that wide-spread vulnerabilities in Internet hosts can be exploited quickly and dramatically, and that techniques other than host patching are required to mitigate Internet worms. ",
    "creator" : null
  }
}