{
  "name" : "ieee_5415575.pdf",
  "metadata" : {
    "source" : "META",
    "title" : "CIMDS: Adapting Postprocessing Techniques of Associative Classification for Malware Detection",
    "authors" : [ "Yanfang Ye", "Tao Li", "Qingshan Jiang", "Youyu Wang" ],
    "emails" : [ ],
    "sections" : [ {
      "heading" : "I. Introduction",
      "text" : "MALWARE is software designed to infiltrate or damage acomputer system without the owner’s informed consent (e.g., viruses, backdoors, spyware, trojans, and worms) [29]. Numerous attacks made by the malware pose a major security threat to computer users. Hence, malware detection is one of the computer security topics that are of great interest. Currently, the most important line of defense against malware is antivirus programs, such as Norton, MacAfee, and Kingsoft’s Antivirus. These widely used malware detection software tools use signature-based method to recognize threats. Signature is a short string of bytes, which is unique for each known malware so that future examples of it, can be correctly classified with a small error rate. However, this classic signature-based method always fails to detect variants of known malware or previously unknown malware, because the malware writers always adopt techniques like obfuscation to bypass these signatures [24]. In order to remain effective, it is of paramount importance for the antivirus companies to be able to quickly analyze variants of known malware and previously unknown malware samples. Unfortunately, the number of file samples that need to be analyzed on a daily basis is constantly increasing [19]. According to the virus analysts at Kingsoft Antivirus Laboratory, the “gray list” that is needed to be analyzed per day usually contain more than 70 000 file samples. Clearly, there is a need for an automatic, efficient, and robust tool to classify the “gray list.”\nSo far, several data mining and machine-learning approaches have been used in malware detection [9], [12], [13], [19], [21], [24], [30], [35], [36]. In our previous paper [35], [36], since frequent itemsets found by association mining represent the underlying profiles (of application programming interface (API) function calls) of malware and benign files, we developed an intelligent malware detection system (IMDS) adopting associative classification method based on the analysis of API calls. We compared our IMDS with other classifiers developed in the previous studies [13], [21], [30] and the results show that our IMDS applying associative classification method outperforms other classification approaches in both detection rate (DR) and accuracy (ACY) [35], [36]. Despite its good performance, IMDS still faces the following two challenges for improving the ACY and efficiency of malware detection: 1) handling the large set of the generated rules to build the classifier; and 2) finding effective rules for classifying new file samples. Recently, many postprocessing techniques [26], including rule pruning, rule ranking, and rule selection have been developed for associative classification to reduce the size of the classifier and make the classification process more effective and accurate [5], [6], [14], [33]. It is interesting to know how these postprocessing techniques would help the associative classifiers in our IMDS system for malware detection. In this paper, we adapt different postprocessing techniques of associative classification for improving the ACY and efficiency of the malware detection system. To the best of our knowledge, this is the first paper using postprocessing techniques of associative classification in malware detection. In particular, we systematically evaluate the effects of the postprocessing techniques in malware detection and propose an effective way, i.e., CIDCPF, to detect the malware from the “gray list.” CIDCPF adapts the postprocessing techniques as follows: first applying chi-square testing and insignificant rule pruning followed by using database coverage based on the chi-square measure rule ranking mechanism and pessimistic error estimation, and finally predicting the new file sample by the way of selecting the best first rule. We have incorporated the CIDCPF method into our existing IMDS system, and we call the new system as CIMDS system. Case studies are performed on the large collection of file samples obtained from the Antivirus Laboratory at Kingsoft Corporation and promising experimental results demonstrate that the efficiency and ability of detecting malware from the “gray list” of our CIMDS system outperform popular antivirus software, such as McAfee VirusScan and Norton AntiVirus, as well as previous data-miningbased detection systems, which employed Naive Bayes, support vector machine (SVM), and decision tree techniques. In particular, our CIMDS system can greatly reduce the number of generated rules, which makes it easy for our virus analysts to identify the useful ones. Our main contributions are summarized below: 1) We systematically evaluate the effects of the postprocessing techniques in malware detection. 2) We propose an effective way CIDCPF, to detect the malware from the “gray list.” CIDCPF adapts several different postprocessing techniques of associative classification, including rule pruning, rule ranking, and rule selection, for building effective associative classifiers. 3) We improve our former malware detection system IMDS and update it to CIMDS. 4) We perform cases studies on a large collection of executables including 35 000 malicious ones and 15 000 benign samples, collected by the Antivirus Laboratory of Kingsoft Corporation. 5) We provide a comprehensive experimental study on various antivirus software as well as various data mining techniques for malware detection using our data collection.\nThe rest of this paper is organized as follows. The related work is discussed in Section II. Section III presents the system architecture and Section IV devotes to the generation of rules for classification. In Section V, we discuss different postprocessing techniques of associative classification, including rule pruning, rule ranking, and rule selection. In Section VI, we systematically evaluate the effects of the postprocessing techniques in\nmalware detection and propose an effective way to detect the malware from the “gray list.” In Section VII, we compare our CIMDS system with popular antivirus software tools, such as McAfee VirusScan and Norton AntiVirus, as well as previous data-mining-based detection systems, which employed Naive Bayes, SVM, and decision tree techniques. Finally, Section VIII is concluded."
    }, {
      "heading" : "A. Malware Detection",
      "text" : "MALWARE is software designed to infiltrate or damage acomputer system without the owner’s informed consent (e.g., viruses, backdoors, spyware, trojans, and worms) [29]. Numerous attacks made by the malware pose a major security threat to computer users. Hence, malware detection is one of the computer security topics that are of great interest. Currently, the most important line of defense against malware is antivirus programs, such as Norton, MacAfee, and Kingsoft’s Antivirus. These widely used malware detection software tools use signature-based method to recognize threats. Signature is a short string of bytes, which is unique for each known malware so that future examples of it, can be correctly classified with a small error rate. However, this classic signature-based method always fails to detect variants of known malware or previously unknown malware, because the malware writers always adopt techniques like obfuscation to bypass these signatures [24]. In order to remain effective, it is of paramount importance for the antivirus companies to be able to quickly analyze variants of known malware and previously unknown malware samples. Unfortunately, the number of file samples that need to be analyzed on a daily basis is constantly increasing [19]. According to the virus analysts at Kingsoft Antivirus Laboratory, the “gray list” that is needed to be analyzed per day usually contain more than 70 000 file samples. Clearly, there is a need for an automatic, efficient, and robust tool to classify the “gray list.”\nSo far, several data mining and machine-learning approaches have been used in malware detection [9], [12], [13], [19], [21], [24], [30], [35], [36]. In our previous paper [35], [36], since frequent itemsets found by association mining represent the underlying profiles (of application programming interface (API) function calls) of malware and benign files, we developed an intelligent malware detection system (IMDS) adopting associative classification method based on the analysis of API calls. We compared our IMDS with other classifiers developed in the previous studies [13], [21], [30] and the results show that our IMDS applying associative classification method outperforms other classification approaches in both detection rate (DR) and accuracy (ACY) [35], [36]. Despite its good performance, IMDS still faces the following two challenges for improving the ACY and efficiency of malware detection: 1) handling the large set of the generated rules to build the classifier; and 2) finding effective rules for classifying new file samples. Recently, many postprocessing techniques [26], including rule pruning, rule ranking, and rule selection have been developed for associative classification to reduce the size of the classifier and make the classification process more effective and accurate [5], [6], [14], [33]. It is interesting to know how these postprocessing techniques would help the associative classifiers in our IMDS system for malware detection. In this paper, we adapt different postprocessing techniques of associative classification for improving the ACY and efficiency of the malware detection system. To the best of our knowledge, this is the first paper using postprocessing techniques of associative classification in malware detection. In particular, we systematically evaluate the effects of the postprocessing techniques in malware detection and propose an effective way, i.e., CIDCPF, to detect the malware from the “gray list.” CIDCPF adapts the postprocessing techniques as follows: first applying chi-square testing and insignificant rule pruning followed by using database coverage based on the chi-square measure rule ranking mechanism and pessimistic error estimation, and finally predicting the new file sample by the way of selecting the best first rule. We have incorporated the CIDCPF method into our existing IMDS system, and we call the new system as CIMDS system. Case studies are performed on the large collection of file samples obtained from the Antivirus Laboratory at Kingsoft Corporation and promising experimental results demonstrate that the efficiency and ability of detecting malware from the “gray list” of our CIMDS system outperform popular antivirus software, such as McAfee VirusScan and Norton AntiVirus, as well as previous data-miningbased detection systems, which employed Naive Bayes, support vector machine (SVM), and decision tree techniques. In particular, our CIMDS system can greatly reduce the number of generated rules, which makes it easy for our virus analysts to identify the useful ones."
    }, {
      "heading" : "B. Our Contributions",
      "text" : "Our main contributions are summarized below: 1) We systematically evaluate the effects of the postprocessing techniques in malware detection. 2) We propose an effective way CIDCPF, to detect the malware from the “gray list.” CIDCPF adapts several different postprocessing techniques of associative classification, including rule pruning, rule ranking, and rule selection, for building effective associative classifiers. 3) We improve our former malware detection system IMDS and update it to CIMDS. 4) We perform cases studies on a large collection of executables including 35 000 malicious ones and 15 000 benign samples, collected by the Antivirus Laboratory of Kingsoft Corporation. 5) We provide a comprehensive experimental study on various antivirus software as well as various data mining techniques for malware detection using our data collection.\nThe rest of this paper is organized as follows. The related work is discussed in Section II. Section III presents the system architecture and Section IV devotes to the generation of rules for classification. In Section V, we discuss different postprocessing techniques of associative classification, including rule pruning, rule ranking, and rule selection. In Section VI, we systematically evaluate the effects of the postprocessing techniques in\nmalware detection and propose an effective way to detect the malware from the “gray list.” In Section VII, we compare our CIMDS system with popular antivirus software tools, such as McAfee VirusScan and Norton AntiVirus, as well as previous data-mining-based detection systems, which employed Naive Bayes, SVM, and decision tree techniques. Finally, Section VIII is concluded."
    }, {
      "heading" : "II. RELATED WORK",
      "text" : "In order to overcome the disadvantages of the widely used signature-based malware detection method, data mining and machine-learning approaches are proposed for malware detection [9], [13], [21], [24], [30], [35], [36]. Naive Bayes method, SVM, and decision tree classifiers are used to detect new malicious executables in previous studies [13], [21], [30]. Associative classification, as a new classification approach integrating association rule mining and classification, becomes one of the significant tools for knowledge discovery and data mining [3], [7], [15], [16], [27], [31], [37]. Due to the fact that frequent itemsets (sets of API calls) discovered by association mining can well represent the underlying semantics (profiles) of malware and benign file datasets, associative classification has been successfully used in the IMDS system developed in [35] and [36] for malware detection. However, there is often a huge number of rules generated in a classification association rule mining practice [26], [28]. It is often infeasible to build a classifier using all of the generated rules. Hence, how to reduce the number of the rules and select the effective ones for prediction is very important for improving the classifier’s ACY and efficiency. Recently, many postprocessing techniques, including rule pruning, rule ranking, and rule selection have been developed for associative classification to reduce the size of the classifier and make the classification process more effective and accurate [5], [6], [14], [33]. It is interesting to know how these postprocessing techniques would help the associative classifiers for malware detection. In this paper, we systematically evaluate the effects of the postprocessing techniques in malware detection and propose an effective way, i.e., CIDCPF, to detect the malware from the “gray list.”\n1) Rule Pruning: In order to reduce the size of the classifier and make the classification process more effective and accurate, the removal of the redundant or misleading rules is indispensable. There are five popular rule pruning approaches [6], [11], [14], [18], [20], [23], which mainly focus on preventing these redundant or misleading rules from taking any part in the prediction process of test data objects. a) χ2 (chi-square) test [22]: The test is always carried out on each generated rule to find out whether the rule’s antecedent is positively correlated with the rule’s consequent. It is adopted by classification based on multiple association rules (CMAR) [15] algorithm in its rule discovery step. b) Redundant rule pruning: This rule pruning method discards specific rules with fewer confidence values than general rules. Several algorithms, such as CMAR [1], [2], and [15], adopt this approach for rule pruning. c) Database coverage: This pruning approach tests the generated rules against the training dataset, and only keeps the rules, which cover at least one training data object not considered by a higher ranked rule for later\nclassification. This method is created by the classification based on associations (CBA) [16], and used by CMAR [15], and multiclass classification based on association rule (MCAR) [25]. d) Pessimistic error estimation: The method works by comparing the estimated error of a new rule. If the expected error of the new rule is lower than that of the original rule, then the original rule will be replaced by the new rule. CBA [16] and [32] have used it to effectively reduce the number of the generated rules. e) Lazy pruning: This method discards the rules, which incorrectly classify training objects and keeps all others. It has been used in [5] for rule pruning.\n2) Rule Ranking: Rule ranking plays an important role in the classification process, since most of the associative classification algorithms, such as CBA, CMAR [4], [5], multiclass, multilabel associative classification (MMAC) [27], and MCAR, utilize rule ranking procedures as the basis for selecting the classifier. Particularly, CBA and CMAR use database coverage pruning approach to build the classifiers, where the pruning evaluates rules according to the rule ranking list. Hence, the highest order rules are tested in advance, and then, inserted into the classifier for predicting test data objects. For rule ranking, there are five popular ranking mechanisms [33]: a) confidence support size of antecedent (CSA); b) size of antecedent confidence support (ACS); c) weighted relative accuracy (WRA); d) Laplace accuracy; and e) χ2 (chi-square) measure. CSA and ACS are belonging to the pure “support-confidence” framework and have been used by CBA and CMAR for rule ranking. WRA, Laplace accuracy, and χ2 measure are used by some associative classification algorithms, such as classification based on predictive association rules (CPAR), to weigh the significance of each generated rule.\n3) Rule Selection: After pruning and reordering the generated rules, we can select the subset of the rules from the classifier to predict new file samples. There are three common rule selection approaches [33]: a) Best first rule: This approach selects the first best rule that satisfies the given data object according to the rule list based on certain rule ranking mechanism to predict the new data object. It is used in CBA for predicting test data objects. b) All rules: This method collects all rules in the classifier that satisfy the new data object, and then, evaluate this collection to identify its class. CMAR uses weighted χ2 (WCS) testing to predict the class of the new data object. c) Best k rules: Some associative classification algorithms, like CPAR, select the first best k rules that satisfy the new data object, and then, make predictions using certain averaging process.\nIn this paper, we try to make use of each postprocessing technique and find a proper method to build the classifier for our malware detection system."
    }, {
      "heading" : "III. SYSTEM ARCHITECTURE",
      "text" : "The system architecture of our malware detection is summarized in Fig. 1. Basically, the system first uses the feature extractor to extract the API calls from the collected portable executable (PE) files, converts them to a group of 32-bit global IDs as the features of the training data, and stores these features in the signature database. After data transformation, it then\ngenerates the classification association rules from the training signature database. In the third step, it adapts hybrid postprocessing techniques of associative classification, including rule pruning, rule ranking, and rule selection to reduce the generated rules. Finally, it builds the classifier using the rules filtered by the postprocesser to detect malware from the “gray list.” We will describe the details of each step in the following sections."
    }, {
      "heading" : "IV. CLASSIFICATION ASSOCIATION RULE GENERATION",
      "text" : "Associative classification, as a new classification approach integrating association rule mining and classification, becomes one of the significant tools for knowledge discovery and data mining. It can be effectively used in malware detection [35], [36], since frequent itemsets are typically of statistical significance and classifiers based on frequent pattern analysis are generally effective to test datasets [8]. In this section, we briefly discuss the generation of rules for classification."
    }, {
      "heading" : "A. Data Collection and Transformation",
      "text" : "We obtain 50 000 Windows PE files of which 15 000 are recognized as benign executables and the remaining 35 000 are malicious executables. PE is designed as a common file format for all flavors of Windows operating system, and PE malicious executables are in the majority of the malware rising in recent years. All the file samples are provided by the Antivirus Laboratory of Kingsoft Corporation, and the malicious executables mainly consist of backdoors, spyware, trojans, and worms. Based on the system architecture of our previous malware detection system IMDS [35], we extract the API calls as the features of the file samples and store them in the signature database. As shown in Fig. 2, there are six fields in the signature database, which are record ID, PE file name, file type (“0” represents benign file, while “1” is for malicious file), called APIs name, called API ID and the total number of called API functions. The transaction data can also be easily converted to relational data if necessary. Now the data is ready for classification association rule generation."
    }, {
      "heading" : "B. Classification Association Rule Generation",
      "text" : "For malware detection in this paper, the first goal is to find out how a set of API calls supports the specific class objectives: class1 = malicious, and class2 = benign.\n1) Support and confidence: Given a dataset DB, let I = {I1 , . . . , Im} be an itemset and I → class(os, oc) be an association rule whose consequent is a class objective. The support and confidence of the rule are defined as follows:\nos = supp(I, class) = count(I ∪ {class})\n|DB| × 100%\noc = conf(I, class) = count(I ∪ {class})\ncount(I, DB) × 100%\nwhere the function count(I ∪ {class}) returns the number of records in the dataset DB where I ∪ {class} holds. 2) Frequent itemset: Given mos as a user-specified minimum support. I is a frequent itemset/pattern in DB if os ≥ mos. 3) Classification association rule: Given moc as a userspecified confidence. Let I = {I1 , . . . , Im} be a frequent itemset. I → class(os, oc) is a classification association rule if oc ≥ moc.\nApriori and FP-Growth algorithms can be extended to associative classification [15], [16]. For rule generation, we use the OOA_Fast_FP-Growth algorithm proposed in [35] to derive the complete set of the rules with certain support and confidence thresholds, since it is much faster than Apriori for mining frequent itemsets. The number of the rules is also correlated to the number of the file samples.\nAs an example, we sample 35 000 records as the training dataset of which 21 000 records are malicious executables and 14 000 records are benign executables. Based on the label dataset, we generate 8424 rules with the minimum support and confidence as 0.25 and 0.7, respectively for the malicious class, while just 31 rules are derived with the minimum support and confidence as 0.18 and 0.5, respectively for the benign class (in our paper, we set these thresholds after discussion with the virus analysts). Part of the generated rules is shown in Fig. 3. Take\none of the generated rules, for example,\nR1: (219, 181, 180, 120, 19) → class = malicious(os = 0.26, oc = 1)\nwhere os and oc represent the support and confidence, respectively. After converting the API IDs to API names, the rule becomes\n(ADVAPI32.DLL,Createservicea;USER32.DLL,Callnexthookex;\nKERNEL32.DLL,Openprocess; Createtoolhelp32snapshot;\nProcess32first;) → class = malicious(os = 0.26, oc = 1).\nWith the os and oc values, we know that this set of API calls appears in 9100 malware samples and not in any benign files. Rules like R1 with both high support and confidence can be used for determining a new file sample is malicious or not. For instance, if a new file sample includes the following API calls: ADVAPI32.DLL, Createservicea; USER32.DLL, Callnexthookex; KERNEL32.DLL,Openprocess; KERNEL32.DLL, Createtoolhelp32snapshot; and KERNEL32.DLL, Process32first; then it can be predicted as malicious.\nIn fact, many classification methods (such as associative classifiers) have been developed to construct classifiers based on association rules [3], [7], [15], [16], [27], [31], [37]. In our paper, based on the complete set of the rules generated by the malware detection rule generator, IMDS applied the technique of CBACB [16] to build a classifier as the malware detection module to predict new file samples [35]. Though it achieved good performance, it is interesting to know how postprocessing techniques, including rule pruning, rule ranking, and rule selection, would help the associative classifiers in the IMDS system for malware detection. Note that the associative classifier is a supervised\nmethod that generates the rules to capture the characteristics of file samples based on known malicious and benign samples."
    }, {
      "heading" : "V. POSTPROCESSING TECHNIQUES OF ASSOCIATIVE CLASSIFICATION FOR MALWARE DETECTION SYSTEM",
      "text" : "The goal of our malware detection system is to build classifier using the generated rules to classify the new file samples more effectively and accurately, so the postprocessing of associative classification is very important for improving the system’s ACY and efficiency. The postprocessing techniques includes rule pruning, rule ranking, and rule selection."
    }, {
      "heading" : "A. Rule Pruning Approaches",
      "text" : "Accompanied with the ability of mining the complete set of the rules, associative classification also has a major drawback that the number of generated rules can be really large and the removal of the redundant or misleading rules is indispensable. Besides the five common rule pruning approaches introduced in Section II: 1) χ2 (chi-square) testing to measure the significance of the rule itself; 2) redundant rule pruning to discard the specific rules with fewer confidence values; 3) database coverage to just keep the rules covering at least one training data object not considered by a higher ranked rule; 4) pessimistic error estimation to test the estimated error of a new rule; and 5) lazy pruning to discard the rules incorrectly classifying the training objects, we here propose another rule pruning method before building the classifier, named “insignificant rules pruning.”\nSince many generated rules are redundant or minor variations of others and their existence may simply be due to chance rather than true correlation [17], [38], these insignificant rules should be removed.\nFor example, given the rule: “R1: Job = yes → Loan = approved (supp = 35%, conf = 80%),” the following rule: “R2: Job = yes, Oversea_asset ≥ 500k → Loan = approved (supp = 32%, conf = 81%)” becomes insignificant because it gives little extra information.\nWe use χ2 measure [22], which is based on the comparison of observed frequencies with the corresponding expected frequencies, to test whether the rule is significant w.r.t. to its ancestors. Given two rules generated from the training set T consisting of n data objects\nR1: A → r-class (supp = s1 , conf = c1) R2: AB → r-class (supp = s2 , conf = c2)\nwhere A, B are the frequent itemsets (A ∩ B = φ) of the generated rules and r-class is the class label of T. If these two rules have the same class label, then we call R1 the ancestor of R2 (or R2 the descendant of R1) [38].\nIf c1 ≥ c2 , namely the confidence of R1 is not greater than its ancestor R2, then R2 is insignificant and can be pruned.\nIf c1 < c2 , we set up the hypothesis H0 that the two patterns A and B are independent. We then compute the observed and expected frequencies of R2 as shown in Table I. We later use χ2 measure to test the significance of the deviation from the expected values. Let f0 be an an observed frequency and f be an expected frequency. The χ2 value is defined as: χ2 =∑\n(f0 − f)/f . Given a certain threshold value (e.g., 3.84 at the\n95% significance level [22]), if the χ2 measure is above the threshold value, then we reject the hypothesis and keep R2, otherwise, we will accept the assumption and discard R2.\nFrom the aforementioned six rule pruning approaches, we empirically study four of them for malware detection: the redundant rule pruning and lazy pruning approaches are not used. The reasons are 1) our proposed insignificant rule pruning approach actually includes redundant rule pruning; and 2) the lazy pruning method may lead to very large classifier [26], which would not fit for the malware detection system since it is time sensitive."
    }, {
      "heading" : "B. Rule Ranking Mechanisms",
      "text" : "Within the associative classification framework, regardless of which particular methodology is used to generate the rules, a classifier is usually represented as an order list of the generated rules based on some rule ranking mechanisms [33]. Many associative classification algorithms [4], [5], [15], [16], [25], [27] utilize rule ranking procedures as the basis for selecting the classifier during pruning and later for predicting new data objects. As we discussed in Section II, there are five common ranking mechanisms [33]: CSA, ACS, WRA, Laplace accuracy, and χ2 measure. Here, we give a more detailed introduction. 1) CSA: Based on the well-established “support-confidence” framework, CSA first sorts the original rule list based on their confidence values in a descending order. For those rules that share a common confidence value, CSA sorts them in a descending order based on the support values. CSA sorts the rules sharing common values for both confidence and support in an ascending order based on the size of the rule antecedent.\n2) ACS: Ensuring that “specific rules have a higher precedence than more general rules” [10], ACS considers the size of the rule antecedent as the most significant factor (using a descending order) followed by the rule confidence and support values, respectively [33].\n3) WRA: WRA assigns an additive weighting score to each rule to determine its expected ACY. The calculation of the value of a rule r is: WRA(r) = supp (r.antecedent)*(conf (r)-supp (r.consequent)) [4]. In the rule reordering stage, the original rule list is sorted based on the assigned WRA value in a descending order.\n4) Laplace accuracy: The principle of Laplace accuracy is similar to WRA. The calculation of the Laplace value of a rule r is\nLaplace (r) = (supp (r.antecedent ∪ r.consequent) + 1)\n(supp (r.antecedent) + c)\nwhere c represents the number of predefined classes [33]. 5) χ2 measure: In associative classification algorithms, if the χ2 measure between two variables (the antecedent and\nconsequent-class of the generated rule) is higher than a certain threshold value, we can conclude that there might be a relation between the rule antecedent and consequent-class, otherwise, it implies that the two variables may be statistically independent. We can order the list of the generated rules in a descending order based on their χ2 values.\nFor the aforementioned five rule ranking mechanisms, we empirically study all of them for building the classifier and later for detecting the new malware."
    }, {
      "heading" : "C. Rule Selection Methods",
      "text" : "After building the classifier by the techniques of rule pruning and rule ranking, we can select the subset of the rules from the classifier to predict the new file samples. As stated in Section II, there are three common rule selection approaches [33]: best first rule, all rules, and best k rules. For our malware detection system, we will also try all of these methods to predict the new file samples and find the best way for malware detection.\nIn summary, the postprocessing techniques, which will be studied in malware detection, can be summarized in Table II."
    }, {
      "heading" : "VI. EMPIRICAL STUDY OF POSTPROCESSING TECHNIQUES FOR MALWARE DETECTION",
      "text" : ""
    }, {
      "heading" : "A. Experiment Setup",
      "text" : "We randomly select 35 000 executables from our data collection, including 14 000 benign executables, 5255 backdoors, 5245 spyware, 5200 trojans, and 5300 worms in the training dataset. The rest 15 000 executables are used for testing purpose of which 6000 are benign files and 9000 are malicious ones. After filtering some of the worthless API calls, we finally extract 5102 API calls from the training dataset. By using the OOA_Fast_FP-Growth algorithm [35], [36], we generate 31 rules with the minimum support and confidence as 0.18 and 0.5, respectively for the benign class, while 8424 rules are derived with the minimum support and confidence as 0.25 and 0.7, respectively for the malicious class.1\nTo systematically evaluate the effects of postprocessing techniques for malware detection, we conduct the following three sets of experimental studies using our collected data obtained from the Antivirus Laboratory of Kingsoft Corporation. The first set of study is to compare the ACY and efficiency of the three different associative classifier building algorithms: CBA,\n1In our paper, we set the thresholds used in rule mining and rule selection after discussion with the virus analysts. The thresholds are not sensitive to the system, since we adopt the proposed postprocessing techniques to prune and rank the generated rules.\nCMAR, and CPAR [37], when used for malware detection system. Since none of the three algorithms adopt the insignificant rule pruning approach, in the second set of study, we prune the insignificant rules before building the classifier. From these two sets of studies, we will choose the best rule pruning and rule selection methods for malware detection. In third set of experiments, we will compare the five rule ranking mechanisms and find the best ranking method for malware detection. Please note in all the experiments, rule mining, selection, and ranking are performed only within training data. From the three set of experiments, we will propose an effective classifier building method and incorporate it to our improved malware detection system CIMDS. All the experimental studies are conducted under the environment of Windows XP operating system plus Intel P4 1.83 GHz CPU and 1 GB of RAM."
    }, {
      "heading" : "B. Comparisons of CBA, CMAR, and CPAR for Malware Detection",
      "text" : "Since the algorithms of CBA, CMAR, and CPAR have been successfully used in associative classification and represent different kinds of postprocessing techniques for building the classifiers, in the first set of experiments, we use them for malware detection and compare their ACY and efficiency. The postprocessing techniques adopted by these three algorithms are listed in Table III.\nThe datasets described in Section VI-A are used for training and testing. In this paper, we use DR and ACY defined as follows to evaluate each classifier building method.\n1) True positive (TP): The number of executables correctly classified as malicious code. 2) True negative (TN): The number of executables correctly classified as benign executables. 3) False positive (FP): The number of executables mistakenly classified as malicious executables. 4) False negtive (FN): The number of executables mistakenly classified as benign executables. 5) DR: TP/(TP + FN). 6) ACY: TP + TN/(TP + TN + FP + FN). The experimental results shown in Table IV indicate that CBA classifier building method performs better than the other two for malware detection.\nC. Insignificant Rule Pruning\nFrom Table III, we observe that none of the three algorithms adopts the insignificant rule pruning approach. In this set of\nexperiments, we prune the insignificant rules before building the classifier. From Tables IV and V, the comparisons illustrate that no matter, which algorithm we adopt, the number of rules selected for building the classifier decrease sharply by using insignificant rule pruning approach, while the DR and ACY of the classifiers remain the same or even slightly increase. In addition, the results in Table V illustrate that CBA classifier building method still achieves better performance than the other two for malware detection.\nFrom these two set of experiments, we can conclude that: 1) for rule pruning, using all of the approaches shown in Table II can achieve better performance; and 2) for rule selection, compared with the other two, best first rule selection approach performs best on our dataset. Since the classification rules are unevenly distributed, multiple rules-based prediction may not suitable for our dataset. Thus, in the following experiments, we use χ2 test, insignificant rule pruning, database coverage, and pessimistic error estimation approaches to prune the generated rules before building the classifier. For prediction, we will adopt the best first rule selection approach to detect the malware."
    }, {
      "heading" : "D. Comparisons of Different Rule Ranking Mechanisms",
      "text" : "In this section, we compare the five rule ranking mechanisms and find the best one for malware detection. Results in Table VI illustrate that χ2 measure rule ranking mechanism performs best."
    }, {
      "heading" : "E. CIDCPF Method",
      "text" : "From the aforementioned three set of experiments, we find that building classifier for malware detection by the following way can achieve better performance: applying chi-square testing and insignificant rule pruning followed by database coverage based on the chi-square measure rule ranking mechanism and pessimistic error estimation, and predicting the new file sample by the way of selecting the best first rule. We call this method CIDCPF and incorporate it into our malware detection system CIMDS. As shown in Table VI, the last row is exactly the result of CIDCPF. From Tables IV–VI, we can see that CIDCPF outperforms other classifier building methods on malware detection. In addition, by adapting the proposed postprocessing approach for CIDCPF, we can greatly reduce the number of generated rules. The concise but effective classifier makes our CIDCPF method achieving better performance than others both in detection ability and efficiency. The three rules used in our CIMDS system are listed as follows.\n1) (Kernel32.dll,Getsystemdirectorya; Kernel32.dll, Createthread;) → class_malicious (os = 0.345677, oc = 0.933511). 2) (Kernel32.dll,Createfilea; Kernel32.dll,Writefile; Kernel32.dll,Getsystemdirectorya;)→ class_malicious (os = 0.35779, oc = 0.910983). 3) (Kernel32.dll,Createfilea; Kernel32.dll,Deletefilea; Kernel32.dll,Createthread; Wininet.dll,Internetopena;) → class_malicious (os = 0.251330, oc = 0.992224).\nTake the third rule for example, the set of those API calls appears in 3770 malware samples while 29 benign files. These rules are very useful for our virus analysts to identify and interpret. By analyzing the API calls in this rule, our virus analysts can conclude that the programs always executing the following functions can be recognized as malware:\n1) returns a handle that can be used to access the object; 2) deletes an existing file from a file system; 3) creates a thread to execute within the address space of the\ncalling process; 4) initializes an application’s use of the WinInet functions."
    }, {
      "heading" : "VII. EXPERIMENT COMPARISONS OF CIMDS WITH OTHER SYSTEMS",
      "text" : "In this section, we conduct two sets of experiments to compare our CIMDS system with other malware detection system: 1) the first set of experiments is to examine the abilities of detecting the malware from the “gray list” of our CIMDS system, in comparison with some of the popular software tools, such as McAfee VirusScan, Norton AntiVirus, Dr. Web, and Kaspersky AntiVirus. We use fair versions of the base of signature on the same day (19 May, 2008) for testing. The efficiency by using different scanners have also been examined. 2) In the second set of experiments, resting on the analysis of API calls, we compare our malware detection system CIMDS with other classificationbased methods, including SVM, Naive Bayes, and Decision tree."
    }, {
      "heading" : "A. Comparisons of Detection Results From the Gray List",
      "text" : "Since the goal of our improved malware detection system is to help our virus analysts picking up as many malware samples as possible from the “gray list,” which consists of millions of executables, we perform the experiments based on the “gray list” in this section. We randomly select 10 000 file samples from the “gray list.” Table VII shows the detection results of different antivirus scanners.\nOf the 10 000 samples from the “gray list,” 4572 are detected as malware by the five scanners in total. These detected results of the scanners should be reviewed by our virus analysts, since they have false positive rate (FPR). The FPR of each scanner results from the disability of recognizing the benign software adopting obfuscation technique in clients, such as the instant message (IM) software “QQ”. Our virus analysts perform analysis on the detected files and find that 3015 of them are correctly detected. We then calculate the DR and ACY for each scanner. The statistical results are shown in Table VIII and Fig. 4. From Tables VII and VIII and Fig. 4, we can see that our CIMDS system outperform other antivirus software for malware detection from the “gray list.”"
    }, {
      "heading" : "B. Comparisons of the Efficiency of Different Antivirus Scanners",
      "text" : "In this set of experiments, in order to examine the efficiency of our CIMDS, we use the same dataset as described in Section VII-A to compare with other antivirus software. For our CIMDS, the detection time includes the time of feature extraction and file prediction. Fig. 5 shows the comparisons of the efficiency of different antivirus scanners. We observe that our CIMDS system achieves much higher efficiency than other scanners when being executed in the same environment due to the concise, but effective classifier as well as effective feature extraction method.\nIt is infeasible for our virus analysts to manually analyze all of the file samples in the “gray list.” If one expert spends 30 s to perform the analysis for a file sample, it would take him/her three and half days to finish the detection. In comparison, our CIMDS system just uses about 15 min for the accurate detection."
    }, {
      "heading" : "C. Comparisons of Different Classification Methods",
      "text" : "Several data mining techniques, such as Naive Bayes, SVM, and Decision Tress have been applied to malware detection. In this set of experiments, we use the same dataset as described in Section VI-A and compare our CIMDS with Naive Bayes, LIBLINEAR SVM [39] with penalty parameter C set as 1, J4.8\nversion of Decision tree implemented in WEKA [34] as well as our previous IMDS system. Table IX and Fig. 6 show that our CIMDS system achieves the most accurate malware detection.\nBesides achieving higher DR and ACY than other classification methods, the results shown in Fig. 7 indicate that our CIMDS also performs better in detection efficiency. Our CIMDS detects 15 000 file samples using just 22.5 min. The high efficiency results from classifier building method CIDCPF, which makes the reduced ruleset concise, but effective. In addition, our CIMDS system has another advantage over other classification methods, that is, we can generate the rules that are easy for our virus analysts to understand and interpret as shown in Section VI-E."
    }, {
      "heading" : "VIII. CONCLUSION AND FUTURE WORK",
      "text" : "In this paper, we systematically evaluate the effects of the postprocessing techniques (e.g., rule pruning, rule ranking, and rule selection) of associative classification in malware detection and propose an effective way, i.e., CIDCPF, to detect the malware from the “gray list.” To the best of our knowledge, this is the first paper on using postprocessing techniques of associative classification in malware detection. Experiments on a large real data collection fromAntivirus Laboratory at Kingsoft Corporation demonstrate among the most common and popular associative classification building methods, our CIDCPF method achieves better performance on detection ability and efficiency because of its concise, but effective classifier. In addition, our CIMDS system, which adopts CIDCPF method for building classifiers can greatly reduce the number of generated rules and make it easy for our virus analysts to identify the useful ones. Promising experimental results demonstrate that the efficiency and ability of detecting the malware form the “gray list” of our CIMDS system outperform popular antivirus software, such as McAfee VirusScan and Norton AntiVirus, as well as previous data-mining-based detection systems, which employed Naive Bayes, LIBLINEAR SVM, and Decision Tree techniques.\nIn our future work, we plan to extend our CIMDS system from the following aspects: 1) collect more detailed information about the API calls, such as their dependencies and timestamps and use it for better malware detection. We will investigate methods such as frequent structure mining to capture the complex relationships among the API calls. 2) Predict the types of malware. Our CIMDS currently only provides binary predictions, i.e., whether a PE file is malicious or not. A natural extension is to predict the different types of malware."
    }, {
      "heading" : "ACKNOWLEDGMENT",
      "text" : "The authors would like to thank the members in the Antivirus Laboratory at Kingsoft Corporation for their helpful discussions and suggestions."
    } ],
    "references" : [ {
      "title" : "An associative classifier based on positive and negative rules",
      "author" : [ "M. Antonie", "O. Zaiane" ],
      "venue" : "Proc. 9th ACM SIGMOD Workshop Res. Issues Data Mining Knowl. Discovery, 2004, pp. 64–69. YE et al.: CIMDS: ADAPTING POSTPROCESSING TECHNIQUES OF ASSOCIATIVE CLASSIFICATION FOR MALWARE DETECTION 307",
      "citeRegEx" : "1",
      "shortCiteRegEx" : null,
      "year" : 2004
    }, {
      "title" : "Associative classifiers for medical images",
      "author" : [ "M. Antonie", "O. Zaiane", "A. Coman" ],
      "venue" : "Proc. Mining Multimedia Complex Data (LNCS), 2003, pp. 68–83.",
      "citeRegEx" : "2",
      "shortCiteRegEx" : null,
      "year" : 2003
    }, {
      "title" : "CCCS: A top-down associative classifier for imbalanced class distribution",
      "author" : [ "B. Arunasalam", "S. Chawla" ],
      "venue" : "Proc. KDD-2006, 2010, pp. 517– 522.",
      "citeRegEx" : "3",
      "shortCiteRegEx" : null,
      "year" : 2006
    }, {
      "title" : "On support thresholds in associative classification",
      "author" : [ "E. Baralis", "S. Chiusano", "P. Graza" ],
      "venue" : "Proc. ACM Symp. Appl. Comput. 2004, pp. 553–558.",
      "citeRegEx" : "4",
      "shortCiteRegEx" : null,
      "year" : 2004
    }, {
      "title" : "A lazy approach to pruning classification rules",
      "author" : [ "E. Baralis", "P. Torino" ],
      "venue" : "Proc. IEEE Int. Conf. Data Mining 2002, pp. 35–42.",
      "citeRegEx" : "5",
      "shortCiteRegEx" : null,
      "year" : 2002
    }, {
      "title" : "Constraint-based rule mining in large, dense databases",
      "author" : [ "R. Bayardo", "R. Agrawal", "D. Gunopulos" ],
      "venue" : "Proc. ICDE-1999, pp. 188–197.",
      "citeRegEx" : "6",
      "shortCiteRegEx" : null,
      "year" : 1999
    }, {
      "title" : "Direct discriminative pattern mining for effective classification",
      "author" : [ "H. Cheng", "X. Yan", "J. Han", "P.S. Yu" ],
      "venue" : "Proc. ICDE-2008, pp. 169–178.",
      "citeRegEx" : "7",
      "shortCiteRegEx" : null,
      "year" : 2008
    }, {
      "title" : "Discriminative frequent pattern analysis for effective classification",
      "author" : [ "H. Cheng", "X. Yan", "J. Han", "C. Hsu" ],
      "venue" : "Proc. ICDE-2007, pp. 716–725.",
      "citeRegEx" : "8",
      "shortCiteRegEx" : null,
      "year" : 2007
    }, {
      "title" : "Mining specifications of malicious behavior",
      "author" : [ "M. Christodorescu", "S. Jha", "C Kruegel" ],
      "venue" : "Proc. ESEC/FSE-2007, pp. 5–14.",
      "citeRegEx" : "9",
      "shortCiteRegEx" : null,
      "year" : 2007
    }, {
      "title" : "An evaluation of approaches to classification rule selection",
      "author" : [ "F. Coenen", "P. Leng" ],
      "venue" : "Proc. 4th IEEE Int. Conf. Data Mining 2004, pp. 359–362.",
      "citeRegEx" : "10",
      "shortCiteRegEx" : null,
      "year" : 2004
    }, {
      "title" : "Pruning and grouping discovered association rules",
      "author" : [ "H. Toivonen", "M. Klemetinen", "P. Ronkainen", "K. Hatonen", "H. Mannila" ],
      "venue" : "Proc. Mlnet Workshop Statist., Mach. Learning, and Discovery Databases, 1995, pp. 47–52.",
      "citeRegEx" : "11",
      "shortCiteRegEx" : null,
      "year" : 1995
    }, {
      "title" : "vEye: Behavioral footprinting for self-propagating worm detection and profiling",
      "author" : [ "X. Jiang", "X. Zhu" ],
      "venue" : "Knowl. Inf. Syst., vol. 18, no. 2, pp. 231– 262, 2009.",
      "citeRegEx" : "12",
      "shortCiteRegEx" : null,
      "year" : 2009
    }, {
      "title" : "Learning to detect malicious executables in the wild",
      "author" : [ "J. Kolter", "M. Maloof" ],
      "venue" : "Proc. KDD-2004, pp. 470–478.",
      "citeRegEx" : "13",
      "shortCiteRegEx" : null,
      "year" : 2004
    }, {
      "title" : "Exploratory mining and pruning optimizations of constrained association rules",
      "author" : [ "Ng. R.T. Lakshmanan", "J.L. Han" ],
      "venue" : "Proc. SIGMOD-1998, pp. 13–24.",
      "citeRegEx" : "14",
      "shortCiteRegEx" : null,
      "year" : 1998
    }, {
      "title" : "CMAR: Accurate and efficient classification based on multiple class-association rules",
      "author" : [ "W. Li", "J. Han", "J. Pei" ],
      "venue" : "Proc. IEEE Int. Conf. Data Mining 2001, pp. 369–376.",
      "citeRegEx" : "15",
      "shortCiteRegEx" : null,
      "year" : 2001
    }, {
      "title" : "Integrating classification and association rule mining",
      "author" : [ "B. Liu", "W. Hsu", "Y. Ma" ],
      "venue" : "Proc. 4th Int. Conf. Knowl. Discovery Data Mining1998, pp. 80–86.",
      "citeRegEx" : "16",
      "shortCiteRegEx" : null,
      "year" : 1998
    }, {
      "title" : "Pruning and summarizing the discovered associations",
      "author" : [ "B. Liu", "W. Hsu", "Y. Ma" ],
      "venue" : "Proc. KDD-1999, pp. 125–134.",
      "citeRegEx" : "17",
      "shortCiteRegEx" : null,
      "year" : 1999
    }, {
      "title" : "SLIQ: A fast scalable classifier for data mining",
      "author" : [ "M. Mahta", "R. Agrawal", "J. Rissanen" ],
      "venue" : "Proc. EDBT-1996, pp. 18–32.",
      "citeRegEx" : "18",
      "shortCiteRegEx" : null,
      "year" : 1996
    }, {
      "title" : "Automated classification and analysis of internet malware",
      "author" : [ "M. Bailey", "J. Oberheide", "J. Andersen", "Z.M. Mao", "F. Jahanian", "J. Nazario" ],
      "venue" : "Proc. RAID 2007, LNCS, vol. 4637, pp. 178–197.",
      "citeRegEx" : "19",
      "shortCiteRegEx" : null,
      "year" : 2007
    }, {
      "title" : "Programs for Machine Learning",
      "author" : [ "J.R. Quinlan" ],
      "venue" : null,
      "citeRegEx" : "20",
      "shortCiteRegEx" : "20",
      "year" : 1993
    }, {
      "title" : "Data mining methods for detection of new malicious executables",
      "author" : [ "M. Schultz", "E. Eskin", "E. Zadok" ],
      "venue" : "Proc. Security Privacy, 2001. Proc. 2001 IEEE Symp., May 14–16, pp. 38–49.",
      "citeRegEx" : "21",
      "shortCiteRegEx" : null,
      "year" : 2001
    }, {
      "title" : "Statistical Methods, 8th ed",
      "author" : [ "W. Snedecor", "W. Cochran" ],
      "venue" : "Iowa City, IA: Iowa State Univ. Press,",
      "citeRegEx" : "22",
      "shortCiteRegEx" : "22",
      "year" : 1989
    }, {
      "title" : "Mining association rules with item constraints",
      "author" : [ "R. Srikant", "Q. Vu", "R. Agrawal" ],
      "venue" : "Proc. KDD-1997, pp. 67–73.",
      "citeRegEx" : "23",
      "shortCiteRegEx" : null,
      "year" : 1997
    }, {
      "title" : "Static analyzer of vicious executables (save)",
      "author" : [ "A. Sung", "J. Xu", "P. Chavez", "S. Mukkamala" ],
      "venue" : "Proc. 20th Annu. Comput. Security Appl. Conf., 2004, pp. 326–334.",
      "citeRegEx" : "24",
      "shortCiteRegEx" : null,
      "year" : 2004
    }, {
      "title" : "MCAR: Multi-class classification based on association rule approach",
      "author" : [ "F. Thabtah", "P. Cowling", "Y. Peng" ],
      "venue" : "Proc. 3rd IEEE Int. Conf. Comput. Syst. Appl., 2005, pp. 1–7.",
      "citeRegEx" : "25",
      "shortCiteRegEx" : null,
      "year" : 2005
    }, {
      "title" : "A review of associative classification mining",
      "author" : [ "F. Thabtah" ],
      "venue" : "Knowl. Eng. Rev., vol. 22, no. 1, pp. 37–65, 2007.",
      "citeRegEx" : "26",
      "shortCiteRegEx" : null,
      "year" : 2007
    }, {
      "title" : "MMAC: A new multi-label, multiclass associative classification approach",
      "author" : [ "F. Thabtah", "P. Cowling", "Y. peng" ],
      "venue" : "Proc. 4th IEEE Int. Conf. Data Mining 2004, pp. 217–224.",
      "citeRegEx" : "27",
      "shortCiteRegEx" : null,
      "year" : 2004
    }, {
      "title" : "Construct robust rule sets for classification",
      "author" : [ "R. Topor", "H. Shen" ],
      "venue" : "Proc. 8th ACM SIGKDD Int. Conf. Knowl. Discovery Data Mining, 2001, pp. 564–569.",
      "citeRegEx" : "28",
      "shortCiteRegEx" : null,
      "year" : 2001
    }, {
      "title" : "Dynamic analysis of malicious code",
      "author" : [ "U. Bayer", "A. Moser", "C. Kruegel", "E. Kirda" ],
      "venue" : "J. Comput. Virol., vol. 2, pp. 67–77, May 2006.",
      "citeRegEx" : "29",
      "shortCiteRegEx" : null,
      "year" : 2006
    }, {
      "title" : "Virus detection using data mining techniques",
      "author" : [ "J. Wang", "P. Deng", "Y. Fan", "L. Jaw", "Y. Liu" ],
      "venue" : "Proc. IEEE Int. Conf. Data Mining, 2003, pp. 71–76.",
      "citeRegEx" : "30",
      "shortCiteRegEx" : null,
      "year" : 2003
    }, {
      "title" : "Harmony: Efficiently mining the best rules for classification",
      "author" : [ "J. Wang", "G. Karypis" ],
      "venue" : "Proc. SDM-2005, pp. 205–106.",
      "citeRegEx" : "31",
      "shortCiteRegEx" : null,
      "year" : 2005
    }, {
      "title" : "Growing decision tree on support-less association rules",
      "author" : [ "K. Wang", "S. Zhou", "Y. He" ],
      "venue" : "Proc. 6th ACM SIGKDD Int. Conf. Knowl. Disc. Data Mining, 2000, pp. 265–269.",
      "citeRegEx" : "32",
      "shortCiteRegEx" : null,
      "year" : 2000
    }, {
      "title" : "A novel rule ordering approach in classification association rule mining",
      "author" : [ "Y.J. Wang", "Q. Xin", "F. Coenen" ],
      "venue" : "Proc. 7th IEEE Int. Conf. Data Mining Workshops 2007, pp. 339–348.",
      "citeRegEx" : "33",
      "shortCiteRegEx" : null,
      "year" : 2007
    }, {
      "title" : "Data Mining: Practical machine learning tools and techniques, 2nd ed",
      "author" : [ "I.H. Witten", "E. Frank" ],
      "venue" : null,
      "citeRegEx" : "34",
      "shortCiteRegEx" : "34",
      "year" : 2005
    }, {
      "title" : "IMDS: Intelligent malware detection system",
      "author" : [ "Y. Ye", "D. Wang", "T. Li", "D. Ye" ],
      "venue" : "Proc. ACM Int. Conf. Knowl. Discovery Data Mining 2007, pp. 1043–1047.",
      "citeRegEx" : "35",
      "shortCiteRegEx" : null,
      "year" : 2007
    }, {
      "title" : "An intelligent pe-malware detection system based on association mining",
      "author" : [ "Y. Ye", "D. Wang", "T. Li", "D. Ye", "Q. Jiang" ],
      "venue" : "J. Comput. Virol., vol. 4, pp. 323–334, Jan. 2008.",
      "citeRegEx" : "36",
      "shortCiteRegEx" : null,
      "year" : 2008
    }, {
      "title" : "CPAR: Classification based on predictive association rules",
      "author" : [ "X. Yin", "J. Han" ],
      "venue" : "Proc. 3rd SIAM Int. Conf. Data Mining 2003, pp. 331–335.",
      "citeRegEx" : "37",
      "shortCiteRegEx" : null,
      "year" : 2003
    }, {
      "title" : "Research on post-processing of data mining for electric power dispatching",
      "author" : [ "X. Zou", "Q. Wang", "M. Xiao", "Q. Cai" ],
      "venue" : "Mini-Micro Syst., vol. 24, no. 6, 2003.",
      "citeRegEx" : "38",
      "shortCiteRegEx" : null,
      "year" : 2003
    }, {
      "title" : "LIBLINEAR: A library for large linear classification",
      "author" : [ "R. Fan", "K. Chang", "C. Hsieh", "X. Wang", "C. Lin" ],
      "venue" : "J. Mach. Learning Res., vol. 9, pp. 1775–1778, 2008. Authors’ photographs and biographies not available at the time of publication.",
      "citeRegEx" : "39",
      "shortCiteRegEx" : null,
      "year" : 2008
    } ],
    "referenceMentions" : [ {
      "referenceID" : 28,
      "context" : ", viruses, backdoors, spyware, trojans, and worms) [29].",
      "startOffset" : 51,
      "endOffset" : 55
    }, {
      "referenceID" : 23,
      "context" : "However, this classic signature-based method always fails to detect variants of known malware or previously unknown malware, because the malware writers always adopt techniques like obfuscation to bypass these signatures [24].",
      "startOffset" : 221,
      "endOffset" : 225
    }, {
      "referenceID" : 18,
      "context" : "Unfortunately, the number of file samples that need to be analyzed on a daily basis is constantly increasing [19].",
      "startOffset" : 109,
      "endOffset" : 113
    }, {
      "referenceID" : 8,
      "context" : "So far, several data mining and machine-learning approaches have been used in malware detection [9], [12], [13], [19], [21], [24], [30], [35], [36].",
      "startOffset" : 96,
      "endOffset" : 99
    }, {
      "referenceID" : 11,
      "context" : "So far, several data mining and machine-learning approaches have been used in malware detection [9], [12], [13], [19], [21], [24], [30], [35], [36].",
      "startOffset" : 101,
      "endOffset" : 105
    }, {
      "referenceID" : 12,
      "context" : "So far, several data mining and machine-learning approaches have been used in malware detection [9], [12], [13], [19], [21], [24], [30], [35], [36].",
      "startOffset" : 107,
      "endOffset" : 111
    }, {
      "referenceID" : 18,
      "context" : "So far, several data mining and machine-learning approaches have been used in malware detection [9], [12], [13], [19], [21], [24], [30], [35], [36].",
      "startOffset" : 113,
      "endOffset" : 117
    }, {
      "referenceID" : 20,
      "context" : "So far, several data mining and machine-learning approaches have been used in malware detection [9], [12], [13], [19], [21], [24], [30], [35], [36].",
      "startOffset" : 119,
      "endOffset" : 123
    }, {
      "referenceID" : 23,
      "context" : "So far, several data mining and machine-learning approaches have been used in malware detection [9], [12], [13], [19], [21], [24], [30], [35], [36].",
      "startOffset" : 125,
      "endOffset" : 129
    }, {
      "referenceID" : 29,
      "context" : "So far, several data mining and machine-learning approaches have been used in malware detection [9], [12], [13], [19], [21], [24], [30], [35], [36].",
      "startOffset" : 131,
      "endOffset" : 135
    }, {
      "referenceID" : 34,
      "context" : "So far, several data mining and machine-learning approaches have been used in malware detection [9], [12], [13], [19], [21], [24], [30], [35], [36].",
      "startOffset" : 137,
      "endOffset" : 141
    }, {
      "referenceID" : 35,
      "context" : "So far, several data mining and machine-learning approaches have been used in malware detection [9], [12], [13], [19], [21], [24], [30], [35], [36].",
      "startOffset" : 143,
      "endOffset" : 147
    }, {
      "referenceID" : 34,
      "context" : "In our previous paper [35], [36], since",
      "startOffset" : 22,
      "endOffset" : 26
    }, {
      "referenceID" : 35,
      "context" : "In our previous paper [35], [36], since",
      "startOffset" : 28,
      "endOffset" : 32
    }, {
      "referenceID" : 12,
      "context" : "the previous studies [13], [21], [30] and the results show that our IMDS applying associative classification method outperforms other classification approaches in both detection rate",
      "startOffset" : 21,
      "endOffset" : 25
    }, {
      "referenceID" : 20,
      "context" : "the previous studies [13], [21], [30] and the results show that our IMDS applying associative classification method outperforms other classification approaches in both detection rate",
      "startOffset" : 27,
      "endOffset" : 31
    }, {
      "referenceID" : 29,
      "context" : "the previous studies [13], [21], [30] and the results show that our IMDS applying associative classification method outperforms other classification approaches in both detection rate",
      "startOffset" : 33,
      "endOffset" : 37
    }, {
      "referenceID" : 25,
      "context" : "Recently, many postprocessing techniques [26], including rule pruning, rule ranking, and rule selection have been developed",
      "startOffset" : 41,
      "endOffset" : 45
    }, {
      "referenceID" : 4,
      "context" : "for associative classification to reduce the size of the classifier and make the classification process more effective and accurate [5], [6], [14], [33].",
      "startOffset" : 132,
      "endOffset" : 135
    }, {
      "referenceID" : 5,
      "context" : "for associative classification to reduce the size of the classifier and make the classification process more effective and accurate [5], [6], [14], [33].",
      "startOffset" : 137,
      "endOffset" : 140
    }, {
      "referenceID" : 13,
      "context" : "for associative classification to reduce the size of the classifier and make the classification process more effective and accurate [5], [6], [14], [33].",
      "startOffset" : 142,
      "endOffset" : 146
    }, {
      "referenceID" : 32,
      "context" : "for associative classification to reduce the size of the classifier and make the classification process more effective and accurate [5], [6], [14], [33].",
      "startOffset" : 148,
      "endOffset" : 152
    }, {
      "referenceID" : 8,
      "context" : "tion [9], [13], [21], [24], [30], [35], [36].",
      "startOffset" : 5,
      "endOffset" : 8
    }, {
      "referenceID" : 12,
      "context" : "tion [9], [13], [21], [24], [30], [35], [36].",
      "startOffset" : 10,
      "endOffset" : 14
    }, {
      "referenceID" : 20,
      "context" : "tion [9], [13], [21], [24], [30], [35], [36].",
      "startOffset" : 16,
      "endOffset" : 20
    }, {
      "referenceID" : 23,
      "context" : "tion [9], [13], [21], [24], [30], [35], [36].",
      "startOffset" : 22,
      "endOffset" : 26
    }, {
      "referenceID" : 29,
      "context" : "tion [9], [13], [21], [24], [30], [35], [36].",
      "startOffset" : 28,
      "endOffset" : 32
    }, {
      "referenceID" : 34,
      "context" : "tion [9], [13], [21], [24], [30], [35], [36].",
      "startOffset" : 34,
      "endOffset" : 38
    }, {
      "referenceID" : 35,
      "context" : "tion [9], [13], [21], [24], [30], [35], [36].",
      "startOffset" : 40,
      "endOffset" : 44
    }, {
      "referenceID" : 12,
      "context" : "Naive Bayes method, SVM, and decision tree classifiers are used to detect new malicious executables in previous studies [13], [21], [30].",
      "startOffset" : 120,
      "endOffset" : 124
    }, {
      "referenceID" : 20,
      "context" : "Naive Bayes method, SVM, and decision tree classifiers are used to detect new malicious executables in previous studies [13], [21], [30].",
      "startOffset" : 126,
      "endOffset" : 130
    }, {
      "referenceID" : 29,
      "context" : "Naive Bayes method, SVM, and decision tree classifiers are used to detect new malicious executables in previous studies [13], [21], [30].",
      "startOffset" : 132,
      "endOffset" : 136
    }, {
      "referenceID" : 2,
      "context" : "the significant tools for knowledge discovery and data mining [3], [7], [15], [16], [27], [31], [37].",
      "startOffset" : 62,
      "endOffset" : 65
    }, {
      "referenceID" : 6,
      "context" : "the significant tools for knowledge discovery and data mining [3], [7], [15], [16], [27], [31], [37].",
      "startOffset" : 67,
      "endOffset" : 70
    }, {
      "referenceID" : 14,
      "context" : "the significant tools for knowledge discovery and data mining [3], [7], [15], [16], [27], [31], [37].",
      "startOffset" : 72,
      "endOffset" : 76
    }, {
      "referenceID" : 15,
      "context" : "the significant tools for knowledge discovery and data mining [3], [7], [15], [16], [27], [31], [37].",
      "startOffset" : 78,
      "endOffset" : 82
    }, {
      "referenceID" : 26,
      "context" : "the significant tools for knowledge discovery and data mining [3], [7], [15], [16], [27], [31], [37].",
      "startOffset" : 84,
      "endOffset" : 88
    }, {
      "referenceID" : 30,
      "context" : "the significant tools for knowledge discovery and data mining [3], [7], [15], [16], [27], [31], [37].",
      "startOffset" : 90,
      "endOffset" : 94
    }, {
      "referenceID" : 36,
      "context" : "the significant tools for knowledge discovery and data mining [3], [7], [15], [16], [27], [31], [37].",
      "startOffset" : 96,
      "endOffset" : 100
    }, {
      "referenceID" : 34,
      "context" : "Due to the fact that frequent itemsets (sets of API calls) discovered by association mining can well represent the underlying semantics (profiles) of malware and benign file datasets, associative classification has been successfully used in the IMDS system developed in [35]",
      "startOffset" : 270,
      "endOffset" : 274
    }, {
      "referenceID" : 25,
      "context" : "However, there is often a huge number of rules generated in a classification association rule mining practice [26], [28].",
      "startOffset" : 110,
      "endOffset" : 114
    }, {
      "referenceID" : 27,
      "context" : "However, there is often a huge number of rules generated in a classification association rule mining practice [26], [28].",
      "startOffset" : 116,
      "endOffset" : 120
    }, {
      "referenceID" : 4,
      "context" : "Recently, many postprocessing techniques, including rule pruning, rule ranking, and rule selection have been developed for associative classification to reduce the size of the classifier and make the classification process more effective and accurate [5], [6], [14], [33].",
      "startOffset" : 251,
      "endOffset" : 254
    }, {
      "referenceID" : 5,
      "context" : "Recently, many postprocessing techniques, including rule pruning, rule ranking, and rule selection have been developed for associative classification to reduce the size of the classifier and make the classification process more effective and accurate [5], [6], [14], [33].",
      "startOffset" : 256,
      "endOffset" : 259
    }, {
      "referenceID" : 13,
      "context" : "Recently, many postprocessing techniques, including rule pruning, rule ranking, and rule selection have been developed for associative classification to reduce the size of the classifier and make the classification process more effective and accurate [5], [6], [14], [33].",
      "startOffset" : 261,
      "endOffset" : 265
    }, {
      "referenceID" : 32,
      "context" : "Recently, many postprocessing techniques, including rule pruning, rule ranking, and rule selection have been developed for associative classification to reduce the size of the classifier and make the classification process more effective and accurate [5], [6], [14], [33].",
      "startOffset" : 267,
      "endOffset" : 271
    }, {
      "referenceID" : 5,
      "context" : "There are five popular rule pruning approaches [6], [11],",
      "startOffset" : 47,
      "endOffset" : 50
    }, {
      "referenceID" : 10,
      "context" : "There are five popular rule pruning approaches [6], [11],",
      "startOffset" : 52,
      "endOffset" : 56
    }, {
      "referenceID" : 13,
      "context" : "[14], [18], [20], [23], which mainly focus on preventing these redundant or misleading rules from taking any part in the prediction process of test data objects.",
      "startOffset" : 0,
      "endOffset" : 4
    }, {
      "referenceID" : 17,
      "context" : "[14], [18], [20], [23], which mainly focus on preventing these redundant or misleading rules from taking any part in the prediction process of test data objects.",
      "startOffset" : 6,
      "endOffset" : 10
    }, {
      "referenceID" : 19,
      "context" : "[14], [18], [20], [23], which mainly focus on preventing these redundant or misleading rules from taking any part in the prediction process of test data objects.",
      "startOffset" : 12,
      "endOffset" : 16
    }, {
      "referenceID" : 22,
      "context" : "[14], [18], [20], [23], which mainly focus on preventing these redundant or misleading rules from taking any part in the prediction process of test data objects.",
      "startOffset" : 18,
      "endOffset" : 22
    }, {
      "referenceID" : 21,
      "context" : "a) χ2 (chi-square) test [22]: The test is always carried out on each generated rule to find out whether the rule’s antecedent is positively correlated with the rule’s consequent.",
      "startOffset" : 24,
      "endOffset" : 28
    }, {
      "referenceID" : 14,
      "context" : "It is adopted by classification based on multiple association rules (CMAR) [15] algorithm in its rule discovery step.",
      "startOffset" : 75,
      "endOffset" : 79
    }, {
      "referenceID" : 0,
      "context" : "Several algorithms, such as CMAR [1], [2], and [15], adopt this approach for rule pruning.",
      "startOffset" : 33,
      "endOffset" : 36
    }, {
      "referenceID" : 1,
      "context" : "Several algorithms, such as CMAR [1], [2], and [15], adopt this approach for rule pruning.",
      "startOffset" : 38,
      "endOffset" : 41
    }, {
      "referenceID" : 14,
      "context" : "Several algorithms, such as CMAR [1], [2], and [15], adopt this approach for rule pruning.",
      "startOffset" : 47,
      "endOffset" : 51
    }, {
      "referenceID" : 15,
      "context" : "This method is created by the classification based on associations (CBA) [16], and used by CMAR [15], and mul-",
      "startOffset" : 73,
      "endOffset" : 77
    }, {
      "referenceID" : 14,
      "context" : "This method is created by the classification based on associations (CBA) [16], and used by CMAR [15], and mul-",
      "startOffset" : 96,
      "endOffset" : 100
    }, {
      "referenceID" : 24,
      "context" : "ticlass classification based on association rule (MCAR) [25].",
      "startOffset" : 56,
      "endOffset" : 60
    }, {
      "referenceID" : 15,
      "context" : "CBA [16] and [32] have used it to effectively reduce the number of the generated rules.",
      "startOffset" : 4,
      "endOffset" : 8
    }, {
      "referenceID" : 31,
      "context" : "CBA [16] and [32] have used it to effectively reduce the number of the generated rules.",
      "startOffset" : 13,
      "endOffset" : 17
    }, {
      "referenceID" : 4,
      "context" : "It has been used in [5] for rule pruning.",
      "startOffset" : 20,
      "endOffset" : 23
    }, {
      "referenceID" : 3,
      "context" : "2) Rule Ranking: Rule ranking plays an important role in the classification process, since most of the associative classification algorithms, such as CBA, CMAR [4], [5], multiclass, multilabel associative classification (MMAC) [27], and MCAR, utilize rule ranking procedures as the basis for selecting the classifier.",
      "startOffset" : 160,
      "endOffset" : 163
    }, {
      "referenceID" : 4,
      "context" : "2) Rule Ranking: Rule ranking plays an important role in the classification process, since most of the associative classification algorithms, such as CBA, CMAR [4], [5], multiclass, multilabel associative classification (MMAC) [27], and MCAR, utilize rule ranking procedures as the basis for selecting the classifier.",
      "startOffset" : 165,
      "endOffset" : 168
    }, {
      "referenceID" : 26,
      "context" : "2) Rule Ranking: Rule ranking plays an important role in the classification process, since most of the associative classification algorithms, such as CBA, CMAR [4], [5], multiclass, multilabel associative classification (MMAC) [27], and MCAR, utilize rule ranking procedures as the basis for selecting the classifier.",
      "startOffset" : 227,
      "endOffset" : 231
    }, {
      "referenceID" : 32,
      "context" : "For rule ranking, there are five popular ranking mechanisms [33]: a) confidence support size of antecedent (CSA); b) size of antecedent confidence support (ACS); c) weighted relative accuracy (WRA); d) Laplace accuracy; and e) χ2 (chi-square) measure.",
      "startOffset" : 60,
      "endOffset" : 64
    }, {
      "referenceID" : 32,
      "context" : "There are three common rule selection approaches [33]: a) Best first rule: This approach selects the first best rule that satisfies the given data object according to the rule",
      "startOffset" : 49,
      "endOffset" : 53
    }, {
      "referenceID" : 34,
      "context" : "It can be effectively used in malware detection [35], [36], since frequent itemsets are typically of statistical significance and classifiers based on frequent pattern analysis are",
      "startOffset" : 48,
      "endOffset" : 52
    }, {
      "referenceID" : 35,
      "context" : "It can be effectively used in malware detection [35], [36], since frequent itemsets are typically of statistical significance and classifiers based on frequent pattern analysis are",
      "startOffset" : 54,
      "endOffset" : 58
    }, {
      "referenceID" : 7,
      "context" : "generally effective to test datasets [8].",
      "startOffset" : 37,
      "endOffset" : 40
    }, {
      "referenceID" : 34,
      "context" : "Based on the system architecture of our previous malware detection system IMDS [35], we extract the API calls as the features of the file samples and store them in the signature database.",
      "startOffset" : 79,
      "endOffset" : 83
    }, {
      "referenceID" : 14,
      "context" : "Apriori and FP-Growth algorithms can be extended to associative classification [15], [16].",
      "startOffset" : 79,
      "endOffset" : 83
    }, {
      "referenceID" : 15,
      "context" : "Apriori and FP-Growth algorithms can be extended to associative classification [15], [16].",
      "startOffset" : 85,
      "endOffset" : 89
    }, {
      "referenceID" : 34,
      "context" : "For rule generation, we use the OOA_Fast_FP-Growth algorithm proposed in [35] to derive the complete set of the rules with certain support and confidence thresholds, since it is much faster than Apriori for mining frequent itemsets.",
      "startOffset" : 73,
      "endOffset" : 77
    }, {
      "referenceID" : 2,
      "context" : "In fact, many classification methods (such as associative classifiers) have been developed to construct classifiers based on association rules [3], [7], [15], [16], [27], [31], [37].",
      "startOffset" : 143,
      "endOffset" : 146
    }, {
      "referenceID" : 6,
      "context" : "In fact, many classification methods (such as associative classifiers) have been developed to construct classifiers based on association rules [3], [7], [15], [16], [27], [31], [37].",
      "startOffset" : 148,
      "endOffset" : 151
    }, {
      "referenceID" : 14,
      "context" : "In fact, many classification methods (such as associative classifiers) have been developed to construct classifiers based on association rules [3], [7], [15], [16], [27], [31], [37].",
      "startOffset" : 153,
      "endOffset" : 157
    }, {
      "referenceID" : 15,
      "context" : "In fact, many classification methods (such as associative classifiers) have been developed to construct classifiers based on association rules [3], [7], [15], [16], [27], [31], [37].",
      "startOffset" : 159,
      "endOffset" : 163
    }, {
      "referenceID" : 26,
      "context" : "In fact, many classification methods (such as associative classifiers) have been developed to construct classifiers based on association rules [3], [7], [15], [16], [27], [31], [37].",
      "startOffset" : 165,
      "endOffset" : 169
    }, {
      "referenceID" : 30,
      "context" : "In fact, many classification methods (such as associative classifiers) have been developed to construct classifiers based on association rules [3], [7], [15], [16], [27], [31], [37].",
      "startOffset" : 171,
      "endOffset" : 175
    }, {
      "referenceID" : 36,
      "context" : "In fact, many classification methods (such as associative classifiers) have been developed to construct classifiers based on association rules [3], [7], [15], [16], [27], [31], [37].",
      "startOffset" : 177,
      "endOffset" : 181
    }, {
      "referenceID" : 15,
      "context" : "In our paper, based on the complete set of the rules generated by the malware detection rule generator, IMDS applied the technique of CBACB [16] to build a classifier as the malware detection module to predict new file samples [35].",
      "startOffset" : 140,
      "endOffset" : 144
    }, {
      "referenceID" : 34,
      "context" : "In our paper, based on the complete set of the rules generated by the malware detection rule generator, IMDS applied the technique of CBACB [16] to build a classifier as the malware detection module to predict new file samples [35].",
      "startOffset" : 227,
      "endOffset" : 231
    }, {
      "referenceID" : 16,
      "context" : "” Since many generated rules are redundant or minor variations of others and their existence may simply be due to chance rather than true correlation [17], [38], these insignificant rules should be removed.",
      "startOffset" : 150,
      "endOffset" : 154
    }, {
      "referenceID" : 37,
      "context" : "” Since many generated rules are redundant or minor variations of others and their existence may simply be due to chance rather than true correlation [17], [38], these insignificant rules should be removed.",
      "startOffset" : 156,
      "endOffset" : 160
    }, {
      "referenceID" : 21,
      "context" : "We use χ2 measure [22], which is based on the comparison of observed frequencies with the corresponding expected frequencies, to test whether the rule is significant w.",
      "startOffset" : 18,
      "endOffset" : 22
    }, {
      "referenceID" : 37,
      "context" : "have the same class label, then we call R1 the ancestor of R2 (or R2 the descendant of R1) [38].",
      "startOffset" : 91,
      "endOffset" : 95
    }, {
      "referenceID" : 21,
      "context" : "95% significance level [22]), if the χ2 measure is above the",
      "startOffset" : 23,
      "endOffset" : 27
    }, {
      "referenceID" : 25,
      "context" : "The reasons are 1) our proposed insignificant rule pruning approach actually includes redundant rule pruning; and 2) the lazy pruning method may lead to very large classifier [26], which would not fit for the malware detection system since it is time sensitive.",
      "startOffset" : 175,
      "endOffset" : 179
    }, {
      "referenceID" : 32,
      "context" : "Within the associative classification framework, regardless of which particular methodology is used to generate the rules, a classifier is usually represented as an order list of the generated rules based on some rule ranking mechanisms [33].",
      "startOffset" : 237,
      "endOffset" : 241
    }, {
      "referenceID" : 3,
      "context" : "Many associative classification algorithms [4], [5], [15], [16], [25], [27] utilize rule ranking procedures as the basis for selecting the classifier during pruning and later for predicting new data objects.",
      "startOffset" : 43,
      "endOffset" : 46
    }, {
      "referenceID" : 4,
      "context" : "Many associative classification algorithms [4], [5], [15], [16], [25], [27] utilize rule ranking procedures as the basis for selecting the classifier during pruning and later for predicting new data objects.",
      "startOffset" : 48,
      "endOffset" : 51
    }, {
      "referenceID" : 14,
      "context" : "Many associative classification algorithms [4], [5], [15], [16], [25], [27] utilize rule ranking procedures as the basis for selecting the classifier during pruning and later for predicting new data objects.",
      "startOffset" : 53,
      "endOffset" : 57
    }, {
      "referenceID" : 15,
      "context" : "Many associative classification algorithms [4], [5], [15], [16], [25], [27] utilize rule ranking procedures as the basis for selecting the classifier during pruning and later for predicting new data objects.",
      "startOffset" : 59,
      "endOffset" : 63
    }, {
      "referenceID" : 24,
      "context" : "Many associative classification algorithms [4], [5], [15], [16], [25], [27] utilize rule ranking procedures as the basis for selecting the classifier during pruning and later for predicting new data objects.",
      "startOffset" : 65,
      "endOffset" : 69
    }, {
      "referenceID" : 26,
      "context" : "Many associative classification algorithms [4], [5], [15], [16], [25], [27] utilize rule ranking procedures as the basis for selecting the classifier during pruning and later for predicting new data objects.",
      "startOffset" : 71,
      "endOffset" : 75
    }, {
      "referenceID" : 32,
      "context" : "As we discussed in Section II, there are five common ranking mechanisms [33]: CSA, ACS, WRA, Laplace accuracy, and χ2 measure.",
      "startOffset" : 72,
      "endOffset" : 76
    }, {
      "referenceID" : 9,
      "context" : "2) ACS: Ensuring that “specific rules have a higher precedence than more general rules” [10], ACS considers the size",
      "startOffset" : 88,
      "endOffset" : 92
    }, {
      "referenceID" : 32,
      "context" : "of the rule antecedent as the most significant factor (using a descending order) followed by the rule confidence and support values, respectively [33].",
      "startOffset" : 146,
      "endOffset" : 150
    }, {
      "referenceID" : 32,
      "context" : "where c represents the number of predefined classes [33].",
      "startOffset" : 52,
      "endOffset" : 56
    }, {
      "referenceID" : 32,
      "context" : "As stated in Section II, there are three common rule selection approaches [33]: best first rule, all rules, and best k rules.",
      "startOffset" : 74,
      "endOffset" : 78
    }, {
      "referenceID" : 34,
      "context" : "By using the OOA_Fast_FP-Growth algorithm [35], [36], we generate 31",
      "startOffset" : 42,
      "endOffset" : 46
    }, {
      "referenceID" : 35,
      "context" : "By using the OOA_Fast_FP-Growth algorithm [35], [36], we generate 31",
      "startOffset" : 48,
      "endOffset" : 52
    }, {
      "referenceID" : 36,
      "context" : "CMAR, and CPAR [37], when used for malware detection system.",
      "startOffset" : 15,
      "endOffset" : 19
    }, {
      "referenceID" : 38,
      "context" : "this set of experiments, we use the same dataset as described in Section VI-A and compare our CIMDS with Naive Bayes, LIBLINEAR SVM [39] with penalty parameter C set as 1, J4.",
      "startOffset" : 132,
      "endOffset" : 136
    }, {
      "referenceID" : 33,
      "context" : "8 version of Decision tree implemented in WEKA [34] as well as our previous IMDS system.",
      "startOffset" : 47,
      "endOffset" : 51
    } ],
    "year" : 2010,
    "abstractText" : "Malware is software designed to infiltrate or damage a computer system without the owner’s informed consent (e.g., viruses, backdoors, spyware, trojans, and worms). Nowadays, numerous attacks made by the malware pose a major security threat to computer users. Unfortunately, along with the development of the malware writing techniques, the number of file samples that need to be analyzed, named “gray list,” on a daily basis is constantly increasing. In order to help our virus analysts, quickly and efficiently pick out the malicious executables from the “gray list,” an automatic and robust tool to analyze and classify the file samples is needed. In our previous work, we have developed an intelligent malware detection system (IMDS) by adopting associative classification method based on the analysis of application programming interface (API) execution calls. Despite its good performance in malware detection, IMDS still faces the following two challenges: 1) handling the large set of the generated rules to build the classifier; and 2) finding effective rules for classifying new file samples. In this paper, we first systematically evaluate the effects of the postprocessing techniques (e.g., rule pruning, rule ranking, and rule selection) of associative classification in malware detection, and then, propose an effective way, i.e., CIDCPF, to detect the malware from the “gray list.” To the best of our knowledge, this is the first effort on using postprocessing techniques of associative classification in malware detection. CIDCPF adapts the postprocessing techniques as follows: first applying Chi-square testing and Insignificant rule pruning followed by using Database coverage based on the Chi-square measure rule ranking mechanism and Pessimistic error estimation, and finally performing prediction by selecting the best First rule. We have incorporated the CIDCPF method into our existing IMDS system, and we call the new system as CIMDS system. Case studies are performed on the large collection of file samples obtained from the Antivirus Laboratory at Kingsoft Corporation and promising experimental results demonstrate that the efficiency and ability of detecting malware from the “gray list” of our CIMDS system outperform popular antivirus software tools, such as McAfee VirusScan and Norton AntiVirus, as well as previous data-mining-based detection systems, which employed Naive Bayes, support vector machine, and decision tree techniques. In particular, our CIMDS system can greatly reduce the number of generated rules, which makes it easy for our virus analysts to identify the useful ones. Manuscript received November 24, 2008; revised May 6, 2009 and August 11, 2009. First published February 17, 2010; current version published April 14, 2010. The work of Y. Ye and Q. Jiang was supported by the National Science Foundation of China under Grant 10771176 and Guangdong Province Foundation under Grant 2008A090300017. The work of T. Li was supported in part by the U.S. National Science Foundation under Grant IIS-0546280 and in part by multiple IBM Faculty Awards. This paper was recommended by Associate Editor J. Wang. Y. Ye is with the Department of Computer Science, Xiamen University, Xiamen, 361005, China (e-mail: yeyanfang@yahoo.com.cn). T. Li is with the School of Computer Science, Florida International University, Miami, FL 33199, USA (e-mail: taoli@cs.fiu.edu). Q. Jiang and Y. Wang are with the Software School, Xiamen University, Xiamen, 361005, China (e-mail: qjiang@xmu.edu.cn; youyu.wang@gmail.com). Color versions of one or more of the figures in this paper are available online at http://ieeexplore.ieee.org. Digital Object Identifier 10.1109/TSMCC.2009.2037978",
    "creator" : null
  }
}