{
  "name" : "ieee_7413680.pdf",
  "metadata" : {
    "source" : "CRF",
    "title" : "Deep Neural Network Based Malware Detection Using Two Dimensional Binary Program Features",
    "authors" : [ "Joshua Saxe", "Konstantin Berlin" ],
    "emails" : [ "josh.saxe@invincea.com", "kberlin@invincea.com" ],
    "sections" : [ {
      "heading" : "survey",
      "text" : "Our results demonstrate that it is now feasible to quickly train and deploy a low resource, highly accurate machine learning classification model, with false positive rates that approach traditional labor intensive expert rule based malware detection, while also detecting previously unseen malware missed by these traditional approaches. Since machine learning models tend to improve with larger datasizes, we foresee deep neural network classification models gaining in importance as part of a layered network defense strategy in coming years."
    }, {
      "heading" : "1 Introduction",
      "text" : "Malware continues to facilitate cyber attacks, as attackers use malware as a key tool their campaigns. One problem in computer security is therefore to detect malware, so that it can be stopped before it can achieve its objectives, or at least so that it can be expunged once it has been discovered.\nVarious detection approaches have been proposed, including rule or signature based approaches, which require analysts to hand craft rules that reason over relevant data to make detections, and machine learning approaches, which automatically reason about malicious and benign data to fit detection model parameters. A middle path between these\n∗Authors contributed equally to the work.\napproach is the automatic generation of signatures. To date, the computer security industry has favored manual and automatically created rules and signatures over machine learning and statistical methods, because of the low false positive rates achievable by rule and signature-based methods.\nIn recent years, however, a confluence of three developments have increased the possibility for success in machinelearning based approaches, holding the promise that these methods might achieve high detection rates at low false positive rates without the burden of human signature generation required by manual methods.\nThe first of these trends is the rise of commercial threat intelligence feeds that provide large volumes of new malware, meaning that for the first time, timely, labeled malware data are available to the security community. The second trend is that computing power has become cheaper, meaning that researchers can more rapidly iterate on malware detection machine learning models and fit larger and more complex models to data. Third, machine learning as a discipline has evolved, meaning that researchers have more tools to craft detection models that achieve breakthrough performance in terms of both accuracy and scalability.\nIn this paper we introduce an approach that takes advantage of all three of these trends: a deployable deep neural network based malware detector using static features that gives what we believe to be the best reported accuracy results of any previously published detection engine that uses exclusively static features.\nThe structure of the rest of this paper is as follows. In Section 2 we describe our approach, giving a description of our feature extraction methods, our deep neural network, and our Bayesian calibration model. In Section 3 we provide multiple validations of our approach. Section 4 treats related work, surveying relevant malware detection research and comparing our results to other proposed methods. Finally, Section 5 concludes the paper, reiterating our findings and discussing plans for future work."
    }, {
      "heading" : "2 Method",
      "text" : "Our full classification framework, shown in Fig. 1, consists of three main components. The first component extracts four different types of complementary features from the static benign and malicious binaries. The second component is our deep neural network classifier which consists of an input layer, two hidden layers and an output layer. The final component is our score calibrator, which translates the outputs of the neural network to a score that can be realistically interpreted as approximating the probability that the file is actually malware. In the remainder of this section we describe each of these model components in detail."
    }, {
      "heading" : "1. Feature extraction",
      "text" : ""
    }, {
      "heading" : "2. Deep neural network",
      "text" : ""
    }, {
      "heading" : "3. Score calibration model",
      "text" : ""
    }, {
      "heading" : "2.1 Feature Engineering",
      "text" : ""
    }, {
      "heading" : "2.1.1 Byte/Entropy Histogram Features",
      "text" : "The first set of features that we compute for input binaries are the bin values of a two-dimensional byte entropy histogram that models the file’s distribution of bytes.\nTo extract the byte entropy histogram, we slide a 1024 byte window over an input binary, with a step size of 256 bytes. For each window, we compute the base-2 entropy of the window, and each individual byte occurrence in the window (1024 non-unique values) with this computed entropy value, storing the 1024 pairs in a list.\nFinally, we compute a two-dimensional histogram over the pair list, where the histogram entropy axis has sixteen evenly sized bins over the range [0, 8), and the byte axis has sixteen evenly sized bins over the range [0, 255). To obtain a feature vector (rather than the matrix), we concatenate each row vector in this histogram into a single, 256-value vector.\nOur intuition in using these features is to model the contents of input files in a file-format agnostic way. We have found that in practice, the effect of representing byte values in the entropy “context” in which they occur separates byte values that occur in the context of, for example, x86 instruction data from, for example, byte values occurring in compressed data."
    }, {
      "heading" : "2.1.2 PE Import Features",
      "text" : "The second set of features that we compute for input binaries are derived from the input binary’s import address table. We initialize an array of 256 integers to zero; extract the import address table from the binary program; hash each tuple of DLL name and import function into the range [0, 255); and increment the associated counter in our feature array.\nOur intuition is that import table DLLs may help our model to capture the semantics of the external function calls that a given input binary relies upon, thereby detecting either heuristically suspicious files or files with a combination of imports that match a known malware family. By hashing the potentially large number of imported functions into a small array, we ensure that our feature space remains fixedsize, which is important for scalability. In practice we find that even with a 256 valued hash function our neural network learns a meaningful separation between malware and benignware, as shown later in our evaluation."
    }, {
      "heading" : "2.1.3 String 2D histogram features",
      "text" : "The third set of features we extract are derived from the printable sequences of characters we extract from binaries. To extract these features, we first extract all byte strings of length 6 or more that are in the ASCII printable range. We hash the strings with a hash function into the range [0, 16), and take the log base 1.25 of each string’s length, pairing the log length of each string with its hash.\nNext, we compute a 2D, 16 by 16 histogram from these pairs, with the hash of each string on one axis, and the log of its length on the other. For the length axis, we start the histogram bin bounds at length 8 and evenly space the bins between 8 and 200, with the special case that the last bin’s upper bound extends to infinity to capture any strings above length 200. After we have computed this 2D histogram, we concatenate each row vector in this histogram to form a final, 256 length feature vector."
    }, {
      "heading" : "2.1.4 PE Metadata Features",
      "text" : "The final set of features are derived from the numerical fields extracted from target binary’s portable executable (PE) packaging. The portable executable format is the standard format for executables on Windows-family operating systems. To extract these features we extract numerical\n2015 10th International Conference on Malicious and Unwanted Software: “Know Your Enemy” (MALWARE)12\nportable executable fields from the binary using the using “pefile” Python parsing library. Each of these fields has a textual name (e.g., “compile timestamp”), which, similar to the import table, we aggregate into 256-length array.\nOur motivation for extracting these features is to give our model the opportunity to identify both heuristically suspicious aspects of a given binary program’s packaging, and allow it to learn signatures that capture individual malware families."
    }, {
      "heading" : "2.1.5 Aggregation of Feature Types",
      "text" : "To construct our final feature vector, we take the four 256- dimensional feature vectors described above and concatenate them into a single, 1024-dimensional feature vector. We found, throughout the course of our research, that this reduction of data into a priori fixed sized small vector resulted in only a minor degradation in the accuracy of our model, and allowed us to dramatically reduce the memory and CPU time necessary to load and train our model, as compared to the more common approach of assigning each categorical value to its own column in the feature vector."
    }, {
      "heading" : "2.1.6 Labeling",
      "text" : "To train and evaluate our model at low false positive rates, we require accurate labels for our malware and benignware binaries. We accomplish this by running all of our data through VirusTotal, which runs the binaries through approximately 55 malware engines.We then use a voting strategy to decide if each file is either malware or benignware.\nSimilar to [9], we label any file against which 30% or more of the anti-virus engines alarm as malware, and any file that no anti-virus engine alarms on as benignware. For the purposes of both training and accuracy evaluation we discard any files that more than 0% and less than 30% of VirusTotal’s anti-virus engines declare it malware, given the uncertainty surrounding the nature of these files. Note that we do not filter our binary files based on any actual content, as this could bias our results."
    }, {
      "heading" : "2.2 Neural Network",
      "text" : "For classification, we use a deep feedforward neural network consisting of four layers, where the first three 1024 node layers consist of a dropout [32], followed by a dense layer with either, a parametric rectified linear unit (PReLU) activation function [19] in the first two layers, or the sigmoid function, in the last hidden layer (the fourth layer being the prediction). We elaborate on the reasoning behind these choices below."
    }, {
      "heading" : "2.2.1 Design",
      "text" : "First, our choice of using deep neural network, rather than a shallow but wide neural network, is based on the developed understanding that deep architectures can be more efficient (in terms of number of fitting parameters) than shallow network [8]. This is important in our case, since the number of binary samples in our dataset is still relatively small, as compared to all the possible binaries that can be observed on a large enterprise network, and so our sampling of the feature space is limited. Our goal was to increase expressiveness of the network, while maintaining a tractable size network that can be quickly trained on a single Amazon EC2 node. Given our four layer neural network design, the remaining design choices are meant to address overfitting and improve efficacy of the backpropagation algorithm."
    }, {
      "heading" : "2.2.2 Preventing Overfitting",
      "text" : "Dropout has been demonstrated to be a very simple and efficient approach for preventing overfitting in deep neural network. Unlike standard weight regularizers, such as based on the `1 or `2 norms, that push the weights toward some expected prior distribution [16], dropout seeks weights at each node that are complementary to weights in other nodes. The dropout solution is potentially more resilient to imperfect or dirty data (which is common when extracting features from similar malware that was compiled or packed using different software), since it discourages co-adaptation by creating multiple paths to correct classification throughout the network. This can be viewed as implicit bagging of several neural network models [32]."
    }, {
      "heading" : "2.2.3 Speeding Up Learning",
      "text" : "Rectified linear units (ReLU) have been shown to significantly speedup network training over traditional sigmoidal activation functions, such as tanh [27], by avoiding significant decay in gradient descent convergence rate after an initial set of iterations. This slowdown is due to saturating nonlinearities in sigmoidal functions at their edges [27, 29, 19]. Using ReLU activation functions can also lead to bad performance when the input values are below 0, and PReLU activator functions are made to dynamically adjust in order to avoid this issue, thus yielding significantly improved convergence rate [19].\nInitialization of weights, before training, can significantly impact the convergence of the backpropagation algorithm [18, 19]. The goal of a good initialization is to avoid multiplicative impact of weight aggregation from multiple layers during backpropagation. In our approach we use the Gaussian distribution that is normalized based on the size of the input and output of the layers, as suggested in [18].\n2015 10th International Conference on Malicious and Unwanted Software: “Know Your Enemy” (MALWARE) 13\nBefore doing this initialization we transform our feature values by applying the base-10 logarithm to each feature value, which we found in practice improved training performance substantially."
    }, {
      "heading" : "2.2.4 Formal Description",
      "text" : "Let l = {0, 1, 2, 3} be a layer in the network, y(l−1) the incoming values into the layer (for l = 1 those are the feature values), y(l) the output values of the layer, W(l) the weights of the layer that linearly transforms n input values into m output values, bl the bias, and F (l) the associated activation vector function. The equation for l = {1, 2, 3} of the network is\nd(l) = y(l−1) · r(l), z(l) = W(l)d(l) + b(l),\ny(l) = F (z(l)),\n(1)\nwhere · is a pointwise (elementwise) vector product, and ri are independent samples from a Bernoulli distribution with parameter h. The r values are resampled for each batch update during training, and h corresponds to the fraction of nodes that are kept during each batch update [32]. Layer l = 0 is the input layer, and l = 4 is the output layer.\nFor layers l = {1, 2}, the activation function is the PReLU function,\nF (z (l) i ) = (y (l) 1 , . . . , y (l) i , . . . , y (l) m ) (2)\nwhere for some additional parameter a(l)i that is also fit during training,\ny (l) i =\n{ a (l) i z (l) i if z (l) i < 0,\nz (l) i else.\n(3)\nFor the final layer l = 3, the activation function is the sigmoid function,\ny∗ = 1\n1 + e−z(3) , (4)\nwhich produces the output of our model. The loss for each n sized batch sample is evaluated as the sum of the cross-entropy between the neural net’s prediction and the true label,\nL(y∗, ŷ) = − n∑\nj=1\n[ ŷj log y ∗ j + (1− ŷj) log(1− y∗j ) ] (5)\nwhere y∗ is the output of our model for all n batch samples, y∗j is the output for sample j, and ŷj ∈ {0, 1} is the true label of the sample j, with 0 representing benignware and 1 malware.\nThe neural network is training using backpropagation and the Adam gradient-based optimizer [26], which we observed to converge significantly faster than the standard stochastic gradient descent."
    }, {
      "heading" : "2.3 Bayesian Calibration",
      "text" : "Beyond simply detecting malware in a binary sense our system also seeks to provide users with accurate probabilities that a given file is malware. We do this through a Bayesian model calibration approach which combines our empirical belief about the ”riskiness” of a given customer network (represented as our belief about the ratio of malware to benignware on the customer’s network) and empirical information about our neural network’s error profile against test data. Here describe our specific approach for adjusting the classifier’s score to reflect the true “threat” score, given this qualitatively assumed ratio of malware to benignware.\nLet 0 ≤ s ≤ 1 be some score given by the classifier, reflecting the degree to which a classifier believes an observed binary is malware, with 0 being completely benign, and 1 being certainly malware. Our goal is to translate this number into a “threat” score, which will give the user a measure of how likely that the observed binary is actually malware. In line with this intuition, we define the threat score as the probability that the file will actually be malware, P(C = m|S = s), given the score s, and category C = {m, b}. We will use capital P for probability, and the little p to represent probability density function (pdf), and, for brevity, drop the equality sign.\nLets assume we have a pdfs for the benign and malware scores for a given classifier, p(s|b) and p(s|m). We will describe in the next section how we derive these pdfs from observed test data. Given a base rate r, the ratio of malware to benignware, we will not derive how to compute the threat score. This will be done in two steps: i) we express our problem in terms of our classifier’s expected pdf for benign and malware predictions, and ii) we demonstrate how to practically compute these pdfs."
    }, {
      "heading" : "2.3.1 Threat Score",
      "text" : "Using Bayes’ rule we have\nP(m|s) = p(s|m) P(m) p(s) . (6)\nRewriting p(s) as the sum of probabilities over the two possible labels, we get\nP(m|s) = p(s|m) P(m) p(s|m) P(m) + p(s|b) P(b) . (7)\nFinally, using the constraint that probabilities add up to 1, gives us the final value of the threat score in terms of pdfs and probability of observing malware (malware base rate) ,\nP(m|s) = p(s|m) P(m) p(s|m) P(m) + p(s|b)(1− P(m)) . (8)\n2015 10th International Conference on Malicious and Unwanted Software: “Know Your Enemy” (MALWARE)14"
    }, {
      "heading" : "2.3.2 Probability Density Function Estimation",
      "text" : "Given the above definition of the threat score, we need to derive the pdfs p(s|m) and p(s|b). There are two approaches that are commonly used: i) the parametric approach, where we assume some distribution for the pdfs, and fit the parameters of that distribution based on the observed samples, and ii) the non-parametric approach, like kernel density estimator (KDE), where we approximation a value of pdf given C by taking a weighted average of the neighborhood.\nSince it is not reasonable to expect the output of our ML classifier to follow some standard distribution, we used KDE with the Epanechnikov kernel [13]. In our testing it had better validation score than the standard Gaussian kernel. Since the pdfs can only take values in [0, 1], we mirrored our samples to the left of 0 and the right of 1, before computing the estimated pdf value at a specific point. The window size was set empirically to 0.01 to better approximate the tail end of distributions, were samples are less dense."
    }, {
      "heading" : "3 Evaluation",
      "text" : "We evaluated our system in two ways. First, we used our in-house database of malicious and benign binaries to conduct a set of cross-validation experiments testing how well our system performs using the individual feature sets described above and the agglomeration of the feature sets described above. Second, we used a live feed of binaries from Invincea customer networks, in conjunction with a live feed of malicious binaries from the Jotti subscription threat intelligence feed, to measure the accuracy of our system in deployment contexts using all feature sets.\nAll our experiments were ran on Amazon EC2 g2.8xlarge instance, which has 60GB of RAM, and four 1,536 CUDA core graphical processing units, of which we only used one. The software uses the Keras v0.1.1 deep learning library to implement the neural network model described above. The feature extraction is mostly written in Cython and Python, heavily relying on SciPy and NumPy libraries, and each sample’s features are extracted by a single thread process. Below we describe each of these evaluations in detail, starting with a description of our evaluation datasets and then moving on to descriptions of our methodology and results."
    }, {
      "heading" : "3.1 Dataset",
      "text" : "Our benign and malware binaries were drawn from Invincea’s own computer systems and Invincea’s customers networks. We used malicious binaries obtained from both the Jotti commercial malware feed and from Invincea’s private malware database. Our final dataset, after VirusTotal\nfiltering, contains 431,926 binaries, with 81,910 labeled as benignware and 350,016 as malware. Fig. 2 shows counts for the top malware families, as identified by the Kaspersky anti-virus engine, in our malware dataset. Fig. 3 gives a histogram over the compile timestamps of both the malicious and benign binaries in our dataset."
    }, {
      "heading" : "3.2 Cross-Validation Experiment",
      "text" : "We conducted five separate 4-fold cross-validation experiments, where for each experiment we randomly split our data into four equally sized partitions. For each of the four partitions, we trained against three partitions and tested against the fourth.\n2015 10th International Conference on Malicious and Unwanted Software: “Know Your Enemy” (MALWARE) 15\nThe first set of cross-validation experiments measured our system’s individual accuracy of each of the four feature types described in Section 2.1. For these experiments we reduced the size of the neural network input layer to 256 and training our network for 200 epochs or until training error falls below 0.02 for each fold. Our fifth experiment was conducted in the same way, but included all of our features and used the 1024 neurons input layer. The results of these validations are shown in Fig. 4 A, B,C, D, and E, and is also summarized in Table 1. These validation results show there is significant variation in how each of our feature sets performs. Using all of the features together produced the best results, with an average of 95.2% of malicious binaries not seen in training detected at a 0.1% false positive rate, with area under the roc (AUC) of 0.99964. Fig. 5 shows that our ROC improves with the number of epochs, and we are not suffering from overfitting. For our full dataset, it takes approximately 15 seconds to train one epoch using a\nsingle GPU, so the full model can be effectively trained in about 40 minutes.\nIn terms of independent feature sets, our PE metadata features perform best, with close to 87% of malware binaries unseen in training detected at a 0.1% false positive\n2015 10th International Conference on Malicious and Unwanted Software: “Know Your Enemy” (MALWARE)16\nrate. Our string features also perform quite well, with 69% of unseen malware detected at a 0.1% false positive rate. While our byte-entropy features and import features don’t perform as well as our PE metadata and string features, we found that they boost accuracy beyond what string and PE metadata features can provide on their own.\nComparing these results to previous work is difficult, since malware binaries used are not provided and the feature extraction and machine learning procedures are not fully specified. In addition, ROC curves are not shown in most publication, so comparing results at low false positive rates is not possible. The closest results we have observed are from neural network approaches that uses dynamically extracted features [11]. There, using a much larger number of benignware, they report 0.83% FPR at 99.65% TPR. This is similar to our result of 99.36% TPR at same FPR rate. The low number of benignware in our current dataset prevents accurate estimate of TPR at 0.01% FPR, and they did not report results at 0.1% FPR. We do not have a good estimate if or by how much our performance would improve on a larger dataset.\nThe advantage of our approach is the use of purely static features, which can be quickly computed for a binary. This potentially makes it practical to deploy our solution on endpoint without also deploying a virtual machine."
    }, {
      "heading" : "3.3 Expected Deployment Performance",
      "text" : "One important question, if our classifier is to be deployed, is how to relate the cross-validated ROC to the expected performance in enterprise setting. To estimate expected performance, we observed the number of previously unseen binaries that were detected for the entire set of cus-\ntomers during a span of a few days. This gave us an expected average of around 5 previously unseen executed binaries per endpoint, per day. For FPR of 0.1%, this would result in about five false positives per day, per 1000 endpoints, assuming our ROC curve is an accurate estimate of actual performance. We have confirmed this result by directly running our sensor on incoming data (endpoint binaries and Jotti stream) over several days, which yielded a similar performance estimate. Interestingly, some of the top false positives were anti-virus installers and dubious tools used by Invincea’s product development team."
    }, {
      "heading" : "3.4 Time Split Experiment",
      "text" : "A shortcoming of the standard cross-validation experiments is that they do not separate our ability to detect slightly modified malware from our ability to detect new malware toolkits and new versions of existing malware toolkits. That is because most unique malware binaries, as defined by cryptographic checksums, are just automatically generated copies of various metamorphic malware designed to help it evade signature-based detection.\nThus, to test our system’s ability to detect genuinely new malware toolkits, or new malware versions, we ran a time split experiment that better estimates our system’s ability to detect new malware toolkits and new versions of existing malware toolkits. We first extracted the compile timestamp field from each binary executable in our dataset. Next we excluded binaries that had compile timestamps after July 31st , 2015 (the date on which the experiment was run) and binaries with compile timestamps before January 1st, 2000, since for those malware samples the authors have blatantly tampered with malware binaries’ compile timestamps or the file is corrupted. Finally, we split our test data into two sets: a set of binaries with compile timestamps before July 31st, 2014, and the set of binaries on or after July 31st, 2014. Then, we trained our neural network (using all of the features described above) on the earlier dataset and tested on the later dataset. While we cannot completely trust that malware authors do not often modify the compile timestamps on their binaries, there is little motivation for doing so, and the distribution of dates matches what we know about our dataset sources, supporting that hypothesis.\nThe results of this experiment, as shown in Fig. 4F, demonstrate that our system performs substantially worse on this test, detecting 67.7% of malware at a 0.1% FPR, and approaching a 100% detection rate at a 1% FPR. The substantial degradation in performance is not surprising given the difficulty of detecting genuinely novel malware programs versus detecting malware samples that are new instances of known malicious platforms and toolkits. This result suggests that the classifier should be updated often using new data in order to main it’s classification accuracy.\n2015 10th International Conference on Malicious and Unwanted Software: “Know Your Enemy” (MALWARE) 17\nThis, however, can be done rapidly and cheaply for a neural network classifier."
    }, {
      "heading" : "4 Related Work",
      "text" : "Malware detection has evolved over the past several years, due to the increasingly growing threat posed by malware to large corporations and governmental agencies. Traditionally, the two major approaches for malware detection can be roughly split based on the approach that is used to analyze the malware, either static and dynamic analysis (see review [12]). In static analysis the malware file, or set of files, are either directly analyzed in binary form, or additionally unpacked and/or decompiled into assembly representation. In dynamic analysis, the binary files are executed, and the actions are recorded through hooking or some access into internals of the virtualization environment.\nIn principle, dynamic detection can provide direct observation of malware action, is less vulnerable to obfuscation [30], and makes it harder to recycle existing malware. However, in practice, automated execution of software is difficult, since malware can detect if it is running in a sandbox, and prevent itself from performing malicious behavior. This resulted in an arms race between dynamic behavior detectors using a sandbox and malware [1, 14]. Further, in a significant number of cases, malware simply does not execute properly, due to missing dependencies or unexpected system configuration. These issues make it difficult to collect a large clean dataset of malware behavior.\nStatic analysis, on the other hand, while vulnerable to obfuscation, does not require elaborate or expensive setup for collection, and very large datasets can be created by simply aggregating the binaries files. Accurate labels can be computed for all these files using anti-virus aggregator sites like VirusTotal [3].\nThis makes static analysis very amenable for machine learning approaches, which tends to perform better as data size increases [5]. Machine learning has been applied to malware detection at least since [25], with numerous approaches since (see reviews [12, 17]). Machine learning consists of two parts, the feature engineering, where the author transforms the input binary into a set of features, and a learning algorithm, which builds a classifier using these features.\nNumerous static features have been proposed for extracting features from binaries: printable strings [31], import tables [33], byte n-grams [4], opcodes [33], informational entropy [33]. Assortment of features have also been suggested during the Kaggle Microsoft Malware Classification Challenge [2], such as opcode images, various decompiled assembly features, and aggregate statistics. However, we are not aware of any published methods that break the file into subsamples (e.g., using sliding windows), and creates a\nhistogram of all the file’s subsamples based on two or more properties of the individual subsample.\nPotentially the feature space can become large, in those cases methods like locality-sensitive hashing [21, 6], feature hashing (aka hashing “trick”) [34, 22], or random projections [23, 21, 15, 11] have been used in malware detection.\nThe large number of features, even after dimensionality reduction, can cause scalability issues for some machine learning algorithms. For example, non-linear SVM kernels require O(N2) multiplication during each iteration of the optimizer, where N is the number of samples [16]. kNearest Neighbors (k-NN) requires finding k closest neighbors in a potentially large database of high dimensional data, during prediction, which requires significant computation and storage of all label samples.\nOne popular alternative to the above are ensemble of trees (boosted trees or bagged trees), which can scale fairly efficiently by subsampling the feature space during each iterations [10]. Decision trees can adapt well to various data types, and are resilient to heterogeneous scales of values in feature vectors, so they exhibit good performance even without some type of data standardization. However, standard implementations typically do not allow incremental learning, and fitting the full dataset with large number of features could potentially require expensive hardware.\nRecently, neural networks have emerged as a scalable alternative to the standard machine learning approaches, due to significant advances in training algorithms [35, 28]. Neural networks have been previously used in malware detection [25, 11, 7], though it is not clear how to compare results, since datasets are different, in addition to the various pre-filtering of samples that is done before evaluation."
    }, {
      "heading" : "5 Conclusion",
      "text" : "In this paper we introduced a deep learning based malware detection approach that achieves a detection rate of 95% and a false positive rate of 0.1% over an experimental dataset of over 400,000 software binaries. Additionally, we have shown that our approach requires modest computation to perform feature extraction and that it can achieve good accuracy over our corpus on a single GPU within modest timeframes.\nWhile our approaches achieves high accuracy and low false positive rate on the standard cross-validation, the performance decays significantly in the time split validation, suggesting the we are relying on syntactic, rather than semantic, features for achieving very low false positive rate. This is not surprising, given that we do not attempt to unobfuscate the binaries. An automatic detection and deobfuscation of the binary could potentially improve our results [36].\nOur experiment was performed on a fairly large number\n2015 10th International Conference on Malicious and Unwanted Software: “Know Your Enemy” (MALWARE)18\nof binaries, however the number of benign binaries is still too small to accurate estimate performance at the very end of the false positive scale (< 10−4), which is of interest for very large enterprise networks. It is also unclear if adding more data would improve results, in addition to providing better false positive estimates.\nEstimate the false positive rate also relies on very accurate binary labels (they need to be lower than the false positive rate being estimated). In our approach we took 30% cutoff in the VirusTotal score as threshold. Potentially more complicated techniques that rely on weighted averaging and time from first seen could be used to improve label accuracy [24].\nRegardless of the described limitations, we believe that the layered approach of deep neural networks and our two dimensional histogram features provide an implicit categorization of binary types, allowing us to directly train on all the binaries, without separating them based on internal features, like packer types, and so on.\nNeural networks also have several properties that make them good candidates for malware detection. First, they can allow incremental learning, thus, not only can they be training in batches, but they can re-trained efficiently (even on an hourly or daily basis), as new training data is collected. Second, they allow us to combine labeled and unlabeled data, through pre-training of individual layers [20]. Third, the classifiers are very compact, so prediction can be done very quickly using low amounts of memory."
    }, {
      "heading" : "6 Software and Data",
      "text" : "Any part of the feature extraction code, data matrix, the label vector, and the neural network code, if or when it becomes available, would be released at https: //github.com/konstantinberlin/MalwareDetection-Using-Two-Dimensional-BinaryProgram-Features."
    }, {
      "heading" : "7 Acknowledgement",
      "text" : "We would like to thank Aaron Liu at Invincea Inc. for providing crucial engineering support over the course of this research. We also thank the Invincea Labs data science team, including Alex Long, David Slater, Giacomo Bergamo, James Gentile, Matt Johnson, and Robert Gove, for their feedback as this work progressed.\nReferences\n[1] Anubis. https://anubis.iseclab.org/.\n[2] Kaggle: Microsoft malware classification challenge. https://www.kaggle.com/c/malwareclassification.\n[3] VirusTotal. hhttps://www.virtualbox.org.\n[4] T. Abou-Assaleh, N. Cercone, V. Kešelj, and R. Sweidan. N-gram-based detection of new malicious code. In Computer Software and Applications Conference, 2004. COMPSAC 2004. Proceedings of the 28th Annual International, volume 2, pages 41–42. IEEE, 2004.\n[5] M. Banko and E. Brill. Scaling to very very large corpora for natural language disambiguation. In Proceedings of the 39th Annual Meeting on Association for Computational Linguistics, pages 26–33. Association for Computational Linguistics, 2001.\n[6] U. Bayer, P. M. Comparetti, C. Hlauschek, C. Kruegel, and E. Kirda. Scalable, behavior-based malware clustering. In NDSS, volume 9, pages 8–11, 2009.\n[7] R. Benchea and D. T. Gavriluţ. Combining restricted boltzmann machine and one side perceptron for malware detection. In Graph-Based Representation and Reasoning, pages 93–103. Springer, 2014.\n[8] Y. Bengio, Y. LeCun, et al. Scaling learning algorithms towards ai. Large-scale kernel machines, 34(5), 2007.\n[9] K. Berlin, D. Slater, and J. Saxe. Malicious behavior detection using windows audit logs. In Proceedings of the 2015Workshop on Artificial Intelligent and Security Workshop, page (to appear). ACM, 2015.\n[10] L. Breiman. Random forests. Machine learning, 45(1):5–32, 2001.\n[11] G. E. Dahl, J. W. Stokes, L. Deng, and D. Yu. Largescale malware classification using random projections and neural networks. In Acoustics, Speech and Signal Processing (ICASSP), 2013 IEEE International Conference on, pages 3422–3426. IEEE, 2013.\n[12] M. Egele, T. Scholte, E. Kirda, and C. Kruegel. A survey on automated dynamic malware-analysis techniques and tools. ACM Computing Surveys, 44(2):6, 2012.\n[13] V. A. Epanechnikov. Non-parametric estimation of a multivariate probability density. Theory of Probability & Its Applications, 14(1):153–158, 1969.\n[14] D. Fleck, A. Tokhtabayev, A. Alarif, A. Stavrou, and T. Nykodym. Pytrigger: A system to trigger & extract user-activated malware behavior. In Proceedings\n2015 10th International Conference on Malicious and Unwanted Software: “Know Your Enemy” (MALWARE) 19\nof the 2013 International Conference on Availability, Reliability and Security, pages 92–101. IEEE, 2013.\n[15] D. Fradkin and D. Madigan. Experiments with random projections for machine learning. In Proceedings of the Ninth ACM SIGKDD International Conference on Knowledge Discovery and Data Mining, pages 517–522, 2003.\n[16] J. Friedman, T. Hastie, and R. Tibshirani. The elements of statistical learning, volume 1. Springer series in statistics Springer, Berlin, 2001.\n[17] E. Gandotra, D. Bansal, and S. Sofat. Malware analysis and classification: A survey. Journal of Information Security, 5(02):56, 2014.\n[18] X. Glorot and Y. Bengio. Understanding the difficulty of training deep feedforward neural networks. In International conference on artificial intelligence and statistics, pages 249–256, 2010.\n[19] K. He, X. Zhang, S. Ren, and J. Sun. Delving deep into rectifiers: Surpassing human-level performance on imagenet classification. arXiv preprint arXiv:1502.01852, 2015.\n[20] G. E. Hinton, S. Osindero, and Y.-W. Teh. A fast learning algorithm for deep belief nets. Neural computation, 18(7):1527–1554, 2006.\n[21] P. Indyk and R. Motwani. Approximate nearest neighbors: towards removing the curse of dimensionality. In Proceedings of the thirtieth annual ACM symposium on Theory of computing, pages 604–613. ACM, 1998.\n[22] J. Jang, D. Brumley, and S. Venkataraman. Bitshred: feature hashing malware for scalable triage and semantic analysis. In Proceedings of the 18th ACM conference on Computer and communications security, pages 309–320. ACM, 2011.\n[23] W. B. Johnson and J. Lindenstrauss. Extensions of Lipschitz mappings into a Hilbert space. Contemporary mathematics, 26(189-206):1, 1984.\n[24] A. Kantchelian, M. C. Tschantz, S. Afroz, B. Miller, A. Joseph, J. D. Tygar, V. Shankar, and R. Bachwani. Better malware ground truth: Techniques for weighting anti-virus vendor labels. In Proceedings of the 2015Workshop on Artificial Intelligent and Security Workshop, page (to appear). ACM, 2015.\n[25] J. O. Kephart, G. B. Sorkin, W. C. Arnold, D. M. Chess, G. J. Tesauro, S. R. White, and T. Watson. Biologically inspired defenses against computer viruses. In IJCAI (1), pages 985–996, 1995.\n[26] D. Kingma and J. Ba. Adam: A method for stochastic optimization. arXiv preprint arXiv:1412.6980, 2014.\n[27] A. Krizhevsky, I. Sutskever, and G. E. Hinton. Imagenet classification with deep convolutional neural networks. In Advances in neural information processing systems, pages 1097–1105, 2012.\n[28] Y. LeCun, Y. Bengio, and G. Hinton. Deep learning. Nature, 521(7553):436–444, 2015.\n[29] A. L. Maas, A. Y. Hannun, and A. Y. Ng. Rectifier nonlinearities improve neural network acoustic models. In Proc. ICML, volume 30, 2013.\n[30] A. Moser, C. Kruegel, and E. Kirda. Limits of static analysis for malware detection. In Proceedings of the 23rd Computer Security Applications Conference, pages 421–430, 2007.\n[31] M. Schultz, E. Eskin, E. Zadok, and S. Stolfo. Data mining methods for detection of new malicious executables. In Security and Privacy, 2001. S P 2001. Proceedings. 2001 IEEE Symposium on, pages 38–49, 2001.\n[32] N. Srivastava, G. Hinton, A. Krizhevsky, I. Sutskever, and R. Salakhutdinov. Dropout: A simple way to prevent neural networks from overfitting. The Journal of Machine Learning Research, 15(1):1929–1958, 2014.\n[33] M. Weber, M. Schmid, M. Schatz, and D. Geyer. A toolkit for detecting and analyzing malicious software. In Computer Security Applications Conference, 2002. Proceedings. 18th Annual, pages 423– 431. IEEE, 2002.\n[34] K. Weinberger, A. Dasgupta, J. Langford, A. Smola, and J. Attenberg. Feature hashing for large scale multitask learning. In Proceedings of the 26th Annual International Conference on Machine Learning, pages 1113–1120. ACM, 2009.\n[35] S. Woźniak, A.-D. Almási, V. Cristea, Y. Leblebici, and T. Engbersen. Review of advances in neural networks: Neural design technology stack. In Proceedings of ELM-2014 Volume 1, pages 367–376. Springer, 2015.\n[36] B. Yadegari, B. Johannesmeyer, B. Whitely, and S. Debray. A generic approach to automatic deobfuscation of executable code. Technical report, Technical report, Department of Computer Science, The University of Arizona, 2014.\n2015 10th International Conference on Malicious and Unwanted Software: “Know Your Enemy” (MALWARE)20"
    } ],
    "references" : [ {
      "title" : "N-gram-based detection of new malicious code",
      "author" : [ "T. Abou-Assaleh", "N. Cercone", "V. Kešelj", "R. Sweidan" ],
      "venue" : "Computer Software and Applications Conference, 2004. COMPSAC 2004. Proceedings of the 28th Annual International, volume 2, pages 41–42. IEEE",
      "citeRegEx" : "4",
      "shortCiteRegEx" : null,
      "year" : 2004
    }, {
      "title" : "Scaling to very very large corpora for natural language disambiguation",
      "author" : [ "M. Banko", "E. Brill" ],
      "venue" : "Proceedings of the 39th Annual Meeting on Association for Computational Linguistics, pages 26–33. Association for Computational Linguistics",
      "citeRegEx" : "5",
      "shortCiteRegEx" : null,
      "year" : 2001
    }, {
      "title" : "Scalable",
      "author" : [ "U. Bayer", "P.M. Comparetti", "C. Hlauschek", "C. Kruegel", "E. Kirda" ],
      "venue" : "behavior-based malware clustering. In NDSS, volume 9, pages 8–11",
      "citeRegEx" : "6",
      "shortCiteRegEx" : null,
      "year" : 2009
    }, {
      "title" : "Combining restricted boltzmann machine and one side perceptron for malware detection",
      "author" : [ "R. Benchea", "D.T. Gavriluţ" ],
      "venue" : "Graph-Based Representation and Reasoning, pages 93–103. Springer",
      "citeRegEx" : "7",
      "shortCiteRegEx" : null,
      "year" : 2014
    }, {
      "title" : "et al",
      "author" : [ "Y. Bengio", "Y. LeCun" ],
      "venue" : "Scaling learning algorithms towards ai. Large-scale kernel machines, 34(5)",
      "citeRegEx" : "8",
      "shortCiteRegEx" : null,
      "year" : 2007
    }, {
      "title" : "Malicious behavior detection using windows audit logs",
      "author" : [ "K. Berlin", "D. Slater", "J. Saxe" ],
      "venue" : "Proceedings of the 2015Workshop on Artificial Intelligent and Security Workshop, page (to appear). ACM",
      "citeRegEx" : "9",
      "shortCiteRegEx" : null,
      "year" : 2015
    }, {
      "title" : "Random forests",
      "author" : [ "L. Breiman" ],
      "venue" : "Machine learning, 45(1):5–32",
      "citeRegEx" : "10",
      "shortCiteRegEx" : null,
      "year" : 2001
    }, {
      "title" : "Largescale malware classification using random projections and neural networks",
      "author" : [ "G.E. Dahl", "J.W. Stokes", "L. Deng", "D. Yu" ],
      "venue" : "Acoustics, Speech and Signal Processing (ICASSP), 2013 IEEE International Conference on, pages 3422–3426. IEEE",
      "citeRegEx" : "11",
      "shortCiteRegEx" : null,
      "year" : 2013
    }, {
      "title" : "A survey on automated dynamic malware-analysis techniques and tools",
      "author" : [ "M. Egele", "T. Scholte", "E. Kirda", "C. Kruegel" ],
      "venue" : "ACM Computing Surveys, 44(2):6",
      "citeRegEx" : "12",
      "shortCiteRegEx" : null,
      "year" : 2012
    }, {
      "title" : "Non-parametric estimation of a multivariate probability density",
      "author" : [ "V.A. Epanechnikov" ],
      "venue" : "Theory of Probability & Its Applications, 14(1):153–158",
      "citeRegEx" : "13",
      "shortCiteRegEx" : null,
      "year" : 1969
    }, {
      "title" : "Pytrigger: A system to trigger & extract user-activated malware behavior",
      "author" : [ "D. Fleck", "A. Tokhtabayev", "A. Alarif", "A. Stavrou", "T. Nykodym" ],
      "venue" : "Proceedings 2015 10th International Conference on Malicious and Unwanted Software: “Know Your Enemy” (MALWARE) 19 of the 2013 International Conference on Availability, Reliability and Security, pages 92–101. IEEE",
      "citeRegEx" : "14",
      "shortCiteRegEx" : null,
      "year" : 2013
    }, {
      "title" : "Experiments with random projections for machine learning",
      "author" : [ "D. Fradkin", "D. Madigan" ],
      "venue" : "Proceedings of the Ninth ACM SIGKDD International Conference on Knowledge Discovery and Data Mining, pages 517–522",
      "citeRegEx" : "15",
      "shortCiteRegEx" : null,
      "year" : 2003
    }, {
      "title" : "The elements of statistical learning",
      "author" : [ "J. Friedman", "T. Hastie", "R. Tibshirani" ],
      "venue" : "volume 1. Springer series in statistics Springer, Berlin",
      "citeRegEx" : "16",
      "shortCiteRegEx" : null,
      "year" : 2001
    }, {
      "title" : "Malware analysis and classification: A survey",
      "author" : [ "E. Gandotra", "D. Bansal", "S. Sofat" ],
      "venue" : "Journal of Information Security, 5(02):56",
      "citeRegEx" : "17",
      "shortCiteRegEx" : null,
      "year" : 2014
    }, {
      "title" : "Understanding the difficulty of training deep feedforward neural networks",
      "author" : [ "X. Glorot", "Y. Bengio" ],
      "venue" : "International conference on artificial intelligence and statistics, pages 249–256",
      "citeRegEx" : "18",
      "shortCiteRegEx" : null,
      "year" : 2010
    }, {
      "title" : "Delving deep into rectifiers: Surpassing human-level performance on imagenet classification",
      "author" : [ "K. He", "X. Zhang", "S. Ren", "J. Sun" ],
      "venue" : "arXiv preprint arXiv:1502.01852",
      "citeRegEx" : "19",
      "shortCiteRegEx" : null,
      "year" : 2015
    }, {
      "title" : "A fast learning algorithm for deep belief nets",
      "author" : [ "G.E. Hinton", "S. Osindero", "Y.-W. Teh" ],
      "venue" : "Neural computation, 18(7):1527–1554",
      "citeRegEx" : "20",
      "shortCiteRegEx" : null,
      "year" : 2006
    }, {
      "title" : "Approximate nearest neighbors: towards removing the curse of dimensionality",
      "author" : [ "P. Indyk", "R. Motwani" ],
      "venue" : "Proceedings of the thirtieth annual ACM symposium on Theory of computing, pages 604–613. ACM",
      "citeRegEx" : "21",
      "shortCiteRegEx" : null,
      "year" : 1998
    }, {
      "title" : "Bitshred: feature hashing malware for scalable triage and semantic analysis",
      "author" : [ "J. Jang", "D. Brumley", "S. Venkataraman" ],
      "venue" : "Proceedings of the 18th ACM conference on Computer and communications security, pages 309–320. ACM",
      "citeRegEx" : "22",
      "shortCiteRegEx" : null,
      "year" : 2011
    }, {
      "title" : "Extensions of Lipschitz mappings into a Hilbert space",
      "author" : [ "W.B. Johnson", "J. Lindenstrauss" ],
      "venue" : "Contemporary mathematics, 26(189-206):1",
      "citeRegEx" : "23",
      "shortCiteRegEx" : null,
      "year" : 1984
    }, {
      "title" : "Better malware ground truth: Techniques for weighting anti-virus vendor labels",
      "author" : [ "A. Kantchelian", "M.C. Tschantz", "S. Afroz", "B. Miller", "A. Joseph", "J.D. Tygar", "V. Shankar", "R. Bachwani" ],
      "venue" : "Proceedings of the 2015Workshop on Artificial Intelligent and Security Workshop, page (to appear). ACM",
      "citeRegEx" : "24",
      "shortCiteRegEx" : null,
      "year" : 2015
    }, {
      "title" : "Biologically inspired defenses against computer viruses",
      "author" : [ "J.O. Kephart", "G.B. Sorkin", "W.C. Arnold", "D.M. Chess", "G.J. Tesauro", "S.R. White", "T. Watson" ],
      "venue" : "IJCAI (1), pages 985–996",
      "citeRegEx" : "25",
      "shortCiteRegEx" : null,
      "year" : 1995
    }, {
      "title" : "Adam: A method for stochastic optimization",
      "author" : [ "D. Kingma", "J. Ba" ],
      "venue" : "arXiv preprint arXiv:1412.6980",
      "citeRegEx" : "26",
      "shortCiteRegEx" : null,
      "year" : 2014
    }, {
      "title" : "Imagenet classification with deep convolutional neural networks",
      "author" : [ "A. Krizhevsky", "I. Sutskever", "G.E. Hinton" ],
      "venue" : "Advances in neural information processing systems, pages 1097–1105",
      "citeRegEx" : "27",
      "shortCiteRegEx" : null,
      "year" : 2012
    }, {
      "title" : "Deep learning",
      "author" : [ "Y. LeCun", "Y. Bengio", "G. Hinton" ],
      "venue" : "Nature, 521(7553):436–444",
      "citeRegEx" : "28",
      "shortCiteRegEx" : null,
      "year" : 2015
    }, {
      "title" : "Rectifier nonlinearities improve neural network acoustic models",
      "author" : [ "A.L. Maas", "A.Y. Hannun", "A.Y. Ng" ],
      "venue" : "Proc. ICML, volume 30",
      "citeRegEx" : "29",
      "shortCiteRegEx" : null,
      "year" : 2013
    }, {
      "title" : "Limits of static analysis for malware detection",
      "author" : [ "A. Moser", "C. Kruegel", "E. Kirda" ],
      "venue" : "Proceedings of the 23rd Computer Security Applications Conference, pages 421–430",
      "citeRegEx" : "30",
      "shortCiteRegEx" : null,
      "year" : 2007
    }, {
      "title" : "Data mining methods for detection of new malicious executables",
      "author" : [ "M. Schultz", "E. Eskin", "E. Zadok", "S. Stolfo" ],
      "venue" : "Security and Privacy, 2001. S P 2001. Proceedings. 2001 IEEE Symposium on, pages 38–49",
      "citeRegEx" : "31",
      "shortCiteRegEx" : null,
      "year" : 2001
    }, {
      "title" : "Dropout: A simple way to prevent neural networks from overfitting",
      "author" : [ "N. Srivastava", "G. Hinton", "A. Krizhevsky", "I. Sutskever", "R. Salakhutdinov" ],
      "venue" : "The Journal of Machine Learning Research, 15(1):1929–1958",
      "citeRegEx" : "32",
      "shortCiteRegEx" : null,
      "year" : 2014
    }, {
      "title" : "A toolkit for detecting and analyzing malicious software",
      "author" : [ "M. Weber", "M. Schmid", "M. Schatz", "D. Geyer" ],
      "venue" : "Computer Security Applications Conference, 2002. Proceedings. 18th Annual, pages 423– 431. IEEE",
      "citeRegEx" : "33",
      "shortCiteRegEx" : null,
      "year" : 2002
    }, {
      "title" : "Feature hashing for large scale multitask learning",
      "author" : [ "K. Weinberger", "A. Dasgupta", "J. Langford", "A. Smola", "J. Attenberg" ],
      "venue" : "Proceedings of the 26th Annual International Conference on Machine Learning, pages 1113–1120. ACM",
      "citeRegEx" : "34",
      "shortCiteRegEx" : null,
      "year" : 2009
    }, {
      "title" : "Review of advances in neural networks: Neural design technology stack",
      "author" : [ "S. Woźniak", "A.-D. Almási", "V. Cristea", "Y. Leblebici", "T. Engbersen" ],
      "venue" : "Proceedings of ELM-2014 Volume 1, pages 367–376. Springer",
      "citeRegEx" : "35",
      "shortCiteRegEx" : null,
      "year" : 2015
    }, {
      "title" : "A generic approach to automatic deobfuscation of executable code",
      "author" : [ "B. Yadegari", "B. Johannesmeyer", "B. Whitely", "S. Debray" ],
      "venue" : "Technical report, Technical report, Department of Computer Science, The University of Arizona",
      "citeRegEx" : "36",
      "shortCiteRegEx" : null,
      "year" : 2014
    } ],
    "referenceMentions" : [ {
      "referenceID" : 5,
      "context" : "Similar to [9], we label any file against which 30% or more of the anti-virus engines alarm as malware, and any file that no anti-virus engine alarms on as benignware.",
      "startOffset" : 11,
      "endOffset" : 14
    }, {
      "referenceID" : 28,
      "context" : "For classification, we use a deep feedforward neural network consisting of four layers, where the first three 1024 node layers consist of a dropout [32], followed by a dense layer with either, a parametric rectified linear unit (PReLU) activation function [19] in the first two layers, or the sigmoid function, in the last hidden layer (the fourth layer being the prediction).",
      "startOffset" : 148,
      "endOffset" : 152
    }, {
      "referenceID" : 15,
      "context" : "For classification, we use a deep feedforward neural network consisting of four layers, where the first three 1024 node layers consist of a dropout [32], followed by a dense layer with either, a parametric rectified linear unit (PReLU) activation function [19] in the first two layers, or the sigmoid function, in the last hidden layer (the fourth layer being the prediction).",
      "startOffset" : 256,
      "endOffset" : 260
    }, {
      "referenceID" : 4,
      "context" : "First, our choice of using deep neural network, rather than a shallow but wide neural network, is based on the developed understanding that deep architectures can be more efficient (in terms of number of fitting parameters) than shallow network [8].",
      "startOffset" : 245,
      "endOffset" : 248
    }, {
      "referenceID" : 12,
      "context" : "Unlike standard weight regularizers, such as based on the `1 or `2 norms, that push the weights toward some expected prior distribution [16], dropout seeks weights at each node that are complementary to weights in other nodes.",
      "startOffset" : 136,
      "endOffset" : 140
    }, {
      "referenceID" : 28,
      "context" : "This can be viewed as implicit bagging of several neural network models [32].",
      "startOffset" : 72,
      "endOffset" : 76
    }, {
      "referenceID" : 23,
      "context" : "Rectified linear units (ReLU) have been shown to significantly speedup network training over traditional sigmoidal activation functions, such as tanh [27], by avoiding significant decay in gradient descent convergence rate after an initial set of iterations.",
      "startOffset" : 150,
      "endOffset" : 154
    }, {
      "referenceID" : 23,
      "context" : "This slowdown is due to saturating nonlinearities in sigmoidal functions at their edges [27, 29, 19].",
      "startOffset" : 88,
      "endOffset" : 100
    }, {
      "referenceID" : 25,
      "context" : "This slowdown is due to saturating nonlinearities in sigmoidal functions at their edges [27, 29, 19].",
      "startOffset" : 88,
      "endOffset" : 100
    }, {
      "referenceID" : 15,
      "context" : "This slowdown is due to saturating nonlinearities in sigmoidal functions at their edges [27, 29, 19].",
      "startOffset" : 88,
      "endOffset" : 100
    }, {
      "referenceID" : 15,
      "context" : "Using ReLU activation functions can also lead to bad performance when the input values are below 0, and PReLU activator functions are made to dynamically adjust in order to avoid this issue, thus yielding significantly improved convergence rate [19].",
      "startOffset" : 245,
      "endOffset" : 249
    }, {
      "referenceID" : 14,
      "context" : "Initialization of weights, before training, can significantly impact the convergence of the backpropagation algorithm [18, 19].",
      "startOffset" : 118,
      "endOffset" : 126
    }, {
      "referenceID" : 15,
      "context" : "Initialization of weights, before training, can significantly impact the convergence of the backpropagation algorithm [18, 19].",
      "startOffset" : 118,
      "endOffset" : 126
    }, {
      "referenceID" : 14,
      "context" : "In our approach we use the Gaussian distribution that is normalized based on the size of the input and output of the layers, as suggested in [18].",
      "startOffset" : 141,
      "endOffset" : 145
    }, {
      "referenceID" : 28,
      "context" : "The r values are resampled for each batch update during training, and h corresponds to the fraction of nodes that are kept during each batch update [32].",
      "startOffset" : 148,
      "endOffset" : 152
    }, {
      "referenceID" : 22,
      "context" : "The neural network is training using backpropagation and the Adam gradient-based optimizer [26], which we observed to converge significantly faster than the standard stochastic gradient descent.",
      "startOffset" : 91,
      "endOffset" : 95
    }, {
      "referenceID" : 9,
      "context" : "Since it is not reasonable to expect the output of our ML classifier to follow some standard distribution, we used KDE with the Epanechnikov kernel [13].",
      "startOffset" : 148,
      "endOffset" : 152
    }, {
      "referenceID" : 7,
      "context" : "The closest results we have observed are from neural network approaches that uses dynamically extracted features [11].",
      "startOffset" : 113,
      "endOffset" : 117
    }, {
      "referenceID" : 8,
      "context" : "Traditionally, the two major approaches for malware detection can be roughly split based on the approach that is used to analyze the malware, either static and dynamic analysis (see review [12]).",
      "startOffset" : 189,
      "endOffset" : 193
    }, {
      "referenceID" : 26,
      "context" : "In principle, dynamic detection can provide direct observation of malware action, is less vulnerable to obfuscation [30], and makes it harder to recycle existing malware.",
      "startOffset" : 116,
      "endOffset" : 120
    }, {
      "referenceID" : 10,
      "context" : "This resulted in an arms race between dynamic behavior detectors using a sandbox and malware [1, 14].",
      "startOffset" : 93,
      "endOffset" : 100
    }, {
      "referenceID" : 1,
      "context" : "This makes static analysis very amenable for machine learning approaches, which tends to perform better as data size increases [5].",
      "startOffset" : 127,
      "endOffset" : 130
    }, {
      "referenceID" : 21,
      "context" : "Machine learning has been applied to malware detection at least since [25], with numerous approaches since (see reviews [12, 17]).",
      "startOffset" : 70,
      "endOffset" : 74
    }, {
      "referenceID" : 8,
      "context" : "Machine learning has been applied to malware detection at least since [25], with numerous approaches since (see reviews [12, 17]).",
      "startOffset" : 120,
      "endOffset" : 128
    }, {
      "referenceID" : 13,
      "context" : "Machine learning has been applied to malware detection at least since [25], with numerous approaches since (see reviews [12, 17]).",
      "startOffset" : 120,
      "endOffset" : 128
    }, {
      "referenceID" : 27,
      "context" : "Numerous static features have been proposed for extracting features from binaries: printable strings [31], import tables [33], byte n-grams [4], opcodes [33], informational entropy [33].",
      "startOffset" : 101,
      "endOffset" : 105
    }, {
      "referenceID" : 29,
      "context" : "Numerous static features have been proposed for extracting features from binaries: printable strings [31], import tables [33], byte n-grams [4], opcodes [33], informational entropy [33].",
      "startOffset" : 121,
      "endOffset" : 125
    }, {
      "referenceID" : 0,
      "context" : "Numerous static features have been proposed for extracting features from binaries: printable strings [31], import tables [33], byte n-grams [4], opcodes [33], informational entropy [33].",
      "startOffset" : 140,
      "endOffset" : 143
    }, {
      "referenceID" : 29,
      "context" : "Numerous static features have been proposed for extracting features from binaries: printable strings [31], import tables [33], byte n-grams [4], opcodes [33], informational entropy [33].",
      "startOffset" : 153,
      "endOffset" : 157
    }, {
      "referenceID" : 29,
      "context" : "Numerous static features have been proposed for extracting features from binaries: printable strings [31], import tables [33], byte n-grams [4], opcodes [33], informational entropy [33].",
      "startOffset" : 181,
      "endOffset" : 185
    }, {
      "referenceID" : 17,
      "context" : "Potentially the feature space can become large, in those cases methods like locality-sensitive hashing [21, 6], feature hashing (aka hashing “trick”) [34, 22], or random projections [23, 21, 15, 11] have been used in malware detection.",
      "startOffset" : 103,
      "endOffset" : 110
    }, {
      "referenceID" : 2,
      "context" : "Potentially the feature space can become large, in those cases methods like locality-sensitive hashing [21, 6], feature hashing (aka hashing “trick”) [34, 22], or random projections [23, 21, 15, 11] have been used in malware detection.",
      "startOffset" : 103,
      "endOffset" : 110
    }, {
      "referenceID" : 30,
      "context" : "Potentially the feature space can become large, in those cases methods like locality-sensitive hashing [21, 6], feature hashing (aka hashing “trick”) [34, 22], or random projections [23, 21, 15, 11] have been used in malware detection.",
      "startOffset" : 150,
      "endOffset" : 158
    }, {
      "referenceID" : 18,
      "context" : "Potentially the feature space can become large, in those cases methods like locality-sensitive hashing [21, 6], feature hashing (aka hashing “trick”) [34, 22], or random projections [23, 21, 15, 11] have been used in malware detection.",
      "startOffset" : 150,
      "endOffset" : 158
    }, {
      "referenceID" : 19,
      "context" : "Potentially the feature space can become large, in those cases methods like locality-sensitive hashing [21, 6], feature hashing (aka hashing “trick”) [34, 22], or random projections [23, 21, 15, 11] have been used in malware detection.",
      "startOffset" : 182,
      "endOffset" : 198
    }, {
      "referenceID" : 17,
      "context" : "Potentially the feature space can become large, in those cases methods like locality-sensitive hashing [21, 6], feature hashing (aka hashing “trick”) [34, 22], or random projections [23, 21, 15, 11] have been used in malware detection.",
      "startOffset" : 182,
      "endOffset" : 198
    }, {
      "referenceID" : 11,
      "context" : "Potentially the feature space can become large, in those cases methods like locality-sensitive hashing [21, 6], feature hashing (aka hashing “trick”) [34, 22], or random projections [23, 21, 15, 11] have been used in malware detection.",
      "startOffset" : 182,
      "endOffset" : 198
    }, {
      "referenceID" : 7,
      "context" : "Potentially the feature space can become large, in those cases methods like locality-sensitive hashing [21, 6], feature hashing (aka hashing “trick”) [34, 22], or random projections [23, 21, 15, 11] have been used in malware detection.",
      "startOffset" : 182,
      "endOffset" : 198
    }, {
      "referenceID" : 12,
      "context" : "For example, non-linear SVM kernels require O(N(2)) multiplication during each iteration of the optimizer, where N is the number of samples [16].",
      "startOffset" : 140,
      "endOffset" : 144
    }, {
      "referenceID" : 6,
      "context" : "One popular alternative to the above are ensemble of trees (boosted trees or bagged trees), which can scale fairly efficiently by subsampling the feature space during each iterations [10].",
      "startOffset" : 183,
      "endOffset" : 187
    }, {
      "referenceID" : 31,
      "context" : "Recently, neural networks have emerged as a scalable alternative to the standard machine learning approaches, due to significant advances in training algorithms [35, 28].",
      "startOffset" : 161,
      "endOffset" : 169
    }, {
      "referenceID" : 24,
      "context" : "Recently, neural networks have emerged as a scalable alternative to the standard machine learning approaches, due to significant advances in training algorithms [35, 28].",
      "startOffset" : 161,
      "endOffset" : 169
    }, {
      "referenceID" : 21,
      "context" : "Neural networks have been previously used in malware detection [25, 11, 7], though it is not clear how to compare results, since datasets are different, in addition to the various pre-filtering of samples that is done before evaluation.",
      "startOffset" : 63,
      "endOffset" : 74
    }, {
      "referenceID" : 7,
      "context" : "Neural networks have been previously used in malware detection [25, 11, 7], though it is not clear how to compare results, since datasets are different, in addition to the various pre-filtering of samples that is done before evaluation.",
      "startOffset" : 63,
      "endOffset" : 74
    }, {
      "referenceID" : 3,
      "context" : "Neural networks have been previously used in malware detection [25, 11, 7], though it is not clear how to compare results, since datasets are different, in addition to the various pre-filtering of samples that is done before evaluation.",
      "startOffset" : 63,
      "endOffset" : 74
    }, {
      "referenceID" : 32,
      "context" : "An automatic detection and deobfuscation of the binary could potentially improve our results [36].",
      "startOffset" : 93,
      "endOffset" : 97
    }, {
      "referenceID" : 20,
      "context" : "Potentially more complicated techniques that rely on weighted averaging and time from first seen could be used to improve label accuracy [24].",
      "startOffset" : 137,
      "endOffset" : 141
    }, {
      "referenceID" : 16,
      "context" : "Second, they allow us to combine labeled and unlabeled data, through pre-training of individual layers [20].",
      "startOffset" : 103,
      "endOffset" : 107
    } ],
    "year" : 2015,
    "abstractText" : "In this paper we introduce a deep neural network based malware detection system that Invincea has developed, which achieves a usable detection rate at an extremely low false positive rate and scales to real world training example volumes on commodity hardware. We show that our system achieves a 95% detection rate at 0.1% false positive rate (FPR), based on more than 400,000 software binaries sourced directly from our customers and internal malware databases. In addition, we describe a non-parametric method for adjusting the classifier’s scores to better represent expected precision in the deployment environment. Our results demonstrate that it is now feasible to quickly train and deploy a low resource, highly accurate machine learning classification model, with false positive rates that approach traditional labor intensive expert rule based malware detection, while also detecting previously unseen malware missed by these traditional approaches. Since machine learning models tend to improve with larger datasizes, we foresee deep neural network classification models gaining in importance as part of a layered network defense strategy in coming years.",
    "creator" : "LaTeX with hyperref package"
  }
}