{
  "name" : "ieee_6620049.pdf",
  "metadata" : {
    "source" : "CRF",
    "title" : "A Survey on Heuristic Malware Detection Techniques",
    "authors" : [ "Zahra Bazrafshan", "Hashem Hashemi", "Seyed Mehdi Hazrati Fard", "Ali Hamzeh" ],
    "emails" : [ "ali}@cse.shirazu.ac.ir" ],
    "sections" : [ {
      "heading" : "I. INTRODUCTION ",
      "text" : "Malware (short for malicious software), is usually considered as software that aims to disrupt ordinary operations of a computerized system by gathering sensitive information or making unauthorized access to computer systems and mainly harass users [1]. Identifying malwares are critical, due to the fact that nowadays, they are growing increasingly, causing lots of damage to a large surface area.\nMalwares can be divided into several categories, such as viruses, worms, Trojans, spywares and adware’s, Rootkits, etc. [2]. Virus is a malicious code that can copy itself into other programs. In fact it cannot do anything alone and must be executed by the carrier program which has been infected. Viruses are usually run with user involvement.\nWorm is an independent program and do not require any other program for execution. It usually spreads through computer networks and uses system weaknesses for its malicious purposes. It does not require any interference for execution and propagation.\nA Trojan, which sometime called as a Trojan horse, is a malware that appears like a legitimate and useful program, but in fact, can compromise computer security and cause much damage.\nSpyware is a computer program secretly installed on a personal computer and records or controls what users do with the computer without user's permission. Rootkits are programs\nset through the influence of the components of the operating system to allow hackers to do malicious things. Sometimes they also influence the operating system kernel.\nBackdoor is a malware variant which makes the infected computer ready for remote access without user’s permission and does this by opening a backdoor in the victim computer. (i.e. it opens a port)\nIn signature based malware detection method, doubtful files can be analyzed by matching with the list of available signatures, if a match is found in this comparison, the file under the test will be classified as a malicious executable.\nMalware developers apply concealment strategy to avoid detection by signature-based methods. Some malware are changed for each transmission. Some of them encrypt themselves or their malicious activity. Therefor detecting new version of malware, due to the difficulty of extracting their signature that requires time and manpower, made researchers focus on new ways to find more effective and efficient methods. In this work, we investigate the way that malwares conceal themselves and focus on introducing the most effective heuristic methods for malware detection.\nThe rest of the paper is organized as follows: In section II we briefly discuss an overview of malware detection methods, Section III introduces concealment strategies. In section IV, an overview of researches conducted in heuristic malware detection scope are covered. Section V illustrated a comparison table and finally in section VI the summery of the survey is discussed. "
    }, {
      "heading" : "A. Signature-based methods",
      "text" : "Nowadays pattern matching is the most common method in malware detection, and signature based detection is the most popular method in this area [3]. Signature is a unique feature for each file, something like a fingerprint of an executable. Signature based methods use the patterns extracted from various malwares to identify them and are more efficient and faster than any other methods. These signatures are often extracted with special sensitivity for being unique, so those detection methods that use this signature have small error rate. Where this small error rate is the main reason that most common commercial antiviruses use this technique [3].\nThese methods are unable to detect unknown malware variants and also requires high amount of manpower, time, and money to extract unique signatures. These are the main disadvantages of these methods. Also, inability to confront against the malwares that mutate their codes in each infection such as polymorphic and metamorphic one is another disadvantage. To tackle these challenges, research societies propose completely new malware detection family."
    }, {
      "heading" : "B. Behavior-based methods",
      "text" : "Behavior based malware detection techniques observe\nbehavior of a program to conclude whether it is malicious or not [4]. Since behavior based techniques observe what an executable file does, they are not susceptible to the shortcomings of signature-based ones. Simply put, a behavior based detector concludes whether a program is malicious by inspecting what it does rather than what it says. In these methods, programs with the same behavior are collected. Thus, a single behavior signature can identify various samples of malware. These types of detection mechanisms help in detecting malware that keep on generating new mutants since they will always use the system resources and services in the similar manner. A behavior-based detector basically consists of the following components [5]:\n• Data Collector: This component collects dynamic / static information about the executable.\n• Interpreter: This component converts raw information collected by data collection module into intermediate representations.\n• Matcher: It is used to compare this representation with the behavior signatures.\nOne example of a behavior based detection approach is the histogram based malicious code detection technology patented by Symantec [4].\nThe main advantage of the behavior based malware detection techniques is the ability to detect the type of malwares that signature base techniques are unable to detect such as unknown and polymorphic malware variants. On the other hand, non-availability of promising False Positive Ratio (FPR) and also high amount of scanning time are the main disadvantages of these behavior based malware detection methods [6].\nIII. CONCEALMENT STRATEGIES In the previous section, we briefly discussed about malware detection strategies used by malware detectors. When malware developers figure out that their malware is going to be detected, try to evade anti malware strategies by applying various concealment techniques. In this section, we introduce some of the most knows concealment strategies.\n• Obfuscation: In this technique, developers’ setout\nactions that will prevent signature based detection methods to detect their malware. These actions include adding garbage commands, unnecessary jumps etc.\n• Code encryption: Those malwares use this defensive mechanism encrypt themselves or their malicious activity. Encrypted malware is a complex consists of a decryption algorithm, encryption algorithm, encryption keys and encrypted malicious code. When the malware runs, the key and decryption algorithm have been used to decrypt its malicious part. The malware copies itself and generates a new key, using new generated key and encryption algorithm. A new encrypted version will be produced. This version contains encryption algorithm and the new key. So, even the encryption key and the encrypted code are changing constantly, but they can be detected because of their fixed decoding algorithm.\n• Oligomorphic strategy: Those malware use this strategy use encryption as a defensive mechanism to protect themselves and are able to change their encryption algorithm for a limited time only. For example, a virus which has a small, finite number of different decryptor loops.\n• Polymorphic strategy: This type of malware usually encrypts itself by an encryption algorithm. So, in any infection, a different decryption key will be used. Also, a polymorphic malware can use an unlimited number of encryption algorithms in order to avoid detection. In each execution, a part of decryption code will change. Depending on the type of malware, malicious actions or other actions performed by the malware can be placed under the encryption operations. Usually, a transformation engine is embedded in the encrypted malware that at any change generates a random encryption algorithm. Then, the engine and malware are encrypted using the produced algorithm and new decryption key is connected to them.\n• Metamorphic strategy: Metamorphic malware are the most complex type of malware. These malicious software change themselves so that the new instance has no resemblance to the original one. The malware does not have any coding engine and in each transmission, automatic changes occur in the malware source code. There are so many different ways to alter the appearance of the malware source code. For example [7]:\n• Format alternation removes or adds blanks and comments to the source code. Despite this method is the easiest and the lowest effective among other\nmethods, it sometimes can mislead detection algorithms.\n• Variable renaming continuously changes variable identifier name without violating program correctness. Changing the variable names may confuse human but has almost no effect for automated detection techniques.\n• Statement reordering can rearrange the sequence of statements in the program if it doesn’t generate an error in the program.\n• Statement replacement can replace some statements with other statements which have similar functionality if it doesn’t make the application logic wrong. This method is more complex than the previous ones.\n• Control replacement changes some control structure functions with other control functions which work similarly, for example “for” loop and “while” loop are interchangeable.\n• Junk code insertion inserts unimportant code into the program to mislead the diagnosis if it doesn’t disrupt the main program logic. In other words, executing junk code does not affect the logic of the source code [1].\n• Spaghetti code can distribute or interconnect consecutive statements by unconditional jumps like “goto” command.\n• Subroutine inlining and outlining are techniques which replace subroutine’s code with subroutine call and vice versa. Code outlining is a technique which replaces subroutine’s code with subroutine call. Code inlining is the reverse operation and is a technique employed to avoid subroutine call overhead. These transformations preserve the original code but deal it in different ways. Regarding to new defensive strategies used by malware authors, in some cases, signature based and behavioral methods are unable to detect protected malware, so a novel method which can efficiently detect this malware is absolutely required.\nIV. HEURISTIC METHODS As we mentioned, signature based and behavior based malware detection methods have some disadvantages. Hence, heuristic malware detection methods are proposed to overcome these disadvantages. Heuristic malware detection methods use data mining and machine learning techniques to learn the behavior of an executable file. For example, as the first attempt, Naïve Bayes and Multi Naïve Bayes [8] were employed by Schultz et al. [8] to classify malware and benign files.\nObviously, these ML techniques must be in classification arena where these methods require some features which represents the input instance in the way that can be used for classification. There are some features investigated for malware detection depicted in Figure 2 which will be described in the followings.\nFigure2: Heuristic Methods Features"
    }, {
      "heading" : "A. API/System calls",
      "text" : "Almost all programs use application programming interface (API) calls to send their requests to the Operating System [9], API call sequences is one of the most attractive way that reflects the behavior of a piece of code like malware.\nHofmeyr et al. were among the first ones who regarded API call sequences as a feature of a malware [10]. They introduced an anomaly detection method based on system call sequences. Normal behavior profiles were made using short sequences of system calls. Hamming distance was used for matching sequences; also a threshold used to determine anomalies. Typically, large Hamming distance value reported as anomalies.\nAfterward, an extensive research was made on using API calls such as Bergeron et al. [11], Sekar et al. [12], Sung et al. [13], etc.\nIn 2007, based on the analysis of Windows API execution sequences called by Portable Executable (PE) files, Ye et al. [14] proposed Intelligent Malware Detection System (IMDS) using Object Oriented Association (OOA) mining based classification. To generate efficient OOA rules for classification, an OOA-Fast-FP Growth algorithm is adapted. Despite its good performance in malware detection, IMDS has two main problems:\n1. Handling the large set of generated rules for building the classifier. 2. Finding effective rules to classify new file samples.\nTo overcome these two problems, Ye et al. [15] used post processing techniques of associative classification. At first they applied Chi-squared testing [16] and insignificant rule pruning, followed by database coverage based on the Chi-square measure rule ranking mechanism and Pessimistic error estimation. They, finally, performed prediction by selecting the best first rule. They incorporate CIDCPF [15] into existing IMDS system and called the new system CIMDS. It was the first attempt on using post processing techniques of associative classification in malware detection.\nJeong and Lee [17] used system call sequences for both malicious and benign executables to build a topological graph which is called code graph. For every binary program this graph is extracted and is compared with the code graph of malicious and benign programs. Based on this comparison, a program will be classified as malware or benign. Unfortunately, this graph is too large. To overcome the disadvantage of large graphs, Lee et al. [18] classified API calls to 128 groups, so the code graph reduced.\nYe et al. [19] proposed an interpretable classifier based on the analysis of API calls by a PE file for detecting malware from large and imbalanced gray list. Their case study were based on 8,000,000 malware, 8,000,000 benign, and 100,000\nsamples from the gray list collected from an6 Anti-virus lab of King soft corporation. They built effective associative classifier based on several different post processing techniques including rule pruning and rule reordering. Then, to make the classifier less sensitive to the imbalance dataset and improve its performance, they developed the Hierarchical Associative Classifier (HAC)."
    }, {
      "heading" : "B. OpCode",
      "text" : "An OpCode (short for Operational Code) is the subdivision of a machine language instruction that identifies the operation to be executed. More specifically, a program is defined as a series of ordered assembly instructions. An instruction is a pair composed of an operational code and an operand or a list of operands.\nThe most significant research on OpCodes has been done by Bilar [20]. He showed the ability of single OpCodes to use as a feature in malware detection. To this end, he statistically analyzed the capability of single OpCodes and demonstrated their high reliability for determining the maliciousness of an executable and proved that OpCodes can be used as a powerful representation for executable files.\nSantos et al. are the vanguards of malware detection based on OpCodes. They presented various type of malware detection techniques based on OpCode sequences. As an example, in their first work, they presented an approach focused on detecting obfuscated malware variants using the appearance frequency of OpCode sequences in order to build a representation of executable files [21]. To do so, they disassembled the executable files, using the generated assembly files, they have built an OpCode profile that contains a list of OpCodes and after that they compute the relevance of each OpCode based on the frequency of appearance of each of them in both datasets (i.e. malware and benign dataset) using Mutual Information [22]. Finally, they used Weighted Term Frequency (WTF) [23] to make suitable feature vector extracted from executables. They used this feature vector in order to detect obfuscated malware variants and to this end they calculated the Cosine similarity measure between two feature vectors (i.e. New instance feature vector and malware variants feature vector).\nAfterward, in the next work, Santos et al. presented a new feature extraction method based on OpCode sequences [23] and trained several machine learning classifiers by embedding the extracted features. As we know, the machine learning based classifiers requires high number of samples for each of the concept classes they try to detect (i.e. malware and benign) and it is quite difficult to obtain this amount of labeled data in real world. So, Santos et al., in their next research, proposed several methods to eliminate this limitation such as Collective classification [24], Single class learning [25], and Semi supervised learning [26].\nRunwal et al. [27] proposed a new approach based on OpCodes and used this method for detecting unknown and also metamorphic malware families based on a simple graph similarity measurement. They extracted OpCodes from both file types (i.e. malware and benign), count the number of each pair OpCodes appeared respectively in them and based on the numbers, make a graph of OpCodes and after that can predict the maliciousness of a new executable by calculating the similarity of graph obtained from the executable and both file\ntypes and finally the file will be classified as the class which is more similar to.\nShabtai et al. [28] tried to detect unknown malicious codes by applying classification techniques on OpCode patterns. They created a dataset of malicious and benign executables for the Windows operating system. After disassembling the executables, they calculated the normalized term frequency (TF) and TF Inverse Document Frequency (TF-IDF) representations as a feature for each file. Finally, they used several classical classification techniques such as Support Vector Machine (SVM), Logistic Regression (LR), Artificial Neural Networks (ANN) etc. to evaluate the proposed feature selection method."
    }, {
      "heading" : "C. N-Grams",
      "text" : "N-Grams are all substrings of a larger string with a length of N [29]. For example, the string “VIRUS”, can be segmented into several 3-grams: “VIR”, “IRU”, “RUS” and so on. Over the past decade, several researches have been motivated on the detection of unknown malware based on its binary code content which will be briefly overviewed in this section.\nSchultz et al. [8] were the first who introduced the idea of applying ML techniques for detection of diverse malwares based on their own binary codes. Three different feature extraction methods were engaged: features mined from the PE section, expressive plain-text strings that are encoded in executables, and byte sequence features.\nTesauro et al. [30] were the first who try to use N-Grams as a feature for malware detection domain. They used N-Grams to detect Boot Sector Viruses using Artificial Neural Networks (ANN). A Boot Sector Virus is a malware variant which infects DOS Boot Sector or Master Boot Record (MBR). When a system has infected, the MBR is usually ruined and the computer boot order is change. The N-Grams was selected from most frequent sections in malware and benign executables. They used a specific feature reduction algorithm such that each malware must consist of at least four N-Grams from existing N-Grams set.\nTesauro et al. [31], in their next study, used N-Grams to build several classifiers based on ANN and also used a specific voting strategy to achieve final results. In that research a simple threshold value was used to reduce the number of N-Grams.\nAbou-Assaleh et al. [29], presented a framework that uses the Common N-Gram method and the K-Nearest-Neighbor (KNN) classifier for malware detection. For both classes (i.e. malicious and benign) a delegate profile was built. A new instance was matched with the profiles of both classes and was assigned to the most similar one.\nKotler and Maloof [32] used byte N-Gram representation to detect unknown malware. Though the vector of N-Gram features was binary, presenting the attendance or nonattendance of a feature in the file. In an extension of their previous study, Kolter and Maloof [33] classified malware into several families based on the functions in their respective payload attempting to approximate their capability to detect malicious codes based on their subject dates.\nCai et al. [34] conducted several experiments in which they evaluated the mixtures of seven feature selection techniques, three classifiers, and byte N-Gram size.\nRecently, Moskovitch et al. [35] published the results of a research which used an imbalance data set characterized by byte N-Grams. Moreover, a research of the imbalance problem was illustrated."
    }, {
      "heading" : "D. Control flow graph",
      "text" : "Control Flow Graph (CFG) is a graph that represents the control flow of programs and are widely used in the analysis of software and have been studied for many years [36], [37], [38]. CFG is a directed graph, where each node represents a statement of the program and each edge represents control flow between the statements (i.e. what happens after what). Statements may be assignments, copy statements, branches etc. In Figure 4 we can see an example of a generated CFG for Chernobyl malware.\nIn [39], authors performed a set of normalization operation after disassembling an executable program for reducing effects of mutation techniques and unveiling the flow connections between benign and malicious code. Then they generate corresponding CFG for the program. CFG compared against the CFG of a normalized malware in order to know whether CFG contains a sub graph which is isomorphic to CFG of the normalized one. Thus, the problem of detecting malware is changed to the sub-graph isomorphism problem.\nZhao [40] proposed a detection method based on features of the control flow graph for PE files. At first, he created CFG for each executable file. Then, he used features which extracted from CFG as the train data. These features are information about nodes, edges and subgraphs. After feature selection, some data mining algorithm have been used for classification based on these features such as Decision Tree [41], Bagging [42] and Random Forest [43].\nBonfante et al. [44] used CFG as a signature for malware detection. As we mentioned, CFG is composed of nodes and edges and as we know each assembler consists of four types of instruction: non-conditional jumps (jmp), conditional jumps (jcc), function calls (call) and function returns (ret). They abstract any contiguous sequence of instructions in a node named “inst”, and after that the end of the program comes in a node named “end”. So, they defined six types of node: jmp, jcc, call, ret, inst and end. They build CFG based on these types as illustrated in Figure3. Then, they reduce these nodes in this way: for any node of kind inst or jmp, they removed the node from the graph and linked all its predecessors to its unique successor. After reduction, they used this graph as a signature for each file.\nFigure3: CFG Extraction proposed by Bonfante et al. [44].\nFigure4: An example of Control Flow Graph."
    }, {
      "heading" : "E. Hybrid Features",
      "text" : "The performance of machine learning classifiers is influenced by two main factors: features and algorithms. Some researchers set out to improve the precision of machine learning through the features. They combine features to get better accuracy.\nAs we mentioned, CFG has been successfully applied in detection of simple malware. For detecting complex malware such as polymorphic or metamorphic ones, we must improve CFG based detection methods.\nEskandari et al. [45] used the simple CFG and API calls to detect metamorphic malware. CFG was used to understand semantic of malware. Assuming called API on CFG, they got more semantic aspects of new malware. For decreasing complexity of graph mining algorithms, they converted the sparse graph to the feature vector. The number of generated features is so high. Therefore, for reducing them, they used a feature selection algorithm. Then, they got some data items as training set and generate a set of rules which saved in the\ndatabase. Decision system utilizes rule database to decide whether each sample of test set is malware or not.\nThere are two main factors affecting the performance of these methods which are based on ML concepts: features and algorithm used for classification. Lu et al. [46] proposed an accurate system which uses new feature and a novel classifier. For features, they used content based and behavioral based features and combined them. Imported DLLs and API function calls of a PE file was selected as the content based features. However, due to the huge amount of these extracted features, they used the concept of information gain for reducing these features. For behavioral based ones, they execute each file in VMware tool their behavior is represented as a vector. There, they proposed a new ensemble learning method called SVMAR which combines SVM and Association Rules based on hierarchical taxonomies. Their experimental results showed SVM-AR works better than all popular ensemble learning methods."
    }, {
      "heading" : "F. Some Newly Introduced Features",
      "text" : "Ye et al. [47] used both file content and file relations as features. By file relations, we mean co-presence or absence of some files in the computer of all cloud users. This relation among file samples provides valuable information about their properties. If an unknown file always co-occurs with many kinds of Trojans in user’s computers, then, most likely, it is a malicious file. File relations among samples can be a novel and practical feature representation for malware detection. They proposed a semi parametric classification model for combining file content and file relation. For file content, they extracted API calls from the content of malicious and benign PE files. Their semi parametric model integrates file content and files relation information and formulates the classification problems using the graph regularization framework. Their case studies on large and real daily malware collection from Comodo Cloud Security Center demonstrate the effectiveness and efficiency of their Valkyrie system and their system has been already incorporated into the Scanning tool of Comodo’s anti-malware software. This is the first work of using both file content and file relations for malware detection.\n1: dim a, b, c 2: a = 10 3: b = 2 4: for c = 2 to a do 5: b = b + c 6: end for\n1: dim a 2: dim b 3: dim c 4: set a=10 5: set b=2 6: set c=2 7: if c < a then 8: set b = b+ c 9: set c = c + 1 10: goto 7 11: end if\na) VBS Original code b)VBS semantic code\nKim and Moon [7] proposed a new method to detect polymorphic script viruses. They represented the VBScript malware using a dependency graph. Every script malware code is parsed and transformed to a semantic code. As shown in Figure 5(a)-(b). Based on this semantic code, a directed graph represents relation among the lines of the semantic code that was made. So, each node represents a line of code and each directed edge represents dependency between two lines. In order to decreasing the size of this graph, they omitted nodes and edges that satisfy some conditions. Figure 5(c)-(d) is an example of how a dependency graph is generated. So the system build this dependency graph for a known malware and an unknown file which is not classified yet and compares their dependency graphs to determine whether this new script is a polymorphic variant of that known malware or not. Therefore, the detection is based on finding maximum subgraph isomorphism.\nV. METHOD COMPARISON\nVI. SUMMERY In this survey we have presented malware detection methods, and proposed a novel classification scheme for malware detection techniques. We have also a brief overview on inadequacies in the malware detection methods and discuss about how these shortcomings are covered by alternative methods and introduced the strategies used to defeat detection methods called “concealment strategies”. The objective of the survey is to provide a procedure, which could be suitable for further studies and to develop malware detection techniques.\nREFERENCES [1] J. Aycock. “Computer Viruses and Malware”. Springer, 2006. [2] P. Szor.” The Art of Computer Virus Research and Defense”. Addison\nWesley for Symantec Press, New Jersey, 2005. [3] P. Gutmann. “The Commercial Malware Industry.”, 2007. [4] KALPA, “Introduction to Malware”, “http://securityresearch.in/\nindex.php/projects/malware_lab/introduction-to-malware/8/”, 2011. [5] G. Jacob, H. Debar, and E. Filiol, “Behavioral detection of malware:\nfrom a survey towards an established taxonomy,” Journal in Computer Virology, pp. 251–266, 2008.\n[6] A. Ahmed, E . Elhadi, M. A. Maarof and A. H. Osman, “Malware Detection Based on Hybrid Signature Behaviour Application Programming Interface Call Graph Information Assurance and Security Research Group.” Journal, A., Sciences, A., & Publications, S., Faculty of Computer Science and Information Systems, 9(3), 283–288,2012.\n[7] K. Kim and B. R. Moon, “Malware detection based on dependency graph using hybrid genetic algorithm.” In Proceedings of the 12th annual conference on Genetic and evolutionary computation, July 07-11, 2010.\n[8] M. Schultz, E. Eskin, E. Zadok, and S. Stolfo, ” Data mining methods for detection of new malicious executables.” In IEEE Symposium on Security and Privacy, pages 38-49. IEEE COMPUTER SOCIETY, 2001.\n[9] D. Orenstein, “Application Programming Interface (API),” Quick Study: Application Programming Interface (API), 2000.\n[10] S. Hofmeyr, S. Forrest, and A. Somayaji, “Intrusion detection using sequences of system calls.” Journal of Computer Security, pp. 151–180, 1998.\n[11] J. Bergeron, M. Debbabi, J. Desharnais, M. M. Erhioui, and N. Tawbi, “Static detection of malicious code in executable programs.” Int. J. of Req. Eng., 2001.\n[12] R. Sekar, M. Bendre, P. Bollineni, and D. Dhurjati, “A Fast AutomatonBased Approach for Detecting Anomalous Program Behaviors.” In IEEE Symposium on Security and Privacy,2001.\n[13] A. H. Sung, J. Xu, P. Chavez, and S. Mukkamala, “Static Analyzer of Vicious Executables.” In 20th Annual Computer Security Applications Conference, pp. 326–334, 2004.\n[14] Y. Ye, D. Wang, T. Li, and D. Ye, “IMDS: Intelligent malware detection system,” in Proc. ACM Int. Conf. Knowl. Discovery Data Mining, pp. 1043–1047, 2007.\n[15] Y. Ye, T. Li, Q. Jiang, and Y. Wang, “CIMDS: adapting postprocessing techniques of associative classification for malware detection,” IEEE Trans. Syst., Man, Cybern. C, vol. 40, no. 3, pp. 298-307, 2010.\n[16] W. Snedecor and W. Cochran, “Statistical Methods”, 8th ed. Iowa City, IA: Iowa State Univ. Press, 1989.\n[17] K. Jeong and H. Lee, “Code graph for malware detection. In Information Networking.” ICOIN. International Conference on, Jan 2008.\n[18] J. Lee, K. Jeong, and H. Lee, “Detecting metamorphic malwares using code graphs” In Proceedings of the ACM Symposium on Applied Computing, ser. New York, NY, USA: ACM, pp. 1970-1977, 2010.\n[19] Y. Ye, T. Li, K. Huang, Q. Jiang and Y. Chen, “Hierarchical associative classifier (HAC) for malware detection from the large and imbalanced gray list”. Journal of Intelligent Information Systems, 35(1), pp.1-20. 2010.\n[20] D. Bilar, “OpCodes as predictor for malware,” International Journal of Electronic Security and Digital Forensics, vol. 1, no. 2, p. 156, 2007.\n[21] I. Santos, F. Brezo, J. Nieves, and Y. Penya, “Idea: OpCode-sequencebased malware detection,”, Engineering Secure Software and System , 2010.\n[22] C. Peng, H. Long and F. Ding, “Feature selection based on mutual information: cri-teria of max-dependency, max-relevance, and minredundancy.,” in IEEE Transactions on Pattern Analysis and Machine Intelligence, 2005.\n[23] I. Santos, F. Brezo, X. Ugarte-Pedrero, and P. G. Bringas, “OpCode sequences as representation of executables for data-mining-based unknown malware detection,” Information Sciences, Aug. 2011.\n[24] I. Santos, C. Laorden, and P. Bringas, “Collective classification for unknown malware detection,” Proceedings of the 6th ACM Symposium on Information, Computer and Communications Security, 2011.\n[25] I. Santos, F. Brezo, B. Sanz, C. Laorden, and P. G. Bringas, “Using opCode sequences in single-class learning to detect unknown malware,” IET Information Security, vol. 5, no. 4, p. 220, 2011.\n[26] I. Santos, B. Sanz, and C. Laorden, “OpCode-sequence-based semisupervised unknown malware detection,”, Computational Intelligence in Security for Information Systems , 2011.\n[27] N. Runwal, R. M. Low, and M. Stamp, “OpCode graph similarity and metamorphic detection,” Journal in Computer Virology, vol. 8, no. 1–2, pp. 37–52, Apr. 2012.\n[28] A. Shabtai, R. Moskovitch, C. Feher, S. Dolev, and Y. Elovici, “Detecting unknown malicious code by applying classification techniques on OpCode patterns,” Security Informatics, vol. 1, no. 1, p. 1, 2012.\n[29] T. Abou-assaleh, N. Cercone, V. Ke , and R. Sweidan, “N-gram-based Detection of New Malicious Code,” no. 1, 2004.\n[30] G. B. S. Gerald, J. Tesauro, Jeffrey O. Kephart, “Neural Network for Computer Virus Recognition.” IEEE Expert, 1996.\n[31] W. A. and G. Tesauro, “Automatically Generated Win32 Heuristic Virus Detection,” in Virus Bulletin Conference, 2000.\n[32] M. M. Kolter JZ, “Learning to detect malicious executables in the wild.” in roc of the 10th ACM SIGKDD International Conference on Knowledge Discovery and Data Mining, 2006.\n[33] J. Z. Kolter and M. A. Maloof, “Learning to Detect and Classify Malicious Executables in the Wild,” vol. 7, pp. 2721–2744, 2006.\n[34] T. J. Cai DM, M. Gokhale, “Comparison of feature selection and classification algorithms in identifying malicious executables,” in Computational Statistics and Data Analysis, 2007.\n[35] E. Y. Moskovitch, D. Stopel, C. Feher, N. Nissim and N. Japkowicz, “Unknown malcode detection and the imbalance problem,” journal in Computer Virology, 2009.\n[36] P. Jalote, \"An Integrated Approach to Software Engineering\", Springer, New York, NY, 2005.\n[37] T. McCabe, \"A complexity measure\", IEEE Transactions on Software Engineering SE-2(4): 308–320, 1976.\n[38] L. Tan, \"TheWorst Case Execution Time Tool Challenge\", The External Test, Technical report, 2006.\n[39] D. Bruschi, L. Martignoni and M. Monga “Detecting self-mutating malware using control-flow graph matching,” In: Büschkes, R. and Laskov, P. (eds) Detection of Intrusions and Malware & Vulnerability Assessment, volume 4064 of LNCS, pp 129–143. Springer, Berlin. 2006.\n[40] Z. Zhao, “A virus detection scheme based on features of Control Flow Graph.” 2nd International Conference on Artificial Intelligence, Management Science and Electronic Commerce (AIMSEC), pages 943- 947, 2011.\n[41] T. M. Mitchell, “Machine learning and data mining,” Commun. ACM, vol. 42, no. 11, 1999.\n[42] L. Breiman. “Bagging Predictors.” Machine Learning, 24(2):123–140, 1996.\n[43] L. Breiman. “Random Forests.” Machine Learning, 45(1):5–32, 2001. [44] G. Bonfante, M. Kaczmarek, J.Y. Marion. ‘‘Control Flow Graphs as\nMalware Signatures.’’ WTCV, May, 2007. [45] M. Eskandari and S. Hashemi “Metamorphic malware detection using\ncontrol flow graph mining”. International Journal of Compute Science Network Security,pp 1-6 ,2011.\n[46] Y. Lu, S. Din, C. Zheng and B.Gao “Using multi-feature and classifier ensembles to improve malware detection”. Journal of CCIT 39(2), 57– 72. 2010.\n[47] Y. Ye, T. Li, S. Zhu, W. Zhuang, E.Tas, U. Gupta and M. Abdulhayoglu, “Combinig File Content and File Relations for Cloud Based Malware Detection.” Proceedings of the 17th ACM SIGKDD international conference on Knowledge discovery and data mining, 2011."
    } ],
    "references" : [ {
      "title" : "Computer Viruses and Malware",
      "author" : [ "J. Aycock" ],
      "venue" : null,
      "citeRegEx" : "1",
      "shortCiteRegEx" : "1",
      "year" : 2006
    }, {
      "title" : "The Art of Computer Virus Research and Defense",
      "author" : [ "P. Szor" ],
      "venue" : null,
      "citeRegEx" : "2",
      "shortCiteRegEx" : "2",
      "year" : 2005
    }, {
      "title" : "The Commercial Malware Industry.",
      "author" : [ "P. Gutmann" ],
      "venue" : null,
      "citeRegEx" : "3",
      "shortCiteRegEx" : "3",
      "year" : 2007
    }, {
      "title" : "Behavioral detection of malware: from a survey towards an established taxonomy",
      "author" : [ "G. Jacob", "H. Debar", "E. Filiol" ],
      "venue" : "Journal in Computer Virology, pp. 251–266, 2008.",
      "citeRegEx" : "5",
      "shortCiteRegEx" : null,
      "year" : 2008
    }, {
      "title" : "Malware Detection Based on Hybrid Signature Behaviour Application Programming Interface Call Graph Information Assurance and Security Research Group.",
      "author" : [ "A. Ahmed", "E . Elhadi", "M.A. Maarof", "A.H. Osman" ],
      "venue" : "Faculty of Computer Science and Information Systems,",
      "citeRegEx" : "6",
      "shortCiteRegEx" : "6",
      "year" : 2012
    }, {
      "title" : "Malware detection based on dependency graph using hybrid genetic algorithm.",
      "author" : [ "K. Kim", "B.R. Moon" ],
      "venue" : "In Proceedings of the 12th annual conference on Genetic and evolutionary computation,",
      "citeRegEx" : "7",
      "shortCiteRegEx" : "7",
      "year" : 2010
    }, {
      "title" : "Data mining methods for detection of new malicious executables.",
      "author" : [ "M. Schultz", "E. Eskin", "E. Zadok", "S. Stolfo" ],
      "venue" : "In IEEE Symposium on Security and Privacy,",
      "citeRegEx" : "8",
      "shortCiteRegEx" : "8",
      "year" : 2001
    }, {
      "title" : "Application Programming Interface (API)",
      "author" : [ "D. Orenstein" ],
      "venue" : "Quick Study: Application Programming Interface (API), 2000.",
      "citeRegEx" : "9",
      "shortCiteRegEx" : null,
      "year" : 2000
    }, {
      "title" : "Intrusion detection using sequences of system calls.",
      "author" : [ "S. Hofmeyr", "S. Forrest", "A. Somayaji" ],
      "venue" : "Journal of Computer Security, pp",
      "citeRegEx" : "10",
      "shortCiteRegEx" : "10",
      "year" : 1998
    }, {
      "title" : "Static detection of malicious code in executable programs.",
      "author" : [ "J. Bergeron", "M. Debbabi", "J. Desharnais", "M.M. Erhioui", "N. Tawbi" ],
      "venue" : "Int. J. of Req. Eng.,",
      "citeRegEx" : "11",
      "shortCiteRegEx" : "11",
      "year" : 2001
    }, {
      "title" : "A Fast Automaton- Based Approach for Detecting Anomalous Program Behaviors.",
      "author" : [ "R. Sekar", "M. Bendre", "P. Bollineni", "D. Dhurjati" ],
      "venue" : "In IEEE Symposium on Security and Privacy,2001",
      "citeRegEx" : "12",
      "shortCiteRegEx" : "12",
      "year" : 2001
    }, {
      "title" : "Static Analyzer of Vicious Executables.",
      "author" : [ "A.H. Sung", "J. Xu", "P. Chavez", "S. Mukkamala" ],
      "venue" : "In 20th Annual Computer Security Applications Conference,",
      "citeRegEx" : "13",
      "shortCiteRegEx" : "13",
      "year" : 2004
    }, {
      "title" : "IMDS: Intelligent malware detection system",
      "author" : [ "Y. Ye", "D. Wang", "T. Li", "D. Ye" ],
      "venue" : "Proc. ACM Int. Conf. Knowl. Discovery Data Mining, pp. 1043–1047, 2007.",
      "citeRegEx" : "14",
      "shortCiteRegEx" : null,
      "year" : 2007
    }, {
      "title" : "CIMDS: adapting postprocessing techniques of associative classification for malware detection",
      "author" : [ "Y. Ye", "T. Li", "Q. Jiang", "Y. Wang" ],
      "venue" : "IEEE Trans. Syst., Man, Cybern. C, vol. 40, no. 3, pp. 298-307, 2010.",
      "citeRegEx" : "15",
      "shortCiteRegEx" : null,
      "year" : 2010
    }, {
      "title" : "Code graph for malware detection",
      "author" : [ "K. Jeong", "H. Lee" ],
      "venue" : "In Information Networking.” ICOIN. International Conference on,",
      "citeRegEx" : "17",
      "shortCiteRegEx" : "17",
      "year" : 2008
    }, {
      "title" : "Detecting metamorphic malwares using code graphs",
      "author" : [ "J. Lee", "K. Jeong", "H. Lee" ],
      "venue" : "In Proceedings of the ACM Symposium on Applied Computing,",
      "citeRegEx" : "18",
      "shortCiteRegEx" : "18",
      "year" : 2010
    }, {
      "title" : "Hierarchical associative classifier (HAC) for malware detection from the large and imbalanced gray list",
      "author" : [ "Y. Ye", "T. Li", "K. Huang", "Q. Jiang", "Y. Chen" ],
      "venue" : "Journal of Intelligent Information Systems,",
      "citeRegEx" : "19",
      "shortCiteRegEx" : "19",
      "year" : 2010
    }, {
      "title" : "OpCodes as predictor for malware",
      "author" : [ "D. Bilar" ],
      "venue" : "International Journal of Electronic Security and Digital Forensics, vol. 1, no. 2, p. 156, 2007.",
      "citeRegEx" : "20",
      "shortCiteRegEx" : null,
      "year" : 2007
    }, {
      "title" : "Feature selection based on mutual information: cri-teria of max-dependency, max-relevance, and minredundancy",
      "author" : [ "C. Peng", "H. Long", "F. Ding" ],
      "venue" : "IEEE Transactions on Pattern Analysis and Machine Intelligence, 2005.",
      "citeRegEx" : "22",
      "shortCiteRegEx" : null,
      "year" : 2005
    }, {
      "title" : "OpCode sequences as representation of executables for data-mining-based unknown malware detection",
      "author" : [ "I. Santos", "F. Brezo", "X. Ugarte-Pedrero", "P.G. Bringas" ],
      "venue" : "Information Sciences, Aug. 2011.",
      "citeRegEx" : "23",
      "shortCiteRegEx" : null,
      "year" : 2011
    }, {
      "title" : "Collective classification for unknown malware detection",
      "author" : [ "I. Santos", "C. Laorden", "P. Bringas" ],
      "venue" : "Proceedings of the 6th ACM Symposium on Information, Computer and Communications Security, 2011.",
      "citeRegEx" : "24",
      "shortCiteRegEx" : null,
      "year" : 2011
    }, {
      "title" : "Using opCode sequences in single-class learning to detect unknown malware",
      "author" : [ "I. Santos", "F. Brezo", "B. Sanz", "C. Laorden", "P.G. Bringas" ],
      "venue" : "IET Information Security, vol. 5, no. 4, p. 220, 2011.",
      "citeRegEx" : "25",
      "shortCiteRegEx" : null,
      "year" : 2011
    }, {
      "title" : "OpCode-sequence-based semisupervised unknown malware detection,”, Computational Intelligence in Security for Information Systems",
      "author" : [ "I. Santos", "B. Sanz", "C. Laorden" ],
      "venue" : null,
      "citeRegEx" : "26",
      "shortCiteRegEx" : "26",
      "year" : 2011
    }, {
      "title" : "OpCode graph similarity and metamorphic detection",
      "author" : [ "N. Runwal", "R.M. Low", "M. Stamp" ],
      "venue" : "Journal in Computer Virology, vol. 8, no. 1–2, pp. 37–52, Apr. 2012.",
      "citeRegEx" : "27",
      "shortCiteRegEx" : null,
      "year" : 2012
    }, {
      "title" : "Detecting unknown malicious code by applying classification techniques on OpCode patterns",
      "author" : [ "A. Shabtai", "R. Moskovitch", "C. Feher", "S. Dolev", "Y. Elovici" ],
      "venue" : "Security Informatics, vol. 1, no. 1, p. 1, 2012.",
      "citeRegEx" : "28",
      "shortCiteRegEx" : null,
      "year" : 2012
    }, {
      "title" : "N-gram-based Detection of New Malicious Code",
      "author" : [ "T. Abou-assaleh", "N. Cercone", "V. Ke", "R. Sweidan" ],
      "venue" : "no. 1, 2004.",
      "citeRegEx" : "29",
      "shortCiteRegEx" : null,
      "year" : 2004
    }, {
      "title" : "Neural Network for Computer Virus Recognition.",
      "author" : [ "G.B.S. Gerald", "J. Tesauro", "Jeffrey O. Kephart" ],
      "venue" : "IEEE Expert,",
      "citeRegEx" : "30",
      "shortCiteRegEx" : "30",
      "year" : 1996
    }, {
      "title" : "Automatically Generated Win32 Heuristic Virus Detection",
      "author" : [ "W.A.", "G. Tesauro" ],
      "venue" : "Virus Bulletin Conference, 2000.",
      "citeRegEx" : "31",
      "shortCiteRegEx" : null,
      "year" : 2000
    }, {
      "title" : "Learning to detect malicious executables in the wild.",
      "author" : [ "JZ M.M. Kolter" ],
      "venue" : "in roc of the 10th ACM SIGKDD International Conference on Knowledge Discovery and Data Mining,",
      "citeRegEx" : "32",
      "shortCiteRegEx" : "32",
      "year" : 2006
    }, {
      "title" : "Learning to Detect and Classify Malicious Executables in the Wild",
      "author" : [ "J.Z. Kolter", "M.A. Maloof" ],
      "venue" : "vol. 7, pp. 2721–2744, 2006.",
      "citeRegEx" : "33",
      "shortCiteRegEx" : null,
      "year" : 2006
    }, {
      "title" : "Comparison of feature selection and classification algorithms in identifying malicious executables",
      "author" : [ "T.J. Cai DM", "M. Gokhale" ],
      "venue" : "Computational Statistics and Data Analysis, 2007.",
      "citeRegEx" : "34",
      "shortCiteRegEx" : null,
      "year" : 2007
    }, {
      "title" : "Unknown malcode detection and the imbalance problem",
      "author" : [ "E.Y. Moskovitch", "D. Stopel", "C. Feher", "N. Nissim", "N. Japkowicz" ],
      "venue" : "journal in Computer Virology, 2009.",
      "citeRegEx" : "35",
      "shortCiteRegEx" : null,
      "year" : 2009
    }, {
      "title" : "An Integrated Approach to Software Engineering",
      "author" : [ "P. Jalote" ],
      "venue" : null,
      "citeRegEx" : "36",
      "shortCiteRegEx" : "36",
      "year" : 2005
    }, {
      "title" : "A complexity measure",
      "author" : [ "T. McCabe" ],
      "venue" : "IEEE Transactions on Software Engineering",
      "citeRegEx" : "37",
      "shortCiteRegEx" : "37",
      "year" : 1976
    }, {
      "title" : "TheWorst Case Execution Time Tool Challenge",
      "author" : [ "L. Tan" ],
      "venue" : "The External Test, Technical report,",
      "citeRegEx" : "38",
      "shortCiteRegEx" : "38",
      "year" : 2006
    }, {
      "title" : "Detecting self-mutating malware using control-flow graph matching,",
      "author" : [ "D. Bruschi", "L. Martignoni", "M. Monga" ],
      "venue" : null,
      "citeRegEx" : "39",
      "shortCiteRegEx" : "39",
      "year" : 2006
    }, {
      "title" : "A virus detection scheme based on features of Control Flow Graph.",
      "author" : [ "Z. Zhao" ],
      "venue" : "2nd International Conference on Artificial Intelligence, Management Science and Electronic Commerce (AIMSEC),",
      "citeRegEx" : "40",
      "shortCiteRegEx" : "40",
      "year" : 2011
    }, {
      "title" : "Machine learning and data mining",
      "author" : [ "T.M. Mitchell" ],
      "venue" : "Commun. ACM, vol. 42, no. 11, 1999.",
      "citeRegEx" : "41",
      "shortCiteRegEx" : null,
      "year" : 1999
    }, {
      "title" : "Bagging Predictors.",
      "author" : [ "L. Breiman" ],
      "venue" : "Machine Learning,",
      "citeRegEx" : "42",
      "shortCiteRegEx" : "42",
      "year" : 1996
    }, {
      "title" : "Random Forests.",
      "author" : [ "L. Breiman" ],
      "venue" : "Machine Learning,",
      "citeRegEx" : "43",
      "shortCiteRegEx" : "43",
      "year" : 2001
    }, {
      "title" : "Control Flow Graphs as Malware Signatures.’",
      "author" : [ "G. Bonfante", "M. Kaczmarek", "J.Y. Marion" ],
      "venue" : "WTCV, May,",
      "citeRegEx" : "44",
      "shortCiteRegEx" : "44",
      "year" : 2007
    }, {
      "title" : "Metamorphic malware detection using control flow graph mining",
      "author" : [ "M. Eskandari", "S. Hashemi" ],
      "venue" : "International Journal of Compute Science Network Security,pp",
      "citeRegEx" : "45",
      "shortCiteRegEx" : "45",
      "year" : 2011
    } ],
    "referenceMentions" : [ {
      "referenceID" : 0,
      "context" : "Malware (short for malicious software), is usually considered as software that aims to disrupt ordinary operations of a computerized system by gathering sensitive information or making unauthorized access to computer systems and mainly harass users [1].",
      "startOffset" : 249,
      "endOffset" : 252
    }, {
      "referenceID" : 2,
      "context" : "Nowadays pattern matching is the most common method in malware detection, and signature based detection is the most popular method in this area [3].",
      "startOffset" : 144,
      "endOffset" : 147
    }, {
      "referenceID" : 2,
      "context" : "Where this small error rate is the main reason that most common commercial antiviruses use this technique [3].",
      "startOffset" : 106,
      "endOffset" : 109
    }, {
      "referenceID" : 4,
      "context" : "On the other hand, non-availability of promising False Positive Ratio (FPR) and also high amount of scanning time are the main disadvantages of these behavior based malware detection methods [6].",
      "startOffset" : 191,
      "endOffset" : 194
    }, {
      "referenceID" : 0,
      "context" : "In other words, executing junk code does not affect the logic of the source code [1].",
      "startOffset" : 81,
      "endOffset" : 84
    }, {
      "referenceID" : 6,
      "context" : "For example, as the first attempt, Naïve Bayes and Multi Naïve Bayes [8] were employed by Schultz et al.",
      "startOffset" : 69,
      "endOffset" : 72
    }, {
      "referenceID" : 6,
      "context" : "[8] to classify malware and benign files.",
      "startOffset" : 0,
      "endOffset" : 3
    }, {
      "referenceID" : 7,
      "context" : "Almost all programs use application programming interface (API) calls to send their requests to the Operating System [9], API call sequences is one of the most attractive way that reflects the behavior of a piece of code like malware.",
      "startOffset" : 117,
      "endOffset" : 120
    }, {
      "referenceID" : 8,
      "context" : "were among the first ones who regarded API call sequences as a feature of a malware [10].",
      "startOffset" : 84,
      "endOffset" : 88
    }, {
      "referenceID" : 12,
      "context" : "[14] proposed Intelligent Malware Detection System (IMDS) using Object Oriented Association (OOA) mining based classification.",
      "startOffset" : 0,
      "endOffset" : 4
    }, {
      "referenceID" : 13,
      "context" : "[15] used post processing techniques of associative classification.",
      "startOffset" : 0,
      "endOffset" : 4
    }, {
      "referenceID" : 13,
      "context" : "They incorporate CIDCPF [15] into existing IMDS system and called the new system CIMDS.",
      "startOffset" : 24,
      "endOffset" : 28
    }, {
      "referenceID" : 14,
      "context" : "Jeong and Lee [17] used system call sequences for both malicious and benign executables to build a topological graph which is called code graph.",
      "startOffset" : 14,
      "endOffset" : 18
    }, {
      "referenceID" : 15,
      "context" : "[18] classified API calls to 128 groups, so the code graph reduced.",
      "startOffset" : 0,
      "endOffset" : 4
    }, {
      "referenceID" : 16,
      "context" : "[19] proposed an interpretable classifier based on the analysis of API calls by a PE file for detecting malware from large and imbalanced gray list.",
      "startOffset" : 0,
      "endOffset" : 4
    }, {
      "referenceID" : 17,
      "context" : "The most significant research on OpCodes has been done by Bilar [20].",
      "startOffset" : 64,
      "endOffset" : 68
    }, {
      "referenceID" : 18,
      "context" : "malware and benign dataset) using Mutual Information [22].",
      "startOffset" : 53,
      "endOffset" : 57
    }, {
      "referenceID" : 19,
      "context" : "Finally, they used Weighted Term Frequency (WTF) [23] to make suitable feature vector extracted from executables.",
      "startOffset" : 49,
      "endOffset" : 53
    }, {
      "referenceID" : 19,
      "context" : "presented a new feature extraction method based on OpCode sequences [23] and trained several machine learning classifiers by embedding the extracted features.",
      "startOffset" : 68,
      "endOffset" : 72
    }, {
      "referenceID" : 20,
      "context" : ", in their next research, proposed several methods to eliminate this limitation such as Collective classification [24], Single class learning [25], and Semi supervised learning [26].",
      "startOffset" : 114,
      "endOffset" : 118
    }, {
      "referenceID" : 21,
      "context" : ", in their next research, proposed several methods to eliminate this limitation such as Collective classification [24], Single class learning [25], and Semi supervised learning [26].",
      "startOffset" : 142,
      "endOffset" : 146
    }, {
      "referenceID" : 22,
      "context" : ", in their next research, proposed several methods to eliminate this limitation such as Collective classification [24], Single class learning [25], and Semi supervised learning [26].",
      "startOffset" : 177,
      "endOffset" : 181
    }, {
      "referenceID" : 23,
      "context" : "[27] proposed a new approach based on OpCodes and used this method for detecting unknown and also metamorphic malware families based on a simple graph similarity measurement.",
      "startOffset" : 0,
      "endOffset" : 4
    }, {
      "referenceID" : 24,
      "context" : "[28] tried to detect unknown malicious codes by applying classification techniques on OpCode patterns.",
      "startOffset" : 0,
      "endOffset" : 4
    }, {
      "referenceID" : 25,
      "context" : "N-Grams are all substrings of a larger string with a length of N [29].",
      "startOffset" : 65,
      "endOffset" : 69
    }, {
      "referenceID" : 6,
      "context" : "[8] were the first who introduced the idea of applying ML techniques for detection of diverse malwares based on their own binary codes.",
      "startOffset" : 0,
      "endOffset" : 3
    }, {
      "referenceID" : 26,
      "context" : "[30] were the first who try to use N-Grams as a feature for malware detection domain.",
      "startOffset" : 0,
      "endOffset" : 4
    }, {
      "referenceID" : 27,
      "context" : "[31], in their next study, used N-Grams to build several classifiers based on ANN and also used a specific voting strategy to achieve final results.",
      "startOffset" : 0,
      "endOffset" : 4
    }, {
      "referenceID" : 25,
      "context" : "[29], presented a framework that uses the Common N-Gram method and the K-Nearest-Neighbor (KNN) classifier for malware detection.",
      "startOffset" : 0,
      "endOffset" : 4
    }, {
      "referenceID" : 28,
      "context" : "Kotler and Maloof [32] used byte N-Gram representation to detect unknown malware.",
      "startOffset" : 18,
      "endOffset" : 22
    }, {
      "referenceID" : 29,
      "context" : "In an extension of their previous study, Kolter and Maloof [33] classified malware into several families based on the functions in their respective payload attempting to approximate their capability to detect malicious codes based on their subject dates.",
      "startOffset" : 59,
      "endOffset" : 63
    }, {
      "referenceID" : 30,
      "context" : "[34] conducted several experiments in which they evaluated the mixtures of seven feature selection techniques, three classifiers, and byte N-Gram size.",
      "startOffset" : 0,
      "endOffset" : 4
    }, {
      "referenceID" : 31,
      "context" : "[35] published the results of a research which used an imbalance data set characterized by byte N-Grams.",
      "startOffset" : 0,
      "endOffset" : 4
    }, {
      "referenceID" : 32,
      "context" : "Control Flow Graph (CFG) is a graph that represents the control flow of programs and are widely used in the analysis of software and have been studied for many years [36], [37], [38].",
      "startOffset" : 166,
      "endOffset" : 170
    }, {
      "referenceID" : 33,
      "context" : "Control Flow Graph (CFG) is a graph that represents the control flow of programs and are widely used in the analysis of software and have been studied for many years [36], [37], [38].",
      "startOffset" : 172,
      "endOffset" : 176
    }, {
      "referenceID" : 34,
      "context" : "Control Flow Graph (CFG) is a graph that represents the control flow of programs and are widely used in the analysis of software and have been studied for many years [36], [37], [38].",
      "startOffset" : 178,
      "endOffset" : 182
    }, {
      "referenceID" : 35,
      "context" : "In [39], authors performed a set of normalization operation after disassembling an executable program for reducing effects of mutation techniques and unveiling the flow connections between benign and malicious code.",
      "startOffset" : 3,
      "endOffset" : 7
    }, {
      "referenceID" : 36,
      "context" : "Zhao [40] proposed a detection method based on features of the control flow graph for PE files.",
      "startOffset" : 5,
      "endOffset" : 9
    }, {
      "referenceID" : 37,
      "context" : "After feature selection, some data mining algorithm have been used for classification based on these features such as Decision Tree [41], Bagging [42] and Random Forest [43].",
      "startOffset" : 132,
      "endOffset" : 136
    }, {
      "referenceID" : 38,
      "context" : "After feature selection, some data mining algorithm have been used for classification based on these features such as Decision Tree [41], Bagging [42] and Random Forest [43].",
      "startOffset" : 146,
      "endOffset" : 150
    }, {
      "referenceID" : 39,
      "context" : "After feature selection, some data mining algorithm have been used for classification based on these features such as Decision Tree [41], Bagging [42] and Random Forest [43].",
      "startOffset" : 169,
      "endOffset" : 173
    }, {
      "referenceID" : 40,
      "context" : "[44] used CFG as a signature for malware detection.",
      "startOffset" : 0,
      "endOffset" : 4
    }, {
      "referenceID" : 41,
      "context" : "[45] used the simple CFG and API calls to detect metamorphic malware.",
      "startOffset" : 0,
      "endOffset" : 4
    }, {
      "referenceID" : 5,
      "context" : "Kim and Moon [7] proposed a new method to detect polymorphic script viruses.",
      "startOffset" : 13,
      "endOffset" : 16
    }, {
      "referenceID" : 12,
      "context" : "API [14] Detects polymorphic and unknown malware.",
      "startOffset" : 4,
      "endOffset" : 8
    }, {
      "referenceID" : 13,
      "context" : "[15] Outperforms popular antivirus software tools, such as McAfee Virus Scan and Norton Antivirus as well as previous data-mining based detection systems.",
      "startOffset" : 0,
      "endOffset" : 4
    }, {
      "referenceID" : 14,
      "context" : "[17] Detects malware before their execution.",
      "startOffset" : 0,
      "endOffset" : 4
    }, {
      "referenceID" : 17,
      "context" : "OpCode [20] Shows the ability of single OpCodes to use as feature in machine learning malware detection techniques.",
      "startOffset" : 7,
      "endOffset" : 11
    }, {
      "referenceID" : 19,
      "context" : "[23] Extracts proper features for machine learning classifiers.",
      "startOffset" : 0,
      "endOffset" : 4
    }, {
      "referenceID" : 20,
      "context" : "[24], [25], [26] Does not need high number of executable for each of the classes.",
      "startOffset" : 0,
      "endOffset" : 4
    }, {
      "referenceID" : 21,
      "context" : "[24], [25], [26] Does not need high number of executable for each of the classes.",
      "startOffset" : 6,
      "endOffset" : 10
    }, {
      "referenceID" : 22,
      "context" : "[24], [25], [26] Does not need high number of executable for each of the classes.",
      "startOffset" : 12,
      "endOffset" : 16
    }, {
      "referenceID" : 41,
      "context" : "CFG API calls [45] Detects unknown malwares.",
      "startOffset" : 14,
      "endOffset" : 18
    }, {
      "referenceID" : 5,
      "context" : "Dependency graph [7] Outperforms antiviruses in detecting VBS malwares.",
      "startOffset" : 17,
      "endOffset" : 20
    }, {
      "referenceID" : 6,
      "context" : "(PE) section plain-text strings byte sequence [8] Detects previously undetectable malicious executable.",
      "startOffset" : 46,
      "endOffset" : 49
    }, {
      "referenceID" : 30,
      "context" : "N-Gram [34] Improves the accuracy of malware detection effectively.",
      "startOffset" : 7,
      "endOffset" : 11
    } ],
    "year" : 2013,
    "abstractText" : "Malware is a malicious code which is developed to harm a computer or network. The number of malwares is growing so fast and this amount of growth makes the computer security researchers invent new methods to protect computers and networks. There are three main methods used to malware detection: Signature based, Behavioral based and Heuristic ones. Signature based malware detection is the most common method used by commercial antiviruses but it can be used in the cases which are completely known and documented. Behavioral malware detection was introduced to cover deficiencies of signature based method. However, because of some shortcomings, the heuristic methods have been introduced. In this paper, we discuss the state of the art heuristic malware detection methods and briefly overview various features used in these methods such as API Calls, OpCodes, N-Grams etc. and discuss their advantages and disadvantages. Keywords-Malware Detection, Computer Security, API Call, NGram, OpCode, Control Flow Graph.",
    "creator" : "'Certified by IEEE PDFeXpress at 05/05/2013 2:06:41 PM'"
  }
}