{
  "name" : "ieee_5675808.pdf",
  "metadata" : {
    "source" : "CRF",
    "title" : "ANALYSIS OF MACHINE LEARNING TECHNIQUES USED IN BEHAVIOR-BASED MALWARE DETECTION",
    "authors" : [ "Ivan Firdausi", "Charles Lim", "Alva Erwin", "Anto Satriyo Nugroho" ],
    "emails" : [ "ivan.firdausi@student.sgu.ac.id", "charles.lim@sgu.ac.id", "alva.erwin@sgu.ac.id", "asnugroho@ieee.org" ],
    "sections" : [ {
      "heading" : "I. INTRODUCTION",
      "text" : " The problem to be examined involves the high spreading rate of computer malware (viruses, worms, Trojan horses, rootkits, botnets, backdoors, and other malicious software) and conventional signature matching-based antivirus systems fail to detect polymorphic and new, previously unseen malicious executables. Malware are spreading all over the world through the Internet and are increasing day by day, thus becoming a serious threat. The manual heuristic inspection of static malware analysis is no longer considered effective and efficient compared against the high spreading rate of malware.\nNevertheless, researches are trying to develop various alternative approaches in combating and detecting malware. One proposed approach (solution) is by using automatic dynamic (behavior) malware analysis combined with data mining tasks, such as, machine learning (classification) techniques to achieve effectiveness and efficiency in detecting malware."
    }, {
      "heading" : "A. Data Acquisition and Storage",
      "text" : "The data set consists of malware data set and benign instance data set. Both malware and benign instance data sets are in the format of Windows Portable Executable (PE) file binaries. A total of 220 unique malware (specifically\n978-0-7695-4269-0/10 $26.00 © 2010 IEEE DOI 10.1109/ACT.2010.33\n20031\nIndonesian malware) samples were acquired. The benign instance data set samples were collected from system files located in the “System32” directory of a clean installation of Windows XP Professional 32-bit with Service Pack 2. A total of 250 unique benign software samples were acquired."
    }, {
      "heading" : "B. Automatic Behavior Monitoring and Report Generation",
      "text" : "The next step is conducting dynamic analysis (behavior monitoring) of both the malware and benign instance data sets. This process is done by submitting each and every sample to a free-online automatic dynamic analysis service: Anubis [6]. Binary submission and execution of Anubis result in the generation of a report file. In this research, all the generated report files were downloaded in XML format."
    }, {
      "heading" : "C. Data Preprocessing",
      "text" : "The next step is conducting data preprocessing. The data preprocessing steps of this research are described as follows: 1. All the XML report files were parsed to select the most\nrelevant and important attribute values (feature selection). 2. A term dictionary was created, which contains all the\nattribute values that were previously parsed and selected. 3. Each XML report file was compared against the term\ndictionary by counting the existence (or non-existence) of each term word in the term dictionary based on binary weight and term frequency weight. 4. Sparse vector models were created for each XML report file and Attribute-Relation File Format (ARFF) files were created."
    }, {
      "heading" : "D. Learning and Classification",
      "text" : "The next step is to conduct learning and classification based on the ARFF files. Machine learning techniques were applied for the learning and classification of the ARFF files.\nIV. TESTS AND EXPERIMENTAL RESULTS The tests and experiments were conducted using Weka [1] 3.6.2 for Windows OS version. These tests and experiments were conducted based upon four data sets: 1. Binary-weight vector model without feature selection. 2. Term frequency-weight vector model without feature\nselection. 3. Binary-weight vector model with feature selection. 4. Term frequency-weight vector model with feature\nselection.\nEach data set was applied to 5 different classifier algorithms, which were k-Nearest Neighbor, Naïve Bayes, Support Vector Machine (SVM), J48 decision tree, and Multilayer Perceptron (MLP) neural network."
    }, {
      "heading" : "A. Performance Metrics",
      "text" : "This research statistically measured the performance of the binary classification (malicious or benign) tests that were conducted. The statistical measures include true positive rate (sensitivity, recall, hit rate), false positive rate (fall-out), positive predictive value (precision), and accuracy."
    }, {
      "heading" : "B. Without Feature Selection",
      "text" : "From Tab. I, Fig. 2, Tab. II, and Fig. 3, performance results were best achieved by J48 on both binary-weight and term frequency-weight data sets, although there were slightly different performance between kNN, SVM, and J48. In addition, Naïve Bayes achieved the poorest performance on both binary-weight and term frequency-weight data sets.\nTABLE II. PERFORMANCE METRICS RESULTS (TERM\nFREQUENCY, NO FEATURE SELECTION) Classifier TPR FPR PPV ACC kNN 86.8% 8.8% 90.4% 89.1% Naïve Bayes 56.8% 22.2% 86.3% 62.8% SVM 90.5% 7.3% 91.8% 91.7% J48 95.9% 2.4% 97.3% 96.8%"
    }, {
      "heading" : "C. With Feature Selection",
      "text" : "Based on the tests and experiments conducted for feature selection using Correlation-based Feature Selection (CFS) Subset Evaluator and Best First search algorithm, the feature selection results are as follows: 1. For the binary-weighted data sets, the attributes were\nreduced from 5191 attributes to 116 attributes (a reduction of 97.7%). 2. For the term frequency-weighted data sets, the attributes were reduced from 5191 attributes to 11 attributes (a reduction of 99.7%).\nTABLE IV. PERFORMANCE METRICS RESULTS (TERM\nFREQUENCY, FEATURE SELECTION) Classifier TPR FPR PPV ACC kNN 94.3% 8.1% 90.4% 92.9% Naïve Bayes 58.7% 19.1% 87.7% 65.4% SVM 94.1% 10.2% 87.7% 91.7% J48 94.5% 4.8% 94.5% 94.9% MLP 94.4% 6.0% 93.2% 94.2%\nFrom Tab. III, Fig. 4, Tab. IV, and Fig. 5, performance results were best achieved also by J48 on both binary-weight and term frequency-weight data sets, although there were also slightly different performance between kNN, SVM, J48, and MLP. Furthermore, although the attributes (features) were reduced, good performance results could still be achieved by performing feature selection.\nV. CONCLUSION In conclusion, it can be stated that this research has developed a proof-of-concept of an alternative malware detection method.\nFeature selection was presented in this research using Best First search algorithm. By performing feature selection or feature reduction, the features were reduced drastically. Hence, the time taken to train and build the model becomes shorter at the cost of the performance decreases slightly. In some cases, the performance can also increase slightly.\nThe performance comparison of 5 different classifiers was also presented. The overall best performance was achieved by J48 using the term frequency-weight without feature selection data set, with a recall (true positive rate) of 95.9%, a false positive rate of 2.4%, a precision (positive predictive value) of 97.3%, and an accuracy of 96.8%. The analysis of the tests and experimental results concluded that this proof-of-concept is quite effective and efficient in detecting malware."
    } ],
    "references" : [ {
      "title" : "The WEKA Data Mining Software: An Update",
      "author" : [ "M. Hall", "E. Frank", "G. Holmes", "B. Pfahringer", "P. Reutemann", "I.H. Witten" ],
      "venue" : "SIGKDD Explorations, Volume 11, Issue 1",
      "citeRegEx" : "1",
      "shortCiteRegEx" : null,
      "year" : 2009
    }, {
      "title" : "and K",
      "author" : [ "P. Trinius", "C. Willems", "T. Holz" ],
      "venue" : "Rieck, “A Malware Instruction Set for Behavior-Based Analysis”",
      "citeRegEx" : "2",
      "shortCiteRegEx" : null,
      "year" : 2009
    }, {
      "title" : "Learning and Classification of Malware Behavior",
      "author" : [ "K. Rieck", "T. Holz", "C. Willems", "P. Duessel", "P. Laskov" ],
      "venue" : "DIMVA, LNCS 5137, pp. 108–125, Berlin Heidelberg: Springer-Verlag",
      "citeRegEx" : "3",
      "shortCiteRegEx" : null,
      "year" : 2008
    }, {
      "title" : "and T",
      "author" : [ "K. Rieck", "P. Trinius", "C. Willems" ],
      "venue" : "Holz, “Automatic Analysis of Malware Behavior using Machine Learning”",
      "citeRegEx" : "4",
      "shortCiteRegEx" : null,
      "year" : 2009
    }, {
      "title" : "Mining Specifications of Malicious Behavior",
      "author" : [ "M. Christodorescu", "S. Jha", "C. Kruegel" ],
      "venue" : "Proceedings of the 6th joint meeting of the ESEC and the ACM SIGSOFT Symposium on the FSE, September 3–7, Dubrovnik, Croatia, ACM",
      "citeRegEx" : "5",
      "shortCiteRegEx" : null,
      "year" : 2007
    }, {
      "title" : "TTAnalyze: A Tool for Analyzing Malware",
      "author" : [ "U. Bayer", "C. Kruegel", "E. Kirda" ],
      "venue" : "15th Annual Conference of the European Institute for Computer Antivirus Research, Hamburg, Germany, pp. 180–192",
      "citeRegEx" : "6",
      "shortCiteRegEx" : null,
      "year" : 2006
    } ],
    "referenceMentions" : [ {
      "referenceID" : 1,
      "context" : "[2] introduced a new representation for monitored behavior of malicious software called Malware Instruction Set (MIST).",
      "startOffset" : 0,
      "endOffset" : 3
    }, {
      "referenceID" : 2,
      "context" : "[3] aim to exploit specific shared patterns for classification of malware.",
      "startOffset" : 0,
      "endOffset" : 3
    }, {
      "referenceID" : 3,
      "context" : "[4] propose a framework for automatic analysis of malware behavior using machine learning.",
      "startOffset" : 0,
      "endOffset" : 3
    }, {
      "referenceID" : 4,
      "context" : "[5] propose a technique by comparing the execution behavior of a known malware against the execution behaviors of a set of benign programs.",
      "startOffset" : 0,
      "endOffset" : 3
    }, {
      "referenceID" : 5,
      "context" : "This process is done by submitting each and every sample to a free-online automatic dynamic analysis service: Anubis [6].",
      "startOffset" : 117,
      "endOffset" : 120
    }, {
      "referenceID" : 0,
      "context" : "The tests and experiments were conducted using Weka [1] 3.",
      "startOffset" : 52,
      "endOffset" : 55
    } ],
    "year" : 2010,
    "abstractText" : "The increase of malware that are exploiting the Internet daily has become a serious threat. The manual heuristic inspection of malware analysis is no longer considered effective and efficient compared against the high spreading rate of malware. Hence, automated behavior-based malware detection using machine learning techniques is considered a profound solution. The behavior of each malware on an emulated (sandbox) environment will be automatically analyzed and will generate behavior reports. These reports will be preprocessed into sparse vector models for further machine learning (classification). The classifiers used in this research are k-Nearest Neighbors (kNN), Naïve Bayes, J48 Decision Tree, Support Vector Machine (SVM), and Multilayer Perceptron Neural Network (MLP). Based on the analysis of the tests and experimental results of all the 5 classifiers, the overall best performance was achieved by J48 decision tree with a recall of 95.9%, a false positive rate of 2.4%, a precision of 97.3%, and an accuracy of 96.8%. In summary, it can be concluded that a proofof-concept based on automatic behavior-based malware analysis and the use of machine learning techniques could detect malware quite effectively and efficiently.",
    "creator" : null
  }
}