{
  "name" : "acm_10.1145##1562764.1562783.pdf",
  "metadata" : {
    "source" : "CRF",
    "title" : null,
    "authors" : [ ],
    "emails" : [ ],
    "sections" : [ {
      "heading" : null,
      "text" : "56 CommuniCAtions of the ACm | oCtobER 2009 | vol. 52 | No. 10\ni l\nl u\ns t\nr a\nt i\no n\nB y\nl e\no n\ne l\nl o\nc a\nl v\ne t\nt i\nDoi:10.1145/1562764.1562783\nWriting programs that scale with increasing numbers of cores should be as easy as writing programs for sequential computers.\nbY Krste AsAnoViC, rAstisLAV boDiK, JAmes DemmeL, tonY KeAVenY, Kurt KeutZer, John KubiAtoWiCZ, neLson morGAn, DAViD PAtterson, KoushiK sen, John WAWrZYneK, DAViD WesseL, AnD KAtherine YeLiCK\nA View of the Parallel"
    }, {
      "heading" : "Computing",
      "text" : "Landscape\ntechnology advances to double performance every 18 months. The implicit hardware/software contract was that increased transistor count and power dissipation were OK as long as architects maintained the existing sequential programming model. This contract led to innovations that were inefficient in terms of transistors and power (such as multiple instruction issue, deep pipelines, out-of-order execution, speculative execution, and prefetching) but that increased performance while preserving the sequential programming model.\nThe contract worked fine until we hit the power limit a chip is able to dissipate. Figure 1 reflects this abrupt change, plotting the projected microprocessor clock rates of the International Technology Roadmap for Semiconductors in 2005 and then again just two years later.16 The 2005 prediction was that clock rates should have exceeded 10GHz in 2008, topping 15GHz in 2010. Note that Intel products are today far below even the conservative 2007 prediction.\nAfter crashing into the power wall, architects were forced to find a new paradigm to sustain ever-increasing performance. The industry decided the only viable option was to replace the single power-inefficient processor with many efficient processors on the same chip. The whole microprocessor industry thus declared that its future was in parallel computing, with increasing numbers of processors, or cores, each technology generation every two years. This style of chip was labeled a multicore microprocessor. Hence, the leap to multicore is not based on a breakthrough in programming or architecture and is actually a retreat from the more difficult task of building power-efficient, high-clock-rate, single-core chips.5\nMany startups have sold parallel computers over the years, but all failed, as programmers accustomed to continuous improvement in sequential performance saw little need to explore parallelism. Convex, Encore, Floating Point Systems, Inmos, Kendall Square\nINdUSTry NEEdS HELP from the research community to succeed in its recent dramatic shift to parallel computing. Failure could jeopardize both the IT industry and the portions of the economy that depend on rapidly improving information technology. Here, we review the issues and, as an example, describe an integrated approach we’re developing at the Parallel Computing Laboratory, or Par Lab, to tackle the parallel challenge.\nOver the past 60 years, the IT industry has improved the cost-performance of sequential computing by about 100 billion times overall.20 For most of the past"
    }, {
      "heading" : "20 years, architects have used the rapidly increasing",
      "text" : "transistor speed and budget made possible by silicon\noCtobER 2009 | vol. 52 | No. 10 | CommuniCAtions of the ACm 57\n58 CommuniCAtions of the ACm | oCtobER 2009 | vol. 52 | No. 10\nResearch, MasPar, nCUBE, Sequent, Silicon Graphics, and Thinking Machines are just the best-known members of the Dead Parallel Computer Society. Given this sad history, multicore pessimism abounds. Quoting computing pioneer John Hennessy, President of Stanford University:\n“…when we start talking about parallelism and ease of use of truly parallel computers, we’re talking about a problem that’s as hard as any that computer science has faced. …I would be panicked if I were in industry.”19\nJeopardy for the IT industry means opportunity for the research community. If researchers meet the parallel challenge, the future of IT is rosy. If they don’t, it’s not. Hence, there are few restrictions on potential solutions. Given an excuse to reinvent the whole software/hardware stack, this opportunity is also a once-in-acareer chance to fi x other weaknesses in computing that have accumulated over the decades like barnacles on the hull of an old ship.\nHere, we lay out one view of the opportunities, then, as an example, describe in more depth the approach of the Berkeley Parallel Computing Lab, or Par Lab, updating two long technical reports4,5 that include more detail. Our goal is to recruit more parallel revolutionaries."
    }, {
      "heading" : "Parallel bridge",
      "text" : "The bridge in Figure 2 represents an analogy connecting computer users on the right to the IT industry on the left. The left tower is hardware, the right tower is applications, and the\nlong span in between is software. We use the bridge analogy throughout this article. The aggressive goal of the parallel revolution is to make it as easy to write programs that are as effi cient, portable, and correct (and that scale as the number of cores per microprocessor increases biennially) as it has been to write programs for sequential computers. Moreover, we can fail overall if we fail to deliver even one of these “parallel virtues.” For example, if parallel programming is unproductive, this weakness will delay and reduce the number of programs that are able to exploit new multicore architectures.\nHardware tower. The power wall forces the change in the traditional programming model, but the question for parallel researchers is what kind of computing architecture should take its place. There is a technology sweet spot around a pipelined processor of fi ve-to-eight stages that is most effi - cient in terms of performance per joule and silicon area.5 Using simple cores means there is room for hundreds of them on the same chip. Moreover, having many such simple cores on a chip simplifi es hardware design and verifi - cation, since each core is simple, and replication of cores is nearly trivial. Just as it’s easy to add spares to mask manufacturing defects, “manycore” computers can also have higher yield.\nOne example of a manycore computer is from the world of network processors, which has seen a great deal of innovation recently due to the growth of the networking market. The best-designed network processor is arguably the Cisco Silicon Packet Processor, also known as\nMetro, which has 188 fi ve-stage RISC cores, plus four spares to help yield and dissipate just 35 watts.\nIt may be reasonable to assume that manycore computers will be homogeneous, like the Metro, but there is an argument for heterogeneous manycores as well. For example, suppose 10% of the time a program gets no speedup on a 100-core computer. To run this sequential piece twice as fast, assume a single fat core would need 10 times as many resources as a thin core due to larger caches, a vector unit, and other features. Applying Amdahl’s Law, here are the speedups (relative to one thin core) of 100 thin cores and 90 thin cores for the parallel code plus one fat core for the sequential code:\nSpeedup100 = 1 / (0.1 + 0.9/100) = 9.2 times faster\nSpeedup91 = 1 / (0.1/2 + 0.9/90) = 16.7 times faster\nIn this example of manycore processor speedup, a fat core needing 10 times as many resources would be more effective than the 10 thin cores it replaces.5,15\nOne notable challenge for the hardware tower is that it takes four to fi ve years to design and build chips and port software to evaluate them. Given this lengthy cycle, how could researchers innovate more quickly?\nSoftware span. Software is the main problem in bridging the gap between users and the parallel IT industry. Hence, the long distance of the span in\nFigure 2 refl ects the daunting magnitude of the software challenge.\nOne especially vexing challenge for the parallel software span is that sequential programming accommodates the wide range of skills of today’s programmers. Our experience teaching parallelism suggests that not every programmer is able to understand the nitty gritty of concurrent software and parallel hardware; diffi cult steps include locks, barriers, deadlocks, load balancing, scheduling, and memory consistency. How can researchers develop technology so all programmers benefi t from the parallel revolution?\nA second challenge is that two critical pieces of system software—compilers and operating systems—have grown large and unwieldy and hence\nfigure 1. microprocessor clock rates of intel products vs. projects from the international roadmap for semiconductors in 2005 and 2007.16\n25\n20\n15\n10\n5\n0\nC lo\nck r\nat e\n(G h\nz)\nintel single core\nintel multicore\n2007 roadmap\n2005 roadmap\n2001 2003 2005 2007 2009 2011 2013\noCtobER 2009 | vol. 52 | No. 10 | CommuniCAtions of the ACm 59\nresistant to change. One estimate is that it takes a decade for a new compiler optimization to become part of production compilers. How can researchers innovate rapidly if compilers and operating systems evolve so glacially?\nA fi nal challenge is how to measure improvement in parallel programming languages. The history of these languages largely refl ects researchers deciding what they think would be better and then building it for others to try. As humans write programs, we wonder whether human psychology and human-subject experiments shouldn’t be allowed to play a larger role in this revolution.17\nApplications tower. The goal of research into parallel computing should be to fi nd compelling applications that thirst for more computing than is currently available and absorb biennially increasing number of cores for the next decade or two. Success does not require improvement in the performance of all legacy software. Rather, we need to create compelling applications that effectively utilize the growing number of cores while providing software environments that ensure that legacy code still works with acceptable performance.\nNote that the notion of “better”\nings with 50,000 or more servers to run SaaS, inspiring the new catchphrase “cloud computing.”b They have also begun renting thousands of machines by the hour to enable smaller companies to benefi t from cloud computing. We expect these trends to accelerate; and\nThe mobile device (laptops and handhelds) is the client. In 2007, HewlettPackard, the largest maker of PCs, shipped more laptops than desktops. Millions of cellphones are shipped each day with ever-increasing functionality, a trend we expect to accelerate as well.\nSurprisingly, these extremes in computing share many characteristics. Both concern power and energy— the datacenter due to the cost of power and cooling and the mobile client due to battery life. Both concern cost— the datacenter because server cost is replicated 50,000 times and mobile clients because of a lower unit-price target. Finally, the software stacks are becoming similar, with more layers for mobile clients and increasing concern about protection and security.\nb See Ambrust, M. et al. Above the Clouds: A Berkeley View of Cloud Computing. University of California, Berkeley, Technical Report EECS-2009-28.\nis not defi ned by only average performance; advances could be in, say, worst-case response time, battery life, reliability, or security. To save the IT industry, researchers must demonstrate greater end-user value from an increasing number of cores."
    }, {
      "heading" : "Par Lab",
      "text" : "As a concrete example of the parallel landscape, we describe Berkeley’s Par Lab project,a exploring one of many potential approaches, though we won’t know for years which of our ideas will bear fruit. We hope it inspires more researchers to participate, increasing the chance of fi nding a solution before it’s too late for the IT industry.\nGiven a fi ve-year project, we project the state of the fi eld in fi ve to 10 years, anticipating that IT will be driven to extremes in size due to the increasing popularity of software as a service, or SaaS:\nThe datacenter is the server. Amazon, Google, Microsoft, and other major IT vendors are racing to construct build-\na In March 2007, Intel and Microsoft invited 25 universities to propose fi ve-year centers for parallel computing research; the Berkeley and Illinois efforts were ranked fi rst and second. contributed articles i l l u s t r a t i o n B y l e o n e l l o c a l v e t t i figure 2. bridge analogy connecting users to a parallel it industry, inspired by the view of the Golden Gate bridge from berkeley, CA. it industry hardware software Applications users\n60 CommuniCAtions of the ACm | oCtobER 2009 | vol. 52 | No. 10\nMany datacenter applications have ample parallelism across independent users, so the Par Lab focuses on parallelizing applications for clients. The multicore and manycore chips in the datacenter stand to benefit from the same tools and techniques developed for similar chips in mobile clients.\nGiven this projection, we decided to take a fresh approach: the Par Lab will be driven top-down, applications first, then software, and finally hardware.\nPar Lab application tower. An unfortunate computer science tradition is we build research prototypes, then wonder why applications people don’t use them. In the Par Lab, we instead selected applications up-front to drive research and provide concrete goals and metrics to evaluate progress. We selected each application based on five criteria: compelling in terms of likely market or social impact, with short-term feasibility and longer-term potential; requiring significant speedup or smaller, more efficient platform to work as intended; covering the possible platforms and markets likely to dominate usage; enabling technology for other applications; and involvement of a local committed expert application partner to help design, use, and evaluate our technology.\nHere are the five initial applications we’re developing:\nMusic/hearing. High-performance signal processing will permit: concertquality sound-delivery systems for home sound systems and conference calls; composition and gesture-driven live-performance systems; and much improved hearing aids;\nSpeech understanding. Dramatically improved automatic speech recognition in moderately noisy and reverberant environments would greatly improve existing applications and enable new ones, like, say, a real-time meeting transcriber with rewind and search. Depending on acoustic conditions, current transcribers can generate many errors;\nContent-based image retrieval. Consumer-image databases are growing so dramatically they require automated search instead of manual labeling. Low error rates require processing very high dimensional feature spaces. Current image classifiers are too slow to deliver adequate response times;\nIntraoperative risk assessment for\nstroke patients. Advanced physiological blood-flow modeling based on computational analysis of 3D medical images of a patient’s cerebral vasculature enables “virtual stress testing” to riskstratify stroke victims intraoperatively. Patients thus identified at low risk of complications can then be treated to mitigate the effects of the stroke. This technology will ultimately lower complication rates in treating stroke victims, improve quality of life, reduce medical care expenditures, and save lives; and\nParallel browser. The browser will be the largest and most important application on many mobile devices. We will first parallelize sequential browser bottlenecks. Rather than parallelizing JavaScript programs, we are pursuing an actor language with implicit parallelism. Such a language may be accessible to Web programmers while allowing them to extract the parallelism in the browser’s JIT compiler, thereby turning all Web-site developers unknowingly into parallel programmers.\nApplication-domain experts are first-class members of the Par Lab project. Rather than try to answer design questions abstractly, we ask our experts what they prefer in each case. Project success is judged by the user experience with the collective applications on our hardware-software prototypes. If successful, we imagine building on these five applications to create other applications that are even more compelling, as in the following two examples:\nName Whisperer. Imagine that your mobile client peeking out of your shirt pocket is able to recognize the person walking toward you to shake your hand. It would search a personal image database, then whisper in your ear, “This man is John Smith. He got an A– from you in CS152 in 1993”; and\nHealth Coach. As your mobile client is always with you, you could take pictures and weigh your dishes (assuming it has a built-in scale) before and after each meal. It would also record how much you exercise. Given calories consumed and burned and an image of your body, it could visualize what you’re likely to look like in six months at this rate and what you’d look like if you ate less or exercised more.\nPar Lab software span. Software is the major effort of the project, and we’re taking a different path from pre-\nvious parallel projects, emphasizing software architecture, autotuning, and separate support for productivity vs. performance programming.\nArchitecting parallel software with design patterns, not just parallel programming languages. Our situation is similar to that found in other engineering disciplines where a new challenge emerges that requires a top-to-bottom rethinking of the entire engineering process; for example, in civil architecture, Filippo Brunelleschi’s solution in 1418 for how to construct the dome for the Cathedral of Florence required innovations in tools and building techniques, as well as rethinking the whole process of developing an architecture. All computer science faces a similar challenge; parallel programming is overdue for a fundamental rethinking of the process of designing software.\nProgrammers have been trying to craft parallel code for decades and learned a great deal about what works and what doesn’t work. Automatic parallelism doesn’t work. Compilers are great at low-level scheduling decisions but can’t discover new algorithms to exploit concurrency. Programmers in high-performance computing have shown that explicit technologies (such as MPI and OpenMP) can be made to work but too often require heroic effort untenable for most commercial software vendors.\nTo engineer high-quality parallel software, we plan to rearchitect the software through a “design pattern language.” As explored in his 1977 book, civil architect Christopher Alexander wrote that “design patterns” describe time-tested solutions to recurring problems within a well-defined context.3 An example is Alexander’s “family of entrances” pattern, addressing how to simplify comprehension of multiple entrances for a first-time visitor to a site. He defined a “pattern language” as a collection of related and interlocking patterns, constructed such that the patterns flow into each other as the designer solves a design problem.\nComputer scientists are trained to think in well-defined formalisms. Pattern languages encourage a less formal, more associative way of thinking about a problem. A pattern language does not impose a rigid methodology; rather, it fosters creative problem\noCtobER 2009 | vol. 52 | No. 10 | CommuniCAtions of the ACm 61\nsolving by providing a common vocabulary to capture the problems encountered during design and identify potential solutions from among families of proven designs.\nThe observation that design patterns and pattern languages might be useful for software design is not new. An example is Gamma et al.’s 1994 book Design Patterns, which outlined patterns useful for object-oriented programming.12 In building our own pattern language, we found Shaw’s and Garlan’s report,23 which described a variety of architectural styles useful for organizing software, to be very effective. That these architectural styles may also be viewed as design patterns was noted earlier by Buschmann in his 1996 book Pattern-Oriented Software Architecture.7 In particular, we adopted Pipe-and-Filter, Agent-and-Repository, Process Control, and Event-Based architectural styles as structural patterns within our pattern language. To this list, we add MapReduce and Iterator as structural design patterns.\nThese patterns define the structure of a program but do not indicate what is actually computed. To address this blind spot, another key part of our pattern language is the set of “dwarfs” of the Berkeley View reports4,5 (see Figure 3). Dwarfs are best understood as computational patterns providing the computational interior of the structural patterns discussed earlier. By analogy, the structural patterns describe a factory’s physical structure and general workflow. The computational patterns describe the factory’s machinery, flow of resources, and work products. Structural and computational patterns can be combined to architect arbitrarily complex parallel software systems.\nConvention holds that truly useful patterns are not invented but mined from successful software applications. To arrive at our list of useful computational patterns we began with those compiled by Phillip Collela of Lawrence Berkeley National Laboratory of the “seven dwarfs of high-performance computing.” Then, in 2006 and 2007 we worked with domain experts to broadly survey other application areas, including embedded systems, general-purpose computing (SPEC benchmarks), databases, games, artificial intelligence/machine learning, computer-aided design of integrated\ncircuits, and high-performance computing. We then focused in depth on the patterns in the applications we described earlier. Figure 3 shows the results of our pattern mining.\nComputational and structural patterns can be hierarchically composed to define an application’s high-level software architecture, but a complete pattern language for application design must at least span the full range, from high-level architecture to detailed software implementation and tuning. Mattson et al’s 2004 book Patterns for Parallel Programming18 was the first such attempt to systematize parallel programming using a complete pattern language. We combine the structural and computational patterns mentioned earlier in our pattern language to literally sit on top of the algorithmic structures and implementation structures in the pattern language in Mattson’s book. The resulting pattern language is still under development but is already employed by the Par Lab to develop the software architectures and parallel implementations of such diverse applications as content-based image retrieval, large-vocabulary continuous speech recognition, and timing analysis for integrated circuit design.\nPatterns are conceptual tools that help a programmer reason about a software project and develop an architecture but are not themselves implementation mechanisms for producing code.\nSplit productivity and efficiency layers, not just a single general-purpose layer. A key Par Lab research objective is to enable programmers to easily write programs that run as efficiently on manycore systems as on sequential ones. Productivity, efficiency, and correctness are inextricably linked and must be addressed together. These objectives cannot be accomplished with a single-point solution (such as a universal language). In our approach, productivity is addressed in a productivity layer that uses a common composition and coordination language to glue together the libraries and programming frameworks produced by the efficiency-layer programmer. Efficiency is principally handled through an efficiency layer that is targeted for use by expert parallel programmers.\nThe key to generating a successful\nif researchers meet the parallel challenge, the future of it is rosy. if they don’t, it’s not.\n62 CommuniCAtions of the ACm | oCtobER 2009 | vol. 52 | No. 10\nmulticore software developer community is to maximally leverage the efforts of parallel programming experts by encapsulating their software for use by the programming masses. We use the term “programming framework” to mean a software environment that supports implementation of the solution proposed by the associated design pattern. The difference between a programming framework and a general programming model or language is that in a programming framework the customization is performed only at specified points that are harmonious with the style embodied in the original design pattern. An example of a successful sequential programming framework is the Ruby on Rails framework, which is based on the Model-View-Controller pattern.26 Users have ample opportunity to customize the framework but only in harmony with the core Model-ViewController pattern.\nFrameworks include libraries, code generators, and runtime systems that assist programmers with implementation by abstracting difficult portions of the computation and incorporating them into the framework itself. Historically successful parallel frameworks encode the collective experience of the programming community’s solutions\nto recurring problems. Basing frameworks on pervasive design patterns will help make parallel frameworks broadly applicable.\nProductivity-layer programmers will compose libraries and programming frameworks into applications with the help of a composition and coordination language.13 The language will be implicitly parallel; that is, its composition will have serial semantics, meaning the composed programs will be safe (such as race-free) and virtualized with respect to processor resources. It will document and check interface restrictions to avoid concurrency bugs resulting from incorrect composition, as in, say, instantiating a framework with a stateful function when a stateless one is required. Finally, it will support definition of domain-specific abstractions for constructing frameworks for specific applications, offering a programming experience similar to MATLAB and SQL.\nParallel programs in the efficiency layer are written very close to the machine, with the goal of allowing the best possible algorithm to be written in the primitives of the layer. Unfortunately, existing multicore systems do not offer a common low-level programming model for parallel code. We are thus\ndefining a thin portability layer that runs efficiently across single-socket platforms and includes features for parallel job creation, synchronization, memory allocation, and bulk-memory access. To provide a common model of memory across machines with coherent caches, local stores, and relatively slow off-chip memory, we are defining an API based on the idea of logically partitioned shared memory, inspired by our experience with Unified Parallel C,27 which partitions memory among processors but not (currently) between on- and off-chip.\nWe may implement this efficiency language either as a set of runtime primitives or as a language extension of C. It will be extensible with libraries to experiment with various architectural features (such as transactions, dynamic multithreading, active messages, and collective communication). The API will be implemented on some existing multicore and manycore platforms and on our own emulated manycore design.\nTo engineer parallel software, programmers must be able to start with effective software architectures, and the software engineer would describe the solution to a problem in terms of a design pattern language. Based on this language, the Par Lab is creating a fam-\nfigure 3. the color of a cell (for 12 computational patterns in seven general application areas and five Par Lab applications) indicates the presence of that computational pattern in that application; red/high; orange/moderate; green/low; blue/rare.\ne m\nb ed\ns P\ne C\nD b\nG am\nes\nm L\nC A\nD\nh P\nC\nhealth image speech music browser\n1. finite state mach.\n2. Circuits\n3. Graph Algorithms\n4. structured Grid\n5. Dense matrix\n6. sparse matrix\n7. spectral (fft)\n8. Dynamic Prog\n9. Particle methods\n10. backtrack/b&b\n11. Graphical models\n12. unstructured Grid\noCtobER 2009 | vol. 52 | No. 10 | CommuniCAtions of the ACm 63\nily of frameworks to help turn a design into working code. The general-purpose programmer will work largely with the frameworks and stay within what we call the productivity layer. Specialist programmers trained in the details of parallel programming technology will work within the efficiency layer to implement the frameworks and map them onto specific hardware platforms. This approach will help general-purpose programmers create parallel software without having to master the low-level details of parallel programming.\nGenerating code with search-based autotuners, not compilers. Compilers that automatically parallelize sequential code may have great commercial value as computers go from one to two to four cores, though as described earlier, history suggests they will be unable to scale from 32 to 64 to 128 cores. Compiling will be even more difficult, as the switch to multicore means microprocessors are becoming more diverse, since conventional wisdom is not yet established for multicore architectures. For example, the table here shows the diversity in designs of x86 and SPARC multicore computers. In addition, as the number of cores increase, manufacturers will likely offer products with differing numbers of cores per chip to cover multiple price-performance points. They will also allow each core to vary its clock frequency to save power. Such diversity will make the goals of efficiency, scaling, and portability even more difficult for conventional compilers, at a time when innovation is desperately needed.\nIn recent years, autotuners have become popular for producing highquality, portable scientific code for serial microprocessors,10 optimizing a set of library kernels by generating many variants of a kernel and measuring each variant by running on the target platform. The search process effectively tries many or all optimization switches; hence, searching may take hours to complete on the target platform. However, search is performed only once, when the library is installed. The resulting code is often several times faster than naive implementations. A single autotuner can be used to generate highquality code for a variety of machines. In many cases, the autotuned code is faster than vendor libraries that were specifically hand-tuned for the target\nThe synthesized mechanics could be barrier synchronization expressions or tricky loop bounds in stencil loops. Our sketching-based synthesis is to traditional, deductive synthesis what model checking is to theorem proving; rather than interactively deriving a program, our system searches a space of candidate programs with constraint solving. Efficiency is achieved by reducing the problem to one solved with two communicating SAT solvers. In future work, we hope to synthesize parallel sparse matrix codes and data-parallel algorithms for additional problems (such as parsing).\nVerification and testing, not one or the other. Correctness is addressed differently at the two layers. The productivity layer is free from concurrency problems because the parallelism models are restricted, and the restrictions are enforced. The efficiency-layer code is checked automatically for subtle concurrency errors.\nA key challenge in verification is obtaining specifications for programs to verify. Modular verification and automated unit-test generation require the specification of high-level serial semantic constraints on the behavior of the individual modules (such as parallel frameworks and parallel libraries). To simplify specification, we use executable sequential programs with the same behavior as a parallel component, augmented with atomicity constraints on a task,21 predicate abstractions of the interface of a module,14 or multiple ownership types.8\nProgrammers often find it difficult to specify such high-level contracts involving large modules; however, most find it convenient to specify local properties of programs using assert statements and type annotations. Local assertions and type annotations are often generated from a program’s implicit correctness requirements (such as data race, deadlock freedom, and memory safety). The system propagates implications of these local assertions to the module boundaries through a combination of static verification and directed automated unit testing. These implications create serial contracts that specify how the modules (such as frameworks) are used correctly. When the contracts for the parallel modules are in place, programmers use static program verification to\nmachine. This surprising result is partly explained by the way the autotuner tirelessly tries many unusual variants of a particular routine. Unlike libraries, autotuners also allow tuning to the particular problem size. Autotuners also preserve clarity and support portability by reducing the temptation to mangle the source code to improve performance for a particular computer.\nAutotuning also helps with production of parallel code. However, parallel architectures introduce many new optimization parameters; so far, there are few successful autotuners for parallel codes. For any given problem, there may be several parallel algorithms, each with alternative parallel data layouts. The optimal choice may depend not only on the processor architecture but also on the parallelism of the computer and memory bandwidth. Consequently, in a parallel setting, the search space will be much larger than for traditional serial hardware.\nThe table lists the results of autotuning on three multicores for three kernels related to the dwarfs’ sparse matrix, stencil for PDEs, and structured grids9,30,31 mentioned earlier. This autotuned code is the fastest known for these kernels for all three computers. Performance increased by factors of two to four over standard code, much better than you would expect from an optimizing compiler.\nEfficiency-layer programmers will be able to build autotuners for use by domain experts and other efficiencylayer programmers to help deliver on the goals of efficiency, portability, and scalability.\nSynthesis with sketching. One challenge for autotuning is how to produce the high-performance implementations explored by the search. One approach is to synthesize these complex programs. In doing so, we rely on the search for performance tuning, as well as for programmer productivity. To address the main challenge of traditional synthesis—the need for experts to communicate their insight with a formal domain theory—we allow that insight to be communicated directly by programmers who write an incomplete program, or “sketch.” In it, they provide an algorithmic skeleton, and the synthesizer supplies the low-level mechanics by filling in the holes in the sketch.\n64 CommuniCAtions of the ACm | oCtobER 2009 | vol. 52 | No. 10\ncheck if the client code composed with the contracts is correct.\nStatic program analysis in the presence of pointers and heap memory falsely reports many errors that cannot really occur. For restricted parallelism models with global synchronization, this analysis becomes more tractable, and a recently introduced technique called “directed automated testing,” or concolic unit testing, has shown promise for improving software quality through automated test generation using a combination of static and dynamic analyses.21 The Par Lab combines directed testing with model-checking algorithms to unit-test parallel frameworks and libraries composed with serial contracts. Such techniques enable programmers to quickly test executions for data races and deadlocks directly, since a combination of directed test input generation and model checking hijacks the underlying scheduler and controls the synchronization primitives. Our testing techniques will provide deterministic replay and debugging capabilities at low cost. We will also develop randomized extensions of our directed testing techniques to build a probabilistic model of path cover-\nage. The probabilistic models will give a more realistic estimate of coverage of race and other concurrency errors in parallel programs.\nParallelism for energy efficiency. While the earlier computer classes—desktops and laptops—reused the software of their own earlier ancestors, the energy efficiency for handheld operation may need to come from data parallelism in tasks that are currently executed sequentially, possibly from three sources:\nEfficiency. Completing a task on slow parallel cores will be more efficient than completing it in the same time sequentially on one fast core;\nEnergy amortization. Preferring dataparallel algorithms over other styles of parallelism, as SIMD and vector computers amortize the energy expended on instruction delivery; and\nEnergy savings. Message-passing programs may be able to save the energy used by cache coherence.\nWe apply these principles in our work on parallel Web browsers. In algorithm design, we observe that to save energy with parallelization, parallel algorithms must be close to “work efficient,” that is, they should perform no more total work than a sequential algorithm, or\nelse parallelization is counterproductive. The same argument applies to optimistic parallelization. Work efficiency is a demanding requirement, since, for some “inherently sequential” problems, like finite-state machines, only workinefficient algorithms are known. In this context, we developed a nearly work-efficient algorithm for lexical analysis. We are also working on data-parallel algorithms for Web-page layout and identifying parallelism in future Web-browser applications, attempting to implement them with efficient message passing.\nSpace-time partitioning for deconstructed operating systems. Space-time partitioning is crucial for manycore client operating systems. A spatial partition (partition for short) is an isolated unit containing a subset of physical machine resources (such as cores, cache partitions, guaranteed fractions of memory or network bandwidth, and energy budget). Space-time partitioning virtualizes spatial partitions by time-multiplexing whole partitions onto available hardware but at a coarse-enough granularity to allow efficient programmerlevel scheduling in a partition.\nThe presence of space-time partitioning leads to restructuring systems\nAutotuned performance in GfLoPs/s on three kernels for dual-socket systems.\nmPu type\nIntel e5345 Xeon 4 out-of-order cores,\n2.3Gh\nAMD 2356 Opteron X4 4 out-of-order cores,\n2.3Ghz\nSun 5140 UltraSPARC T2 8 multithreaded cores,\n1.2Ghz\nKernel Optimization SpMV Stencil LBMhD SpMV Stencil LBMhD SpMV Stencil LBMhD\nStandard 1.0 1.3 3.5 1.4 1.5 3.0 2.1 0.5 3.4\nNUMA 1.0 — 3.5 2.4 2.6 3.7 3.5 0.5 3.8\nPadding — 1.3 4.5 — 3.1 5.8 — 0.5 3.8\nVectorization — — 4.6 — — 7.7 — — 9.7\nUnrolling — 1.7 4.6 — 3.6 8.0 — 0.5 9.7\nPrefetching 1.1 1.7 4.6 2.9 3.8 8.1 3.6 0.5 10.5\nCompression 1.5 — — 3.6 — — 4.1 — —\n$/TLB block — 2.2 — — 4.9 — — 5.1 —\nCollab Thread — — — — — — — 6.7 —\nSIMD — 2.5 5.6 — 8.0 14.1 — — —\nFinal 1.5 2.5 5.6 3.6 8.0 14.1 4.1 6.7 10.5\noCtobER 2009 | vol. 52 | No. 10 | CommuniCAtions of the ACm 65\nservices as a set of interacting distributed components. We propose a new “deconstructed OS” called Tessellation structured around space-time partitioning and two-level scheduling between the operating system and application runtimes. Tessellation implements scheduling and resource management at the partition granularity. Applications and OS services (such as file systems) run within their own partitions. Partitions are lightweight and can be resized or suspended with similar overheads to a process-context swap.\nA key tenet of our approach is that resources given to a partition are either exclusive (such as cores or private caches) or guaranteed via a quality-of-service contract (such as a minimum fraction of network or memory bandwidth). During a scheduling quantum, the application runtime within a partition is given unrestricted “bare metal” access to its resources and may schedule tasks onto them in some way. Within a partition, our approach has much in common with the Exokernel.11 In the common case, we expect many application runtimes to be written as libraries (similar to libOS). Our Tessellation kernel is a thin layer responsible for only the coarse-grain scheduling and assignment of resources to partitions and implementation of secure restricted communications among partitions. The Tessellation kernel is much thinner than traditional kernels or even hypervisors. It avoids many of the performance issues associated with traditional microkernels by providing OS services through secure messaging to spatially co-resident service partitions, rather than context-switching to timemultiplexed service processes.\nPar Lab hardware tower. Past parallel projects were often driven by the hardware determining the application and software environment. The Par Lab is driven top down from the applications, so the question this time is what should architects do to help with the goals of productivity, efficiency, correctness, portability, and scalability?\nHere are four examples of this kind of help that illustrate our approach:\nSupporting OS partitioning. Our hardware architecture enforces partitioning of not only the cores and on-chip/ off-chip memory but also the communication bandwidth among these com-\nponents, providing quality-of-service guarantees. The resulting performance predictability improves parallel program performance, simplifies code autotuning and dynamic load balancing, supports real-time applications, and simplifies scheduling.\nOptional explicit control of the memory hierarchy. Caches were invented so hardware could manage a memory hierarchy without troubling the programmer. When it takes hundreds of clock cycles to go to memory, programmers and compilers try to reverse-engineer the hardware controllers to make better use of the hierarchy. This backward situation is especially apparent for hardware prefetchers when programmers try to create a particular pattern that will invoke good prefetching. Our approach aims to allow programmers to quickly turn a cache into an explicitly managed local store and the prefetch engines into explicitly controlled Direct Memory Access engines. To make it easy for programmers to port software to our architecture, we also support a traditional memory hierarchy. The lowoverhead mechanism we use allows programs to be composed of methods that rely on local stores and methods that rely on memory hierarchies.\nAccurate, complete counters of performance and energy. Sadly, performance counters on current single-core computers often miss important measurements (such as prefetched data) or are unique to a computer and only understandable by the machine’s designers. We will include performance enhancements in the Par Lab architecture only if they have counters to measure them accurately and coherently. Since energy is as important as performance, we also include energy counters so software can improve both. Moreover, these counters must be integrated with the software stack to provide insightful measurements to the efficiency-layer and productivity-layer programmers. Ideally, this research will lead to a standard for performance counters so schedulers and software development kits can count on them on any multicore.\nIntuitive performance model. The multicore diversity mentioned earlier exacerbates the already difficult jobs performed by programmers, compiler writers, and architects. Hence, we developed an easy-to-understand visual\nto save the it industry, researchers must demonstrate greater end-user value from an increasing number of cores.\n66 CommuniCAtions of the ACm | oCtobER 2009 | vol. 52 | No. 10\nCenter is pursuing deterministic models that allow programmers to reason with sequential semantics for testing while naturally exposing a parallel performance model for WYSIWYG performance. For reactive programs where parallelism is part of the problem, it is pursuing a shared-nothing approach that leverages actor-like models used in distributed systems. For application domains that allow greater specialization, it is developing a framework to generate domain-specific environments that either hide concurrency or expose only specialized forms of concurrency to the end user while exploiting domain-specific optimizations and performance measures. Initial applications and domains include teleimmersion via “virtual teleportation” (multimedia), dynamic real-time virtual environments (computer graphics), learning by reading, and authoring assistance (natural language processing).\nStanford. The Pervasive Parallelism Laboratory (http://ppl.stanford.edu/ wiki/index.php/Pervasive_Parallelism_ Laboratory) at Stanford University takes an application-driven approach toward parallel computing that extends from programming models down to hardware architecture. The key technical concepts are domain-specific languages for increasing programmer productivity and a common parallel runtime environment combining dynamic and static approaches for concurrency and locality management. There are domain-specific languages for artificial intelligence and robotics, business data analysis, and virtual worlds and gaming. The experimental platform is the Flexible Architecture Research Machine, or FARM, system, combining commercial processors with FPGAs in the memory fabric.\nGeorgia Tech. The Sony, Toshiba, IBM Center of Competence for the Cell Broadband Engine Processor (http://sti. cc.gatech.edu/) at Georgia Tech focuses on a single multicore computer, as its name suggests. Researchers explore versions of programs on Cell, including image compression6 and financial modeling.2 The Center also sponsors workshops and provides remote access to Cell hardware.\nRice University. The Habanero Multicore Software Project (http://habanero. rice.edu/Habanero_Home.html) at\nmodel with built-in performance guidelines to identify bottlenecks in the dozen dwarfs in Figure 3.29 The Roofline model plots computational and memorybandwidth limits, then determines the best possible performance of a kernel by examining the average number of operations per memory access. It also plots ceilings below the “roofline” to suggest the optimizations that might be useful for improving performance. One goal of the performances counters should be to provide everything needed to automatically create Roofiline models.\nA notable challenge from our earlier description of the hardware tower is how to rapidly innovate at the hardware/software interface, when it can take four to five years to build chips and run programs needed to evaluate them. Given the capacity of field-programmable gate arrays (FPGAs), researchers can prototype full hardware and software systems that run fast enough to investigate architectural innovations. This flexibility means researchers can “tape out” every day, rather than over years. We will leverage the Research Accelerator for Multiple Processors (RAMP) Project (http://ramp.eecs.berkeley.edu/) to build flexible prototypes fast enough to run full software stacks—including new operating systems and our five compelling applications—to enable rapid architecture innovation using future prototype software, rather than past benchmarks.28\nreasons for optimism Given the history of parallel computing, it’s easy to be pessimistic about our chances. The good news is that there are plausible reasons researchers could succeed this time:\nNo killer microprocessor. Unlike in the past, no one is building the faster serial microprocessor; programmers needing more performance have no option other than parallel hardware;\nNew measures of success. Rather than the traditional goal of linear speedup for all software as the number of processors increases, success can reflect improved responsiveness or MIPS/Joule for a few new parallel killer apps;\nAll the wood behind one arrow. As there is no alternative, the whole IT industry is committed, meaning many more people and companies are working on the problem;\nManycore synergy with cloud computing. SaaS applications in data centers with millions of users are naturally parallel and thus aligned with manycore, even if clients apps are not;\nVitality of open source software. The OSS community is a meritocracy, so it’s likely to embrace technical advances rather than be limited by legacy code. Though OSS has existed for years, it is more important commercially today than it was;\nSingle-chip multiprocessors enable innovation. Having all processors on the same chip enables inventions that were impractical or uneconomical when spread across many chips; and\nFPGA prototypes shorten the hardware/software cycle. Systems like RAMP help researchers explore designs of easy-to-program manycore architectures and build prototypes more quickly than they ever could with conventional hardware prototypes.\nGiven the importance of the challenges to our shared future in the IT industry, pessimism is not a sufficient excuse to sit on the sidelines. The sin is not lack of success but lack of effort.\nrelated Projects Computer science hasn’t solved the parallel challenge though not because it hasn’t tried. There could be a dozen conferences dedicated to parallelism, including Principles and Practice of Parallel Programming, Parallel Algorithms and Architectures, Parallel and Distributed Processing, and Supercomputing. All traditionally focus on high-performance computing; the target hardware is usually large-scale computers with thousands of microprocessors. Similarly, there are many high-performance computing research centers. Rather than review this material, here we highlight four centers focused on multicore computers and their approaches to the parallel challenge in academia:\nIllinois. The Universal Parallel Computing Research Center (http://www. upcrc.illinois.edu/) at the University of Illinois focuses on making it easy for domain experts to take advantage of parallelism, so the emphasis is more on productivity in specific domains than on generality or performance.1 It relies on advancing compiler technology to find opportunities for parallelism, whereas the Par Lab focuses on autotuning. The\noCtobER 2009 | vol. 52 | No. 10 | CommuniCAtions of the ACm 67\nRice University is developing languages, compilers, managed runtimes, concurrency libraries, and tools that support portable parallel abstractions with high productivity and high performance for multicores; examples include parallel language extensions25 and optimized synchronization primitives.24"
    }, {
      "heading" : "Conclusion",
      "text" : "We’ve provided a general view of the parallel landscape, suggesting that the goal of computer science should be making parallel computing productive, efficient, correct, portable, and scalable. We highlighted the importance of finding new compelling applications and the advantages of manycore and heterogeneous hardware. We also described the research of the Berkeley Par Lab. While it will take years to learn which of our ideas work well, we share it here as a concrete example of a coordinated attack on the problem.\nUnlike the traditional approach of making hardware king, the Par Lab is application-driven, working with domain experts to create compelling applications in music, image- and speech-recognition, health, and parallel browsers.\nThe software span connecting applications to hardware relies more on parallel software architectures than on parallel programming languages. Instead of traditional optimizing compilers, we depend on autotuners, using a combination of empirical search and performance modeling to create highly optimized libraries tailored to specific machines. By splitting the software stack into a productivity layer and an efficiency layer and targeting them at domain experts and programming experts respectively, we hope to bring parallel computing to all programmers while keeping domain experts productive and allowing expert programmers to achieve maximum efficiency. Our approach to correctness relies on verification where possible, then uses the same tools to reduce the amount of testing where verification is not possible.\nThe hardware tower of the Par Lab serves the software span and application tower. Examples of such service include support for OS partitioning, explicit control for the memory hierarchy, accurate measurement for performance and energy, and an intuitive, multicore\n10. Demmel, J., Dongarra, J., eijkhout, v., fuentes, e., Petitet, a., vuduc, r., Whaley, r., and yelick, K. selfadapting linear algebra algorithms and software. Proceedings of the IEEE, Special Issue on Program Generation, Optimization, and Adaptation 93, 2 (feb. 2005), 293–312. 11. engler, D.r. exokernel: an operating system architecture for application-level resource management. in Proceedings of the 15th Symposium on Operating Systems Principles (cooper Mountain, co, Dec. 3–6, 1995), 251–266. 12. gamma, e. et al. Design Patterns: Elements of Reusable Object-Oriented Software. addison-Wesley Professional, reading, Ma, 1994. 13. gelernter, D. and carriero, n. coordination languages and their significance. Commun. ACM 35, 2 (feb. 1992), 97–107. 14. henzinger, t.a. et al. Permissive interfaces. in Proceedings of the 10th European Software Engineering Conference (lisbon, Portugal, sept. 5–9). acM Press, new york, 2005, 31–40. 15. hill, M. and Marty, M. amdahl’s law in the multicore era. IEEE Computer 41, 7 (2008), 33–38. 16. international technology roadmap for semiconductors. executive summary, 2005 and 2007; http://public.itrs.net/. 17. Kantowitz, B. and sorkin, r. Human Factors: Understanding People-System Relationships. John Wiley & sons, inc., new york, 1983. 18. Mattson, t., sanders, B., and Massingill, B. Patterns for Parallel Programming. addison-Wesley Professional, reading, Ma, 2004. 19. o’hanlon, c. a conversation with John hennessy and David Patterson. Queue 4, 10 (Dec. 2005/Jan. 2006), 14–22. 20. Patterson, D. and hennessy, J. Computer Organization and Design: The Hardware/Software Interface, Fourth Edition. Morgan Kaufmann Publishers, Boston, Ma, nov. 2008. 21. sen, K. and viswanathan, M. Model checking multithreaded programs with asynchronous atomic methods. in Proceedings of the 18th International Conference on Computer-Aided Verification (seattle, Wa, aug. 17–20, 2006). 22. sen, K. et al. cute: a concolic unit testing engine for c. in Proceedings of the Fifth Joint Meeting European Software Engineering Conference (lisbon, Portugal, sept. 5–9). acM Press, new york, 2005, 263–272. 23. shaw, M. and garlan, D. An Introduction to Software Architecture. technical report cMu/sei-94-tr-21, esc-tr-94-21. cMu software engineering institute, carnegie Mellon university, Pittsburgh, Pa, 1994. 24. shirako, J., Peixotto, D., sarkar, v., and scherer, W. Phasers: a unified deadlock-free construct for collective and point-to-point synchronization. in Proceedings of the 22nd ACM International Conference on Supercomputing (island of Kos, greece, June 7–12). acM Press, new york, 2008, 277–288. 25. shirako, J., Kasahara, h., and sarkar, v. language extensions in support of compiler parallelization. in Proceedings of the 20th Workshop on Languages and Compilers for Parallel Computing (urbana, il, oct. 11–13). springer-verlag, Berlin, 2007, 78–94. 26. thomas, D. et al. Agile Web Development with Rails, Second Edition. the Pragmatic Bookshelf, raleigh, nc, 2008. 27. uPc language specifications, version 1.2. technical report lBnl-59208. lawrence Berkeley national laboratory, Berkeley, ca, 2005. 28. Wawrzynek, J. et al. raMP: research accelerator for Multiple Processors. IEEE Micro 27, 2 (Mar. 2007), 46–57. 29. Williams, s., Waterman, a., and Patterson, D. roofline: an insightful visual performance model for floatingpoint programs and multicore architectures. Commun. ACM 52, 4 (apr. 2009), 65–76. 30. Williams, s. et al. lattice Boltzmann simulation optimization on leading multicore platforms. in Proceedings of the 22nd IEEE International Parallel and Distributed Processing Symposium (Miami, fl, apr. 14–18, 2008). 31. Williams, s. et al. optimization of sparse matrix-vector multiplication on emerging multicore platforms. in Proceedings of the Supercomputing (SC07) Conference (reno, nv, nov. 10–16). acM Press, new york, 2007.\nthe authors are all affiliated with the Par lab (http://parlab. eecs.berkeley.edu/) at the university of california, Berkeley.\n© 2009 acM 0001-0782/09/1000 $10.00\nperformance model. We also plan to try to scrape off the barnacles that have accumulated on the hardware/software stack over the years.\nThis parallel challenge offers the worldwide research community an opportunity to help IT remain a growth industry, sustain the parts of the worldwide economy that depend on the continuous improvement in IT cost-performance, and take a once-in-a-career chance to reinvent the whole software/ hardware stack. Though there are reasons for optimism, the difficulty of the challenge is reflected in the numerous parallel failures of the past.\nCombining upside and downside, this research challenge represents the most significant of all IT challenges over the past 50 years. We hope many more innovators will join this quest to build a parallel bridge."
    }, {
      "heading" : "Acknowledgments",
      "text" : "This research is sponsored by the Universal Parallel Computing Research Center, which is funded by Intel and Microsoft (Award # 20080469) and by matching funds from U.C. Discovery (Award #DIG07-10227). Additional support comes from the Par Lab Affiliate companies: National Instruments, NEC, Nokia, NVIDIA, and Samsung. We wish to thank our colleagues in the Par Lab and the Lawrence Berkeley National Laboratory collaborations who shaped these ideas.\nReferences 1. adve, s. et al. Parallel Computing Research at Illinois:\nThe UPCRC Agenda. White Paper. university of illinois, urbana-champaign, il, nov. 2008. 2. agarwal, v., liu, l.-K., and Bader, D. financial modeling on the cell broadband engine. in Proceedings of 22nd IEEE International Parallel and Distributed Processing Symposium (Miami, fl, apr. 14–18, 2008). 3. alexander, c. et al. A Pattern Language: Towns, Buildings, Construction. oxford university Press, 1997. 4. asanovic, K. et al. The Parallel Computing Laboratory at U.C. Berkeley: A Research Agenda Based on the Berkeley View. ucB/eecs-2008-23, university of california, Berkeley, Mar. 21, 2008. 5. asanovic, K. et al. The Landscape of Parallel Computing Research: A View from Berkeley. ucB/eecs-2006-183, university of california, Berkeley, Dec. 18, 2006. 6. Bader, D.a. and Patel, s. high-performance MPeg-2 software decoder on the cell broadband engine. in Proceedings of the 22nd IEEE International Parallel and Distributed Processing Symposium (Miami, fl, apr. 14–18, 2008). 7. Buschmann, f. et al. Pattern-Oriented Software Architecture: A System of Patterns. John Wiley & sons, inc., new york, 1996. 8. clarke, D.g. et al. ownership types for flexible alias protection. in Proceedings of the OOPSLA Conference (vancouver, Bc, canada, 1998), 48–64. 9. Datta, K. et al. stencil computation optimization and autotuning on state-of-the-art multicore architectures. in Proceedings of the ACM/IEEE Supercomputing (SC) 2008 Conference (austin, tX, nov. 15–21). ieee Press, Piscataway, nJ, 2008."
    } ],
    "references" : [ {
      "title" : "Parallel Computing Research at Illinois: The UPCRC Agenda",
      "author" : [ "adve" ],
      "venue" : "White Paper. university of illinois,",
      "citeRegEx" : "1",
      "shortCiteRegEx" : "1",
      "year" : 2008
    }, {
      "title" : "financial modeling on the cell broadband engine",
      "author" : [ "agarwal", "liu", "l.-K", "D. Bader" ],
      "venue" : "Proceedings of 22nd IEEE International Parallel and Distributed Processing Symposium (Miami, fl, apr",
      "citeRegEx" : "2",
      "shortCiteRegEx" : "2",
      "year" : 2008
    }, {
      "title" : "A Pattern Language: Towns, Buildings, Construction",
      "author" : [ "alexander" ],
      "venue" : "oxford university Press,",
      "citeRegEx" : "3",
      "shortCiteRegEx" : "3",
      "year" : 1997
    }, {
      "title" : "The Parallel Computing Laboratory at U.C. Berkeley: A Research Agenda",
      "author" : [ "K asanovic" ],
      "venue" : "Based on the Berkeley View. ucB/eecs-2008-23, university of california,",
      "citeRegEx" : "4",
      "shortCiteRegEx" : "4",
      "year" : 2008
    }, {
      "title" : "The Landscape of Parallel Computing Research: A View from Berkeley. ucB/eecs-2006-183, university of california",
      "author" : [ "K asanovic" ],
      "venue" : null,
      "citeRegEx" : "5",
      "shortCiteRegEx" : "5",
      "year" : 2006
    }, {
      "title" : "high-performance MPeg-2 software decoder on the cell broadband engine",
      "author" : [ "Bader", "D.a", "Patel" ],
      "venue" : "Proceedings of the 22nd IEEE International Parallel and Distributed Processing Symposium (Miami, fl, apr",
      "citeRegEx" : "6",
      "shortCiteRegEx" : "6",
      "year" : 2008
    }, {
      "title" : "Pattern-Oriented Software Architecture: A System of Patterns",
      "author" : [ "Buschmann" ],
      "venue" : null,
      "citeRegEx" : "7",
      "shortCiteRegEx" : "7",
      "year" : 1996
    }, {
      "title" : "ownership types for flexible alias protection",
      "author" : [ "clarke", "D.g" ],
      "venue" : "Proceedings of the OOPSLA Conference (vancouver, Bc, canada,",
      "citeRegEx" : "8",
      "shortCiteRegEx" : "8",
      "year" : 1998
    }, {
      "title" : "stencil computation optimization and autotuning on state-of-the-art multicore architectures",
      "author" : [ "K Datta" ],
      "venue" : "Proceedings of the ACM/IEEE Supercomputing (SC) 2008 Conference (austin, tX, nov",
      "citeRegEx" : "9",
      "shortCiteRegEx" : "9",
      "year" : 2008
    } ],
    "referenceMentions" : [ {
      "referenceID" : 4,
      "context" : "Hence, the leap to multicore is not based on a breakthrough in programming or architecture and is actually a retreat from the more difficult task of building power-efficient, high-clock-rate, single-core chips.(5) Many startups have sold parallel computers over the years, but all failed, as programmers accustomed to continuous improvement in sequential performance saw little need to explore parallelism.",
      "startOffset" : 210,
      "endOffset" : 213
    }, {
      "referenceID" : 4,
      "context" : "There is a technology sweet spot around a pipelined processor of fi ve-to-eight stages that is most effi cient in terms of performance per joule and silicon area.(5) Using simple cores means there is room for hundreds of them on the same chip.",
      "startOffset" : 162,
      "endOffset" : 165
    }, {
      "referenceID" : 4,
      "context" : "In this example of manycore processor speedup, a fat core needing 10 times as many resources would be more effective than the 10 thin cores it replaces.(5,15) One notable challenge for the hardware tower is that it takes four to fi ve years to design and build chips and port software to evaluate them.",
      "startOffset" : 152,
      "endOffset" : 158
    }, {
      "referenceID" : 2,
      "context" : "” As explored in his 1977 book, civil architect Christopher Alexander wrote that “design patterns” describe time-tested solutions to recurring problems within a well-defined context.(3) An example is Alexander’s “family of entrances” pattern, addressing how to simplify comprehension of multiple entrances for a first-time visitor to a site.",
      "startOffset" : 182,
      "endOffset" : 185
    }, {
      "referenceID" : 6,
      "context" : "That these architectural styles may also be viewed as design patterns was noted earlier by Buschmann in his 1996 book Pattern-Oriented Software Architecture.(7) In particular, we adopted Pipe-and-Filter, Agent-and-Repository, Process Control, and Event-Based architectural styles as structural patterns within our pattern language.",
      "startOffset" : 157,
      "endOffset" : 160
    }, {
      "referenceID" : 0,
      "context" : "edu/) at the University of Illinois focuses on making it easy for domain experts to take advantage of parallelism, so the emphasis is more on productivity in specific domains than on generality or performance.(1) It relies on advancing compiler technology to find opportunities for parallelism, whereas the Par Lab focuses on autotuning.",
      "startOffset" : 209,
      "endOffset" : 212
    } ],
    "year" : 2009,
    "abstractText" : null,
    "creator" : "Adobe InDesign CS3 (5.0.4)"
  }
}