{
  "name" : "acm_10.1145##155332.155333.pdf",
  "metadata" : {
    "source" : "CRF",
    "title" : "LogP: Towards a Realistic Model of Parallel Computation",
    "authors" : [ "David Culler", "David Patterson", "Abhijit Sahay", "Klaus Erik Schauser", "Eunice Santos", "Ramesh Subramonian", "Thorsten von Eicken" ],
    "emails" : [ ],
    "sections" : null,
    "references" : [ {
      "title" : "0ss Communication Latency in PRAM Computation",
      "author" : [ "A. Aggarwal", "A.K. Chandra", "andM. Snir" ],
      "venue" : "In Proceedings of the ACM Symposium on Parallel Algorithms and Architectures,",
      "citeRegEx" : "12",
      "shortCiteRegEx" : "12",
      "year" : 1989
    }, {
      "title" : "Parallelism in Random Access Machines",
      "author" : [ "S. Fortune", "J. Wyllie" ],
      "venue" : "In Proceedings of the IOth Annual Symposium on Theory of Computing,",
      "citeRegEx" : "19",
      "shortCiteRegEx" : "19",
      "year" : 1989
    }, {
      "title" : "Optimal Broadcast and Summation in the LogP Model. Technical Report UCB/CSD 92/721",
      "author" : [ "R.M. Karp", "A. Sahay", "E. Santos", "K.E. Schauser" ],
      "venue" : "UC Berkeley,",
      "citeRegEx" : "20",
      "shortCiteRegEx" : "20",
      "year" : 1992
    }, {
      "title" : "Efficient robust parallel computations",
      "author" : [ "Z.M. Kedem", "K.V. Palem", "P.G. Spirakis" ],
      "venue" : "In Proceedings of the 22nd Annual Symposium on Theory of Computing,",
      "citeRegEx" : "21",
      "shortCiteRegEx" : "21",
      "year" : 1990
    }, {
      "title" : "Raghunathan.Asynchronous PRAMs with memory latency",
      "author" : [ "A.C.U. Martel" ],
      "venue" : "Technical repo~ University of Califomi% Davis, Division of Computer Science,",
      "citeRegEx" : "22",
      "shortCiteRegEx" : "22",
      "year" : 1991
    }, {
      "title" : "Randomized and deterministic simulations of PRAMs by parallel machines with restricted granularity of parallel memories",
      "author" : [ "K. Mehlhom", "U. Vishkin" ],
      "venue" : "Acts Informatica,",
      "citeRegEx" : "23",
      "shortCiteRegEx" : "23",
      "year" : 1984
    }, {
      "title" : "Towards an Architecture-Independent Analysis of Parallel Algorithms",
      "author" : [ "C.H. Papadimitriou", "M. Yannakakis" ],
      "venue" : "In Proceedings of the Twentieth Annual ACM Symposium of the Theory of Computing,",
      "citeRegEx" : "24",
      "shortCiteRegEx" : "24",
      "year" : 1988
    }, {
      "title" : "Monsoon: an Explicit Token-Store Architecture",
      "author" : [ "G.M. Papadopoulos", "D.E. Culler" ],
      "venue" : "In Proc. of the 17th Annual Int. Symp. on Comp. Arch.,",
      "citeRegEx" : "25",
      "shortCiteRegEx" : "25",
      "year" : 1990
    }, {
      "title" : "How to emulate shared memory .InProceedirtgs of the 28th",
      "author" : [ "A.G. Ranade" ],
      "venue" : "IEEE Annual Symposium on Foundations of Computer Science,",
      "citeRegEx" : "26",
      "shortCiteRegEx" : "26",
      "year" : 1987
    }, {
      "title" : "Hiding Communication Costs in Bandwidth- Limited Parallel FFT Computation",
      "author" : [ "A. Sahay" ],
      "venue" : "Technical Report UCB/CSD",
      "citeRegEx" : "27",
      "shortCiteRegEx" : "27",
      "year" : 1992
    }, {
      "title" : "Type Architectures, Shared Memory, and the Corollary of Modest Potential",
      "author" : [ "L. Snyder" ],
      "venue" : "In Anrs. Rev. CornPut. Sci.,",
      "citeRegEx" : "28",
      "shortCiteRegEx" : "28",
      "year" : 1986
    }, {
      "title" : "The influence of limited bandwidth on algorithm design and implementation. In Dartmouth Institute for Advanced Graduate Studies in Parallel Computation (DAGSIPC)",
      "author" : [ "R. Subramonian" ],
      "venue" : null,
      "citeRegEx" : "29",
      "shortCiteRegEx" : "29",
      "year" : 1992
    }, {
      "title" : "A Bridging Model for Parallel Computation",
      "author" : [ "L.G. Valiant" ],
      "venue" : "Communications of the Association for Computing Machinery,",
      "citeRegEx" : "30",
      "shortCiteRegEx" : "30",
      "year" : 1990
    }, {
      "title" : "Active Messages: a Mechanism for Integrated Communication and Computation",
      "author" : [ "T. von Eicken", "D.E. Culler", "S.C. Goldstein", "K.E. Schauser" ],
      "venue" : "In Proc. of the 19th Irst’1 Symposium on Computer Architecture, Gold CoasL Australia,",
      "citeRegEx" : "31",
      "shortCiteRegEx" : "31",
      "year" : 1992
    } ],
    "referenceMentions" : [ {
      "referenceID" : 10,
      "context" : "50 Surprisingly fast algorithms can be developed by exploiting these loopholes, but in many cases the algorithms perform poorly under more realiitic assumptions [28].",
      "startOffset" : 161,
      "endOffset" : 165
    }, {
      "referenceID" : 1,
      "context" : "Several variations on the PRAM have attempted to identify restrictions that would make it more practical while preserving much of its simplicity [1, 2, 14, 19, 23, 24].",
      "startOffset" : 145,
      "endOffset" : 167
    }, {
      "referenceID" : 5,
      "context" : "Several variations on the PRAM have attempted to identify restrictions that would make it more practical while preserving much of its simplicity [1, 2, 14, 19, 23, 24].",
      "startOffset" : 145,
      "endOffset" : 167
    }, {
      "referenceID" : 6,
      "context" : "Several variations on the PRAM have attempted to identify restrictions that would make it more practical while preserving much of its simplicity [1, 2, 14, 19, 23, 24].",
      "startOffset" : 145,
      "endOffset" : 167
    }, {
      "referenceID" : 12,
      "context" : "The bulk-synchronous parallel model (IMP) developed by Valiant[30] attempts to bridge theory and practice with a more radical departure from the PRAM.",
      "startOffset" : 62,
      "endOffset" : 66
    }, {
      "referenceID" : 8,
      "context" : "ogP, multithreadittg represents a convenient tectilque which simplifies analysis, as long as these constraints are me~ rather than a fundamental requirement[26, 30].",
      "startOffset" : 156,
      "endOffset" : 164
    }, {
      "referenceID" : 12,
      "context" : "ogP, multithreadittg represents a convenient tectilque which simplifies analysis, as long as these constraints are me~ rather than a fundamental requirement[26, 30].",
      "startOffset" : 156,
      "endOffset" : 164
    }, {
      "referenceID" : 0,
      "context" : "Shared memory models are implemented on distributed memory machines through an implicit exchange of messages[12].",
      "startOffset" : 108,
      "endOffset" : 112
    }, {
      "referenceID" : 2,
      "context" : "The pattern of communication among the processors again forms a Iree; in fac~ the tree has the same shape as an optimal broadcast tree[20].",
      "startOffset" : 134,
      "endOffset" : 138
    }, {
      "referenceID" : 6,
      "context" : "Our algorithm is a special case of the “layered” FIT algorithm proposed in [24] and adapted for the BSP model[30].",
      "startOffset" : 75,
      "endOffset" : 79
    }, {
      "referenceID" : 12,
      "context" : "Our algorithm is a special case of the “layered” FIT algorithm proposed in [24] and adapted for the BSP model[30].",
      "startOffset" : 109,
      "endOffset" : 113
    }, {
      "referenceID" : 6,
      "context" : "These earlier models do not emphasize the communication schedule: [24] has no bandwidth limitations and hence no contention, whereas [30] places the scheduling burden on the router which is assumed to be capable of routing any balanced pattern in the desired amount of time.",
      "startOffset" : 66,
      "endOffset" : 70
    }, {
      "referenceID" : 12,
      "context" : "These earlier models do not emphasize the communication schedule: [24] has no bandwidth limitations and hence no contention, whereas [30] places the scheduling burden on the router which is assumed to be capable of routing any balanced pattern in the desired amount of time.",
      "startOffset" : 133,
      "endOffset" : 137
    }, {
      "referenceID" : 9,
      "context" : "The remap can be merged into the computation phases, as in the optimal algorhhms[27].",
      "startOffset" : 80,
      "endOffset" : 84
    }, {
      "referenceID" : 7,
      "context" : "1 60 Monsoon[25] Butterfly 20 16 10 2 5 30",
      "startOffset" : 12,
      "endOffset" : 16
    }, {
      "referenceID" : 13,
      "context" : "The final two rows show the inherent hardware overheads of these machines, as revealed by the Active Message layer[31].",
      "startOffset" : 114,
      "endOffset" : 118
    }, {
      "referenceID" : 7,
      "context" : "The table also includes three research machines that have focused on optimizing the processor network interface: Dash[ 12] for a shared memory model, J-machine[l O] for a message driven model, and Monsoon[25] for a dataflow model.",
      "startOffset" : 204,
      "endOffset" : 208
    }, {
      "referenceID" : 8,
      "context" : "It has been suggested that the PRAM can serve as a good model for expressing the logical structure of parallel algorithms, and that implementation of these algorithms can be achieved by general-purpose simulations of the PRAM on distributed-memory machines [26].",
      "startOffset" : 257,
      "endOffset" : 261
    }, {
      "referenceID" : 1,
      "context" : "Memory Contention: The Module Parallel Computer [19, 23] differs from the PRAM by assuming that the memory is divided into modules, each of which can process one access request at a time.",
      "startOffset" : 48,
      "endOffset" : 56
    }, {
      "referenceID" : 5,
      "context" : "Memory Contention: The Module Parallel Computer [19, 23] differs from the PRAM by assuming that the memory is divided into modules, each of which can process one access request at a time.",
      "startOffset" : 48,
      "endOffset" : 56
    }, {
      "referenceID" : 3,
      "context" : "Other proposals for asynchrony include[7, 18, 21].",
      "startOffset" : 38,
      "endOffset" : 49
    }, {
      "referenceID" : 4,
      "context" : "h asynchronous variant which differs in that it allows more than one outstanding memory request has been studied in [22].",
      "startOffset" : 116,
      "endOffset" : 120
    }, {
      "referenceID" : 10,
      "context" : "The observation of the deficiencies of the PRAM led Snyder to conclude it was unrealizable and to develop the Candidate Type Architecture (CTA) as an altemative[28].",
      "startOffset" : 160,
      "endOffset" : 164
    }, {
      "referenceID" : 12,
      "context" : "Valiant’s Bulk Synchronous Parallel (BSP) model is closely aligned with our goals, as it seeks to bridge the gap between theoretical work and practical machines [30].",
      "startOffset" : 161,
      "endOffset" : 165
    } ],
    "year" : 1997,
    "abstractText" : "A vast body of theoretical research hea focused either on overly SimpKStiC models of parallel computation, notably the PRAM or overly specific models that have few representatives in the real world. Both kinds of models encourage exploitation of formal loopholes, rather than rewarding development of techrdques that yield performance across a range of current and future parallel machines. This paper offers a new parallel machine model, called lLogP, that reflects the critical technology trends underlying parallel computers. It is intended to serve as a basis for developing fas~ portable parallel algorithms and to offer guidelines to machme designers. Such a model must strike a balance between detail and simplicity in order to reveal important bottlenecks without making analysis of interesting problems intractable. The model is based on four parameters that specify abstractly the computing bandwidth, the communication bandwidth, the communication delay, and the efficiency of couplimg communication and computation. Portable parallel algorithms typically adapt to the machine configuration, in Terms of these parameters. The utility of the model is demonstrated through examples that are implemented on the CM-5.",
    "creator" : "ACM"
  }
}